date,sector,sentiment_index,tradable_sentiment_index,smoothed_tradable_index,article_count,covered_tickers,coverage_confidence
2020-01-02,Comm,0.08718,0.0,0.0,11,4,0.5517580401956801
2020-01-02,Consumer,-0.06894547619047618,0.0,0.0,22,5,0.9019957877111602
2020-01-02,Energy,0.19246166666666667,0.0,0.0,21,5,0.7179949597060651
2020-01-02,Financials,0.10184933333333335,0.0,0.0,12,5,0.654683073631623
2020-01-02,Healthcare,0.21549047619047618,0.0,0.0,23,5,0.8801387880522502
2020-01-02,Industrials,0.08408,0.0,0.0,13,5,0.6657351714118194
2020-01-02,Materials,0.10974999999999999,0.0,0.0,7,3,0.4343146913748387
2020-01-02,RealEstate,0.007240000000000002,0.0,0.0,3,2,0.1624278110061505
2020-01-02,Tech,0.06159097435897436,0.0,0.0,25,4,0.5374794659095857
2020-01-02,Utilities,0.12738,0.0,0.0,1,1,0.03625384938440364
2020-01-03,Comm,0.05423,0.08718,0.007925454545454545,3,2,0.1624278110061505
2020-01-03,Consumer,-0.17423333333333332,-0.06894547619047618,-0.0062677705627705626,10,4,0.5764431445089249
2020-01-03,Energy,-0.02783772727272728,0.19246166666666667,0.017496515151515152,28,5,0.7733672028180965
2020-01-03,Financials,0.05045500000000001,0.10184933333333335,0.009259030303030304,8,3,0.4256551904028505
2020-01-03,Healthcare,0.083755,0.21549047619047618,0.01959004329004329,6,2,0.2515700837116072
2020-01-03,Industrials,-0.12487999999999999,0.08408,0.007643636363636364,7,4,0.5679499810286353
2020-01-03,Materials,-0.028300000000000002,0.10974999999999999,0.009977272727272727,3,2,0.1624278110061505
2020-01-03,RealEstate,-0.03842000000000001,0.007240000000000002,0.0006581818181818184,5,3,0.2873275267402535
2020-01-03,Tech,0.0784682142857143,0.06159097435897436,0.005599179487179488,17,4,0.4858349999677666
2020-01-03,Utilities,0.06874,0.12738,0.011580000000000002,4,2,0.1762147314824891
2020-01-06,Comm,0.10428583333333333,0.05423,0.01213495867768595,16,3,0.47224014573372747
2020-01-06,Consumer,0.11205806372549018,-0.17423333333333332,-0.02153736717827627,44,5,0.6606512562343396
2020-01-06,Energy,0.08543969696969697,-0.02783772727272728,0.01337522038567493,34,5,0.8428558218460521
2020-01-06,Financials,0.226022,0.05045500000000001,0.013004118457300276,12,5,0.6891400775069715
2020-01-06,Healthcare,0.32718,0.083755,0.02542322117276663,12,5,0.6891400775069715
2020-01-06,Industrials,0.044117222222222224,-0.12487999999999999,-0.0044039669421487605,14,3,0.3756759749499127
2020-01-06,Materials,-0.055811999999999994,-0.028300000000000002,0.006497520661157023,9,4,0.4361986455100096
2020-01-06,RealEstate,0.08879999999999999,-0.03842000000000001,-0.0028943801652892573,4,3,0.2936912191374818
2020-01-06,Tech,-0.013116666666666665,0.0784682142857143,0.012223637196137196,13,5,0.6135206481638334
2020-01-06,Utilities,0.009050000000000002,0.06874,0.016776363636363638,6,4,0.5031401674232144
2020-01-07,Comm,0.20616666666666666,0.10428583333333333,0.02051231091910844,5,3,0.2873275267402535
2020-01-07,Consumer,0.1472385,0.11205806372549018,-0.009392328005206589,22,5,0.7837012581752703
2020-01-07,Energy,0.04761,0.08543969696969697,0.019926536438767843,12,3,0.4849504249123133
2020-01-07,Financials,0.11242,0.226022,0.032369380415727525,11,4,0.5004317108751516
2020-01-07,Healthcare,0.10573733333333335,0.32718,0.052855655611606024,15,5,0.7009767528433791
2020-01-07,Industrials,0.024045714285714285,0.044117222222222224,7.050254612237656e-06,13,4,0.46700825457247047
2020-01-07,Materials,0.07636,-0.055811999999999994,0.0008330187828700208,3,3,0.27071301834358413
2020-01-07,RealEstate,0.14006000000000002,0.08879999999999999,0.005441472577009766,2,2,0.13187198158574429
2020-01-07,Tech,0.007282142857142857,-0.013116666666666665,0.009919973208609573,21,4,0.6250171951398121
2020-01-07,Utilities,0.12738,0.009050000000000002,0.01607396694214876,1,1,0.03625384938440364
2020-01-08,Comm,0.154382,0.20616666666666666,0.037389979623431914,20,4,0.5774613888889798
2020-01-08,Consumer,0.05741,0.1472385,0.004846838177084919,16,4,0.5456997239589739
2020-01-08,Energy,0.00814166666666668,0.04761,0.022443214944334402,17,5,0.8097249999462776
2020-01-08,Financials,0.28060999999999997,0.11242,0.0396467094688432,4,3,0.2936912191374818
2020-01-08,Healthcare,0.1542911111111111,0.10573733333333335,0.05766308085903578,13,3,0.34384124237753316
2020-01-08,Industrials,0.020617142857142858,0.024045714285714285,0.0021923833483487873,12,3,0.422376176536531
2020-01-08,Materials,-0.039839999999999993,0.07636,0.007699107984427291,6,2,0.2515700837116072
2020-01-08,RealEstate,-0.040319999999999995,0.14006000000000002,0.01767952052455433,3,2,0.1624278110061505
2020-01-08,Tech,0.0699545,0.007282142857142857,0.009680170449385326,22,4,0.5558811249847847
2020-01-08,Utilities,0.16784000000000002,0.12738,0.02619269722013524,3,3,0.27071301834358413
2020-01-09,Comm,0.16018,0.154382,0.04802561783948355,6,5,0.6289252092790181
2020-01-09,Consumer,0.35117341269841273,0.05741,0.009625307433713565,25,5,0.7808663938686434
2020-01-09,Energy,0.08280800000000002,0.00814166666666668,0.021143074191819156,10,4,0.5086263039784631
2020-01-09,Financials,0.28017733333333333,0.28060999999999997,0.06155246315349382,11,5,0.5815827991251763
2020-01-09,Healthcare,0.17972666666666667,0.1542911111111111,0.06644744724558807,8,3,0.3929124834487851
2020-01-09,Industrials,0.06430333333333334,0.020617142857142858,0.0038673614855118848,9,5,0.7116925268847526
2020-01-09,Materials,0.025453333333333335,-0.039839999999999993,0.0033773708949339,6,3,0.3593858338737245
2020-01-09,RealEstate,0.0,-0.040319999999999995,0.012406836840503938,1,1,0.03625384938440364
2020-01-09,Tech,0.149948,0.0699545,0.015159654953986659,17,5,0.7449469999505752
2020-01-09,Utilities,0.059199999999999996,0.16784000000000002,0.039069724745577496,5,4,0.45151468487754115
2020-01-10,Comm,0.028676666666666673,0.16018,0.058221470763166874,8,4,0.5675402538704672
2020-01-10,Consumer,0.004144000000000004,0.35117341269841273,0.04067513518504985,15,5,0.7247386766685783
2020-01-10,Energy,0.07396200000000001,0.08280800000000002,0.026748976538017416,15,5,0.806784564593323
2020-01-10,Financials,0.13161499999999998,0.28017733333333333,0.08142745135166105,7,3,0.351588083493917
2020-01-10,Healthcare,0.24778000000000003,0.17972666666666667,0.07674555810204978,12,5,0.8183538420395288
2020-01-10,Industrials,0.05552999999999999,0.06430333333333334,0.009361540744404744,8,3,0.4256551904028505
2020-01-10,Materials,-0.08571999999999999,0.025453333333333335,0.0053842765711520305,4,4,0.4405368287062228
2020-01-10,RealEstate,-0.08412,0.0,0.011278942582276307,6,5,0.6289252092790181
2020-01-10,Tech,0.24549266666666666,0.149948,0.0274131408672606,21,4,0.7688264612781759
2020-01-10,Utilities,0.12489666666666666,0.059199999999999996,0.04089974976870681,7,4,0.49222331689148385
2020-01-13,Comm,0.0006191666666666678,0.028676666666666673,0.055535579481666854,14,2,0.36816245545091464
2020-01-13,Consumer,0.08908528571428571,0.004144000000000004,0.037354122895499865,29,5,0.6524932501627541
2020-01-13,Energy,0.1467735,0.07396200000000001,0.031041069580015835,19,5,0.6596713109531295
2020-01-13,Financials,0.18195285714285714,0.13161499999999998,0.08598995577423732,33,5,0.7423334875133858
2020-01-13,Healthcare,0.13385750000000002,0.24778000000000003,0.09229414372913615,24,5,0.892593227655882
2020-01-13,Industrials,0.059236666666666674,0.05552999999999999,0.013558673404004315,10,4,0.4117451032206606
2020-01-13,Materials,0.22369999999999995,-0.08571999999999999,-0.002897930389861791,4,2,0.1762147314824891
2020-01-13,RealEstate,0.0866,-0.08412,0.002606311438433006,3,1,0.09023767278119472
2020-01-13,Tech,0.23062241666666666,0.24549266666666666,0.04723855230357024,39,5,0.7022525603219268
2020-01-13,Utilities,0.005279999999999999,0.12489666666666666,0.04853583312306679,6,4,0.4192834728526786
2020-01-14,Comm,0.053013333333333336,0.0006191666666666678,0.050543178316666826,4,2,0.1762147314824891
2020-01-14,Consumer,0.042910000000000004,0.08908528571428571,0.042056955879025845,19,5,0.44958490619098623
2020-01-14,Energy,0.19976833333333333,0.1467735,0.04156219961819621,23,5,0.926871821046175
2020-01-14,Financials,0.040225000000000004,0.18195285714285714,0.0947138558986573,38,5,0.5446329615585327
2020-01-14,Healthcare,0.25889999999999996,0.13385750000000002,0.09607263066285104,9,4,0.5879199135134913
2020-01-14,Industrials,0.102711,0.059236666666666674,0.017711218246064527,10,3,0.4117451032206606
2020-01-14,Materials,0.061419999999999995,0.22369999999999995,0.017701881463762007,4,2,0.2202684143531114
2020-01-14,RealEstate,0.029599999999999998,0.0866,0.01024210130766637,2,1,0.06593599079287214
2020-01-14,Tech,0.13791199999999998,0.23062241666666666,0.06390981270021537,12,3,0.48495042491231327
2020-01-14,Utilities,0.17563,0.005279999999999999,0.04460348465733345,5,3,0.35117808823808755
2020-01-15,Comm,0.00041833333333333165,0.053013333333333336,0.05076773786363651,9,3,0.4662813107175965
2020-01-15,Consumer,0.09889771428571428,0.042910000000000004,0.04213450534456895,27,4,0.5057194512145193
2020-01-15,Energy,0.14825166666666664,0.19976833333333333,0.0559445754104814,13,5,0.8456635961177164
2020-01-15,Financials,0.07032295238095239,0.040225000000000004,0.0897603235442339,36,5,0.7573289033873355
2020-01-15,Healthcare,0.13796,0.25889999999999996,0.11087511878441003,12,3,0.5455692280263525
2020-01-15,Industrials,-0.07338499999999998,0.102711,0.025438471132785932,10,4,0.6176176548309908
2020-01-15,Materials,0.06919333333333334,0.061419999999999995,0.021676255876147278,4,2,0.1762147314824891
2020-01-15,RealEstate,0.033055,0.029599999999999998,0.012001910279696701,7,2,0.2953339901348903
2020-01-15,Tech,0.03681566666666667,0.13791199999999998,0.07063728427292307,24,5,0.601325963894489
2020-01-15,Utilities,0.08294,0.17563,0.05651498605212132,10,4,0.4117451032206606
2020-01-16,Comm,0.11389,0.00041833333333333165,0.046190519269972585,17,4,0.6277643258010465
2020-01-16,Consumer,0.17721542857142858,0.09889771428571428,0.047294797066491256,19,4,0.46744920709923743
2020-01-16,Energy,0.10285428571428572,0.14825166666666664,0.0643361291610437,13,3,0.41719404075140687
2020-01-16,Financials,0.1293460341880342,0.07032295238095239,0.08799328980211739,46,5,0.5289465501564283
2020-01-16,Healthcare,0.10014500000000001,0.13796,0.11333738071310004,8,4,0.4643511168031096
2020-01-16,Industrials,0.11426666666666667,-0.07338499999999998,0.016454519211623574,4,2,0.1762147314824891
2020-01-16,Materials,0.08808,0.06919333333333334,0.025995990190436923,4,4,0.4405368287062228
2020-01-16,RealEstate,0.1486,0.033055,0.013915827526996999,3,3,0.27071301834358413
2020-01-16,Tech,0.19904444444444444,0.03681566666666667,0.06756259176326337,19,4,0.5646786421758788
2020-01-16,Utilities,0.09747333333333333,0.08294,0.05891726004738301,11,4,0.6520776838676219
2020-01-17,Comm,0.038040000000000004,0.11389,0.0523450175181569,8,3,0.34052415232228034
2020-01-17,Consumer,0.08010533333333332,0.17721542857142858,0.059105763566940105,23,5,0.7758260428016132
2020-01-17,Energy,0.11957022222222222,0.10285428571428572,0.06783777975679298,31,4,0.49308468748510015
2020-01-17,Financials,0.10800399999999999,0.1293460341880342,0.0917526302008371,17,5,0.48583499996776647
2020-01-17,Healthcare,0.12024333333333333,0.10014500000000001,0.11213807337554549,11,3,0.43915435852309226
2020-01-17,Industrials,0.21603666666666665,0.11426666666666667,0.025346532616627494,12,4,0.5237464589052984
2020-01-17,Materials,0.18836,0.08808,0.03163999108221539,5,3,0.35117808823808755
2020-01-17,RealEstate,0.07486,0.1486,0.026159843206360906,3,2,0.1624278110061505
2020-01-17,Tech,0.12132146686646687,0.19904444444444444,0.07951548746155257,38,5,0.793009531939622
2020-01-17,Utilities,0.14194133333333334,0.09747333333333333,0.06242235761883304,17,5,0.5125782109751665
2020-01-21,Comm,-0.022039999999999997,0.038040000000000004,0.05104456138014263,19,4,0.42778685013324147
2020-01-21,Consumer,0.07501431818181818,0.08010533333333332,0.06101481536388494,51,5,0.43749425063096764
2020-01-21,Energy,0.13867028571428572,0.11957022222222222,0.07254072907183198,28,4,0.5962602098063187
2020-01-21,Financials,0.15074444444444446,0.10800399999999999,0.09323002745530645,29,5,0.868864068869574
2020-01-21,Healthcare,0.14636690476190478,0.12024333333333333,0.11287491518988983,21,5,0.797040276370953
2020-01-21,Industrials,0.1326982857142857,0.21603666666666665,0.04268199934844923,16,5,0.6139121894538456
2020-01-21,Materials,0.010085999999999998,0.18836,0.04588726462019581,11,4,0.5815827991251763
2020-01-21,RealEstate,0.050306666666666666,0.07486,0.030587130187600824,7,3,0.3885973554406451
2020-01-21,Tech,0.053412000000000015,0.12132146686646687,0.0833160310438175,44,5,0.4041144427487714
2020-01-21,Utilities,0.17614000000000002,0.14194133333333334,0.06965135541106034,15,5,0.5412605306765331
2020-01-22,Comm,0.10965,-0.022039999999999997,0.04440051034558421,4,3,0.2936912191374818
2020-01-22,Consumer,0.0949732380952381,0.07501431818181818,0.0622874974382425,32,5,0.6429550725485975
2020-01-22,Energy,0.12076,0.13867028571428572,0.07855250694841868,11,4,0.6148161019323292
2020-01-22,Financials,0.01531,0.15074444444444446,0.09845861081795537,4,3,0.2936912191374818
2020-01-22,Healthcare,0.06311416666666667,0.14636690476190478,0.11591964151461846,13,4,0.4171940407514068
2020-01-22,Industrials,-0.01411142857142857,0.1326982857142857,0.05086529810897983,12,3,0.39677762038280184
2020-01-22,Materials,-0.059199999999999996,0.010085999999999998,0.042632604200178004,4,3,0.2936912191374818
2020-01-22,RealEstate,0.030395,0.050306666666666666,0.032379815322061356,7,3,0.351588083493917
2020-01-22,Tech,0.148316,0.053412000000000015,0.08059748276710683,14,4,0.34732307118010813
2020-01-22,Utilities,0.12694916666666667,0.17614000000000002,0.07933214128278213,18,4,0.6431573753613821
2020-01-23,Comm,0.19620971428571427,0.10965,0.05033228213234928,22,5,0.42683729239903123
2020-01-23,Consumer,0.12460966666666666,0.0949732380952381,0.0652589284070603,22,5,0.673320799277345
2020-01-23,Energy,-0.012318666666666681,0.12076,0.08238955177128972,17,5,0.7653565067985362
2020-01-23,Financials,0.03272333333333334,0.01531,0.09089964619814124,14,5,0.6574329561623474
2020-01-23,Healthcare,0.020309999999999998,0.06311416666666667,0.1111191438011683,20,5,0.6889013060429935
2020-01-23,Industrials,0.029595238095238098,-0.01411142857142857,0.04495832295621542,14,4,0.5414153756631096
2020-01-23,Materials,0.09407,-0.059199999999999996,0.033375094727434544,9,5,0.5879199135134913
2020-01-23,RealEstate,0.18839999999999998,0.030395,0.03219937756551032,4,3,0.2936912191374818
2020-01-23,Tech,0.038784814814814814,0.148316,0.08675371160646075,36,5,0.3444235172320063
2020-01-23,Utilities,0.0,0.12694916666666667,0.08366096177222618,8,4,0.5675402538704672
2020-01-24,Comm,0.0963538787878788,0.19620971428571427,0.06359386687356428,24,4,0.6142577050535102
2020-01-24,Consumer,0.08319038461538461,0.12460966666666666,0.0706544500670245,23,5,0.5263141496392854
2020-01-24,Energy,0.18136166666666667,-0.012318666666666681,0.07377971373147549,14,5,0.8765772748831302
2020-01-24,Financials,-0.05139999999999999,0.03272333333333334,0.0856108904831587,6,3,0.4192834728526787
2020-01-24,Healthcare,0.2246453333333333,0.020309999999999998,0.10286376709197116,14,5,0.7670051155227386
2020-01-24,Industrials,0.04934533333333334,0.029595238095238098,0.04356167887794475,11,3,0.5004317108751517
2020-01-24,Materials,0.089688,0.09407,0.03889281338857686,11,3,0.42193261897316714
2020-01-24,RealEstate,0.03612,0.18839999999999998,0.04639943415046393,5,2,0.24312329185713755
2020-01-24,Tech,0.07013591397849464,0.038784814814814814,0.0823929028072202,46,5,0.40610099820071255
2020-01-24,Utilities,0.19321270588235295,0.0,0.07605541979293287,28,5,0.4762810212477302
2020-01-27,Comm,-0.028220000000000002,0.0963538787878788,0.0665720497748656,20,4,0.5034278774929567
2020-01-27,Consumer,0.03134333333333334,0.08319038461538461,0.07179408048051178,42,5,0.6731310435267743
2020-01-27,Energy,0.04191166666666666,0.18136166666666667,0.08355989127103833,22,5,0.7710609153014757
2020-01-27,Financials,0.07812,-0.05139999999999999,0.07315535498468972,5,3,0.2873275267402535
2020-01-27,Healthcare,0.2709377777777778,0.2246453333333333,0.11393481856845863,23,5,0.7535001135123581
2020-01-27,Industrials,0.06335666666666666,0.04934533333333334,0.04408746564661644,18,5,0.7329002649466912
2020-01-27,Materials,-0.0014733333333333347,0.089688,0.04351055762597896,14,4,0.5578219021983555
2020-01-27,RealEstate,0.05106000000000001,0.03612,0.045464940136785384,6,3,0.3593858338737245
2020-01-27,Tech,-0.15393050000000003,0.07013591397849464,0.08127863109551788,31,5,0.6128113208680637
2020-01-27,Utilities,-0.010868253968253966,0.19321270588235295,0.08670608216469834,21,4,0.6075341966743627
2020-01-28,Comm,0.036708000000000005,-0.028220000000000002,0.05795459070442327,15,4,0.7247386766685783
2020-01-28,Consumer,0.04818214285714286,0.03134333333333334,0.06811673983076828,37,4,0.45529557236938883
2020-01-28,Energy,0.09863333333333334,0.04191166666666666,0.07977368903427726,6,2,0.2795223152351191
2020-01-28,Financials,0.13968285714285716,0.07812,0.07360668634971793,10,4,0.3325633526013029
2020-01-28,Healthcare,0.18641166666666664,0.2709377777777778,0.12820781486021493,12,5,0.7702153807430859
2020-01-28,Industrials,-0.0025949999999999975,0.06335666666666666,0.04583921119389374,34,4,0.3785942544029807
2020-01-28,Materials,0.18383500000000003,-0.0014733333333333347,0.0394211129933142,16,5,0.9094995399316231
2020-01-28,RealEstate,0.07579,0.05106000000000001,0.04597358194253217,4,3,0.2936912191374818
2020-01-28,Tech,0.02330307692307692,-0.15393050000000003,0.059895982814107164,30,4,0.5189416896190753
2020-01-28,Utilities,0.015640000000000005,-0.010868253968253966,0.07783568797079357,14,4,0.6347628542257148
2020-01-29,Comm,0.30828099999999997,0.036708000000000005,0.05602308245856661,11,4,0.5004317108751516
2020-01-29,Consumer,0.016722761904761897,0.04818214285714286,0.06630450374225687,35,5,0.5153191345651351
2020-01-29,Energy,0.010496666666666668,0.09863333333333334,0.08148820215237326,13,4,0.5903689255916134
2020-01-29,Financials,0.152345,0.13968285714285716,0.07961361096727604,7,4,0.3885973554406451
2020-01-29,Healthcare,0.158302,0.18641166666666664,0.1334990741153469,12,5,0.654683073631623
2020-01-29,Industrials,0.0020433333333333323,-0.0025949999999999975,0.04143610108535794,28,4,0.6509173957052311
2020-01-29,Materials,0.07829,0.18383500000000003,0.05254964817574019,20,3,0.36358680041158
2020-01-29,RealEstate,0.09878,0.07579,0.04868416540230198,5,3,0.35117808823808755
2020-01-29,Tech,0.11585126984126984,0.02330307692307692,0.05656935500583169,33,4,0.41272051582812536
2020-01-29,Utilities,0.13221500000000003,0.015640000000000005,0.07218153451890326,11,4,0.5815827991251763
2020-01-30,Comm,-0.01479666666666667,0.30828099999999997,0.07895562041687873,18,4,0.3989203973760472
2020-01-30,Consumer,0.05184819047619048,0.016722761904761897,0.061797072666120965,40,5,0.557304271705699
2020-01-30,Energy,0.10769714285714287,0.010496666666666668,0.07503442619912722,15,4,0.6022476327245933
2020-01-30,Financials,0.020736666666666667,0.152345,0.0862255554247964,9,3,0.4662813107175965
2020-01-30,Healthcare,0.12154454545454545,0.158302,0.13575388555940626,16,3,0.36651473997244516
2020-01-30,Industrials,0.10813333333333333,0.0020433333333333323,0.037854940380628435,13,4,0.5903689255916134
2020-01-30,Materials,-0.07762805128205127,0.07829,0.05488968015976381,32,4,0.5978354183346607
2020-01-30,RealEstate,0.10446,0.09878,0.053238332183910886,7,5,0.5679499810286353
2020-01-30,Tech,-0.032986666666666664,0.11585126984126984,0.06195861999087151,21,4,0.6161517030101694
2020-01-30,Utilities,0.16543866666666665,0.13221500000000003,0.07763912228991204,11,4,0.5517580401956801
2020-01-31,Comm,-0.18100363636363637,-0.01479666666666667,0.07043268522746551,15,4,0.3366896214444577
2020-01-31,Consumer,0.029408686868686862,0.05184819047619048,0.06089262883067274,25,4,0.5774779377912294
2020-01-31,Energy,0.07337349206349206,0.10769714285714287,0.07800376407712864,31,5,0.4956329287640929
2020-01-31,Financials,0.09355142857142858,0.020736666666666667,0.08027202008314824,12,4,0.4515055680218089
2020-01-31,Healthcare,0.20488333333333336,0.12154454545454545,0.13446212736805527,25,4,0.46501032443863033
2020-01-31,Industrials,0.07645900000000001,0.10813333333333333,0.044243885194510696,26,5,0.32793697680564177
2020-01-31,Materials,0.006867333333333334,-0.07762805128205127,0.04284261366505334,15,4,0.7247386766685783
2020-01-31,RealEstate,0.14476,0.10446,0.05789484743991898,4,3,0.2936912191374818
2020-01-31,Tech,0.17766555555555558,-0.032986666666666664,0.05332723029473167,15,4,0.4501008623520644
2020-01-31,Utilities,0.11301999999999998,0.16543866666666665,0.08562089905143519,9,4,0.5879199135134913
2020-02-03,Comm,0.111585,-0.18100363636363637,0.04757483781009261,21,5,0.6341415337549917
2020-02-03,Consumer,0.1706105844155844,0.029408686868686862,0.058030452288674025,39,5,0.534403090719498
2020-02-03,Energy,0.03167628205128204,0.07337349206349206,0.07758283025770712,25,5,0.5997959257251898
2020-02-03,Financials,0.07699,0.09355142857142858,0.08147923903662826,6,4,0.5031401674232144
2020-02-03,Healthcare,0.12084483102918586,0.20488333333333336,0.14086405518308057,51,5,0.4856962315594963
2020-02-03,Industrials,0.10558066666666666,0.07645900000000001,0.04717253199500972,14,5,0.7670051155227386
2020-02-03,Materials,0.17161666666666667,0.006867333333333334,0.03957213363489698,12,4,0.5237464589052984
2020-02-03,RealEstate,0.034,0.14476,0.06579167949083545,3,2,0.1624278110061505
2020-02-03,Tech,0.05473666666666667,0.17766555555555558,0.06463071440935202,11,3,0.40601063335153814
2020-02-03,Utilities,0.21862000000000004,0.11301999999999998,0.08811172641039562,14,4,0.5938104120176042
2020-02-04,Comm,0.13257149999999998,0.111585,0.05339394346372055,17,5,0.5881160525925594
2020-02-04,Consumer,0.15777124242424242,0.1706105844155844,0.06826500975475677,52,5,0.4575156870669958
2020-02-04,Energy,0.09231,0.03167628205128204,0.07340950769348667,20,5,0.6889013060429935
2020-02-04,Financials,0.27631,0.07699,0.08107112639693478,6,4,0.5031401674232144
2020-02-04,Healthcare,0.18223095238095238,0.12084483102918586,0.13904412571454466,26,4,0.29878702331180695
2020-02-04,Industrials,0.15771833333333335,0.10558066666666666,0.05248236241970581,11,4,0.6148161019323292
2020-02-04,Materials,0.054110000000000005,0.17161666666666667,0.05157618209233059,7,4,0.5679499810286353
2020-02-04,RealEstate,0.05198333333333334,0.034,0.0629015268098504,8,4,0.5675402538704672
2020-02-04,Tech,0.07460800000000001,0.05473666666666667,0.06373125552365336,20,5,0.6333447491040425
2020-02-04,Utilities,0.11915,0.21862000000000004,0.09997611491854148,7,4,0.5679499810286353
2020-02-05,Comm,-0.006538333333333329,0.13257149999999998,0.06059190314883687,12,4,0.4849504249123133
2020-02-05,Consumer,0.02436166666666667,0.15777124242424242,0.0764019399974373,43,4,0.45254824685128725
2020-02-05,Energy,0.504522857142857,0.09231,0.07512773426680605,18,5,0.7162434407433574
2020-02-05,Financials,-0.1472,0.27631,0.09882011490630435,4,3,0.2936912191374818
2020-02-05,Healthcare,0.16601499999999997,0.18223095238095238,0.14297020086603626,50,5,0.572056407362836
2020-02-05,Industrials,0.06691866666666665,0.15771833333333335,0.06204926886639922,12,4,0.6235076891729743
2020-02-05,Materials,-0.0274,0.054110000000000005,0.05180652917484598,9,4,0.4361986455100096
2020-02-05,RealEstate,0.0,0.05198333333333334,0.061908963766530656,3,1,0.09023767278119472
2020-02-05,Tech,0.10390375,0.07460800000000001,0.0647200504760485,32,4,0.5808514575865169
2020-02-05,Utilities,0.031903333333333325,0.11915,0.10171919538049223,18,5,0.8517489565596683
2020-02-06,Comm,0.08798857142857143,-0.006538333333333329,0.054489154377730484,19,5,0.7756574755163171
2020-02-06,Consumer,0.13060333333333332,0.02436166666666667,0.07167100605827634,24,4,0.33802347082826295
2020-02-06,Energy,0.18725666666666668,0.504522857142857,0.11416365452826524,11,4,0.55175804019568
2020-02-06,Financials,0.2713986666666667,-0.1472,0.07645464991482213,11,5,0.5815827991251763
2020-02-06,Healthcare,0.2668662307692308,0.16601499999999997,0.1450651826054875,25,5,0.5774779377912292
2020-02-06,Industrials,-0.005146666666666667,0.06691866666666665,0.06249194139369625,6,2,0.2795223152351191
2020-02-06,Materials,0.05132111111111111,-0.0274,0.04460593561349634,14,4,0.40906939494546063
2020-02-06,RealEstate,0.24698000000000003,0.0,0.05628087615139151,7,4,0.49222331689148385
2020-02-06,Tech,0.2868725,0.10390375,0.06828220497822592,22,5,0.6128945737011728
2020-02-06,Utilities,0.15116000000000002,0.031903333333333325,0.09537229883075052,12,4,0.7274256373684701
2020-02-07,Comm,0.03277599999999999,0.08798857142857143,0.05753455592780693,13,4,0.6385623072725615
2020-02-07,Consumer,0.159785,0.13060333333333332,0.07702849035600878,21,4,0.3253834836121119
2020-02-07,Energy,0.22275299999999998,0.18725666666666668,0.12080847381357444,14,5,0.7363249109018292
2020-02-07,Financials,0.04199,0.2713986666666667,0.09417683325589891,9,3,0.4662813107175965
2020-02-07,Healthcare,0.2914048484848485,0.2668662307692308,0.15613800516582782,25,5,0.5829002658456072
2020-02-07,Industrials,-0.0008999999999999986,-0.005146666666666667,0.05634297702457235,6,2,0.1935154490089286
2020-02-07,Materials,0.007373333333333332,0.05132111111111111,0.045216406113279504,9,3,0.32980873197098287
2020-02-07,RealEstate,0.0,0.24698000000000003,0.07361716013762865,3,2,0.1624278110061505
2020-02-07,Tech,0.1875942857142857,0.2868725,0.08815404998020537,13,5,0.5303314077348393
2020-02-07,Utilities,0.152265,0.15116000000000002,0.10044390802795503,11,4,0.6520776838676219
2020-02-10,Comm,0.0914,0.03277599999999999,0.05528377811618812,20,4,0.7012031150794754
2020-02-10,Consumer,-0.006942857142857142,0.159785,0.08455180941455344,37,5,0.527230518292876
2020-02-10,Energy,0.05099333333333335,0.22275299999999998,0.1300761580123404,11,5,0.7969838358382045
2020-02-10,Financials,0.14427666666666666,0.04199,0.08943257568718083,6,3,0.3593858338737245
2020-02-10,Healthcare,0.033306666666666665,0.2914048484848485,0.1684349909221024,25,4,0.6056475932932406
2020-02-10,Industrials,0.09776083333333332,-0.0008999999999999986,0.05113907002233851,19,4,0.6246445156812819
2020-02-10,Materials,0.23231333333333332,0.007373333333333332,0.04177612676964803,7,5,0.5679499810286353
2020-02-10,RealEstate,0.10060666666666666,0.0,0.06692469103420787,13,4,0.6657351714118194
2020-02-10,Tech,0.20562083333333336,0.1875942857142857,0.09719407141057632,24,5,0.7418956697399539
2020-02-10,Utilities,0.12875833333333334,0.152265,0.10515491638904999,10,4,0.5764431445089249
2020-02-11,Comm,-0.018974823529411756,0.0914,0.05856707101471646,24,4,0.36155675044288893
2020-02-11,Consumer,0.04548616666666667,-0.006942857142857142,0.07623411245478884,28,5,0.5207339165641849
2020-02-11,Energy,0.09527314285714285,0.05099333333333335,0.12288681031424886,21,5,0.8119382254619988
2020-02-11,Financials,0.26048714285714286,0.14427666666666666,0.09441840213986134,11,4,0.3912466103205731
2020-02-11,Healthcare,-0.00794499999999999,0.033306666666666665,0.15615059780797189,17,3,0.3558664012502748
2020-02-11,Industrials,-0.007123333333333326,0.09776083333333332,0.055377412141519845,7,4,0.49222331689148385
2020-02-11,Materials,0.11732800000000002,0.23231333333333332,0.059097691002710326,14,5,0.5752538366420541
2020-02-11,RealEstate,0.046473333333333346,0.10060666666666666,0.06998668881897684,14,3,0.42809587843129604
2020-02-11,Tech,0.08377174025974025,0.20562083333333336,0.10705104976719057,28,4,0.7100917044057067
2020-02-11,Utilities,0.16216285714285714,0.12875833333333334,0.10730068156580304,26,4,0.5211401569391982
2020-02-12,Comm,0.15365222222222222,-0.018974823529411756,0.05151780787434117,18,5,0.5946171960888249
2020-02-12,Consumer,0.05834264705882353,0.04548616666666667,0.07343884465586864,26,5,0.42548784965288966
2020-02-12,Energy,0.03376749999999999,0.09527314285714285,0.1203764769090574,17,5,0.642195689612565
2020-02-12,Financials,0.13415333333333332,0.26048714285714286,0.10951556038688692,6,4,0.4192834728526786
2020-02-12,Healthcare,0.19146749999999996,-0.00794499999999999,0.14123281618906536,15,4,0.5151756858246519
2020-02-12,Industrials,0.07436000000000001,-0.007123333333333326,0.049695526189260465,7,5,0.5679499810286353
2020-02-12,Materials,0.059199999999999996,0.11732800000000002,0.06439135545700939,4,4,0.4405368287062228
2020-02-12,RealEstate,0.12695333333333333,0.046473333333333346,0.0678491110475547,5,2,0.24312329185713755
2020-02-12,Tech,0.059780999999999994,0.08377174025974025,0.10493474890287693,15,4,0.7009767528433791
2020-02-12,Utilities,0.2956077777777778,0.16216285714285714,0.11228815207280796,17,4,0.5033425675341725
2020-02-13,Comm,0.11781547619047619,0.15365222222222222,0.060802754633239454,20,5,0.7408938574424647
2020-02-13,Consumer,-0.009254009803921581,0.05834264705882353,0.07206646305613726,37,5,0.6789891786451678
2020-02-13,Energy,0.0972925,0.03376749999999999,0.11250293355368854,22,4,0.7135190559506194
2020-02-13,Financials,0.08528,0.13415333333333332,0.11175535792747296,12,5,0.8729107648421642
2020-02-13,Healthcare,0.21047000000000002,0.19146749999999996,0.14579960562642305,14,5,0.6817823249091012
2020-02-13,Industrials,0.064075,0.07436000000000001,0.05193775108114588,14,5,0.4975168316904251
2020-02-13,Materials,0.027482857142857142,0.059199999999999996,0.06391941405182672,13,3,0.46700825457247036
2020-02-13,RealEstate,0.110812,0.12695333333333333,0.07322222216444366,12,4,0.5692896292448896
2020-02-13,Tech,-0.017647272727272727,0.059780999999999994,0.10082986263897901,19,4,0.4936002116922017
2020-02-13,Utilities,0.19154733333333335,0.2956077777777778,0.12895357259144155,28,4,0.5242287750646157
2020-02-14,Comm,0.12498000000000001,0.11781547619047619,0.06598572932026096,1,1,0.03625384938440364
2020-02-14,Consumer,-0.05277816666666666,-0.009254009803921581,0.06467369279613192,23,5,0.7874925998362239
2020-02-14,Energy,0.0905,0.0972925,0.11112016686698958,12,4,0.5692896292448896
2020-02-14,Financials,0.12204,0.08528,0.1093485072067936,7,3,0.3885973554406451
2020-02-14,Healthcare,0.25895,0.21047000000000002,0.1516787323876573,7,4,0.5679499810286353
2020-02-14,Industrials,0.19194499999999998,0.064075,0.05304113734649625,13,5,0.7631598306428174
2020-02-14,Materials,-0.016395,0.027482857142857142,0.06060699978737494,10,3,0.48036928709077065
2020-02-14,RealEstate,0.1753,0.110812,0.07663947469494878,9,4,0.4361986455100096
2020-02-14,Tech,0.033532365591397856,-0.017647272727272727,0.09005921396931976,45,4,0.3905014648306122
2020-02-14,Utilities,0.15255849999999999,0.19154733333333335,0.13464391447706808,19,4,0.6475672502016959
2020-02-18,Comm,0.04021809523809524,0.12498000000000001,0.07134884483660088,23,5,0.8515163884407948
2020-02-18,Consumer,0.1955082142857143,-0.05277816666666666,0.05399625102678659,54,5,0.6037143923494934
2020-02-18,Energy,0.14617833333333333,0.0905,0.1092456062427178,22,5,0.8386978376963419
2020-02-18,Financials,-0.02087285714285714,0.12204,0.11050227927890326,20,5,0.8354760520095879
2020-02-18,Healthcare,0.1006893137254902,0.25895,0.16143066580696117,30,4,0.49058422024098375
2020-02-18,Industrials,0.0038199999999999996,0.19194499999999998,0.0656687612240875,5,3,0.35117808823808755
2020-02-18,Materials,0.12242444444444445,-0.016395,0.05360681798852267,24,5,0.6491587110224596
2020-02-18,RealEstate,0.10593,0.1753,0.08560861335904435,14,4,0.6347628542257148
2020-02-18,Tech,-0.03860904761904762,0.033532365591397856,0.08492040957132685,28,5,0.6676075853386987
2020-02-18,Utilities,0.2371088888888889,0.15255849999999999,0.136272513160971,33,4,0.7131269240702361
2020-02-19,Comm,0.07368166666666666,0.04021809523809524,0.06851877669128217,7,2,0.2953339901348903
2020-02-19,Consumer,0.1732962857142857,0.1955082142857143,0.06686097495941637,20,5,0.8013749886622578
2020-02-19,Energy,0.19815666666666668,0.14617833333333333,0.11260312688731922,9,4,0.5008206670670481
2020-02-19,Financials,0.03996,-0.02087285714285714,0.09855908505874322,8,4,0.5107862284834206
2020-02-19,Healthcare,0.24066722222222223,0.1006893137254902,0.15590872470864564,19,5,0.6358993718196834
2020-02-19,Industrials,0.17815333333333333,0.0038199999999999996,0.06004614656735228,6,4,0.4192834728526787
2020-02-19,Materials,0.014799999999999999,0.12242444444444445,0.059862965848151914,8,3,0.4256551904028505
2020-02-19,RealEstate,0.11096333333333333,0.10593,0.08745601214458576,11,5,0.7969838358382045
2020-02-19,Tech,0.009726190476190472,-0.03860904761904762,0.07369045891765644,28,5,0.8398934138132015
2020-02-19,Utilities,0.1043290909090909,0.2371088888888889,0.14543945640896352,13,3,0.25438661021427245
2020-02-20,Comm,0.038785,0.07368166666666666,0.06898813032540803,15,3,0.4804447407128778
2020-02-20,Consumer,0.075913,0.1732962857142857,0.07653691230076813,18,5,0.6851024215806026
2020-02-20,Energy,0.171315,0.19815666666666668,0.12038072141271443,8,3,0.4256551904028505
2020-02-20,Financials,0.1895861111111111,0.03996,0.09323189550794839,43,4,0.2807379784946862
2020-02-20,Healthcare,0.06695399999999999,0.24066722222222223,0.1636140426644253,11,3,0.4781903015029227
2020-02-20,Industrials,0.06901666666666666,0.17815333333333333,0.07078316354607782,10,4,0.4117451032206606
2020-02-20,Materials,0.0634109090909091,0.014799999999999999,0.055766332589229015,18,3,0.39892039737604706
2020-02-20,RealEstate,0.089363,0.11096333333333333,0.08959304134356282,13,4,0.6135206481638334
2020-02-20,Tech,-0.00830938095238095,0.009726190476190472,0.06787552542297771,30,5,0.5985127486940001
2020-02-20,Utilities,0.143962358974359,0.1043290909090909,0.14170215045442963,27,5,0.6567487895862765
2020-02-21,Comm,-0.044943333333333335,0.038785,0.0662423912049164,7,3,0.4343146913748387
2020-02-21,Consumer,0.06838777777777778,0.075913,0.0764801930006983,22,4,0.6733207992773449
2020-02-21,Energy,0.07205833333333334,0.171315,0.1250111103751949,15,5,0.8726445290499207
2020-02-21,Financials,0.24525550000000002,0.1895861111111111,0.10199136965369045,19,5,0.6596713109531295
2020-02-21,Healthcare,0.06396500000000001,0.06695399999999999,0.15482676605856846,14,4,0.4489786042084325
2020-02-21,Industrials,0.11362999999999998,0.06901666666666666,0.07062257292067681,7,5,0.6712136139429324
2020-02-21,Materials,0.09855,0.0634109090909091,0.05646129408938174,9,3,0.32980873197098287
2020-02-21,RealEstate,0.019790000000000002,0.089363,0.089572128494148,5,4,0.45151468487754115
2020-02-21,Tech,-0.2589611428571429,-0.00830938095238095,0.06094962484339965,16,5,0.6139121894538456
2020-02-21,Utilities,0.173004,0.143962358974359,0.1419076239562414,10,2,0.34586588670535495
2020-02-24,Comm,0.028283333333333334,-0.044943333333333335,0.0561345980650755,10,3,0.3759411812014728
2020-02-24,Consumer,0.029912142857142852,0.06838777777777778,0.0757445188895237,28,5,0.629920060359901
2020-02-24,Energy,-0.14663821428571427,0.07205833333333334,0.12019722155320751,24,5,0.7825474872599514
2020-02-24,Financials,-0.0015813333333333304,0.24525550000000002,0.11501538150335495,15,4,0.6787235225943828
2020-02-24,Healthcare,0.11417025210084034,0.06396500000000001,0.14656660550778952,28,5,0.45412841560830086
2020-02-24,Industrials,0.07081833333333334,0.11362999999999998,0.0745323390187971,21,5,0.9144988434150935
2020-02-24,Materials,0.09881083333333333,0.09855,0.06028754008125614,22,5,0.7588218531538333
2020-02-24,RealEstate,0.048205000000000005,0.019790000000000002,0.08322829863104364,7,3,0.351588083493917
2020-02-24,Tech,0.008418333333333333,-0.2589611428571429,0.031866827779713974,24,5,0.6966581289021517
2020-02-24,Utilities,0.056410666666666665,0.173004,0.1447345672329467,13,5,0.7276640245664072
2020-02-25,Comm,0.12050666666666668,0.028283333333333334,0.05360266490764439,5,3,0.2873275267402535
2020-02-25,Consumer,0.16376858974358974,0.029912142857142852,0.07157793925021635,29,5,0.6474546922464394
2020-02-25,Energy,-0.033855,-0.14663821428571427,0.09593945465876007,17,5,0.8097249999462773
2020-02-25,Financials,0.2765133333333333,-0.0015813333333333304,0.10441568015456511,15,5,0.7009767528433791
2020-02-25,Healthcare,0.2301166666666667,0.11417025210084034,0.14362148247079415,24,5,0.34003551529747883
2020-02-25,Industrials,-0.000880000000000003,0.07081833333333334,0.07419470213830039,9,4,0.5879199135134913
2020-02-25,Materials,0.02866333333333333,0.09881083333333333,0.06378965764962678,6,3,0.3593858338737245
2020-02-25,RealEstate,0.031120000000000002,0.048205000000000005,0.08004436239185785,18,4,0.5341476507238597
2020-02-25,Tech,0.014826666666666677,0.008418333333333333,0.029735146466406643,15,5,0.909778338796726
2020-02-25,Utilities,0.2096833333333333,0.056410666666666665,0.13670512172692123,12,4,0.6891400775069715
2020-02-26,Comm,0.12558666666666668,0.12050666666666668,0.05968484688573733,10,4,0.4117451032206606
2020-02-26,Consumer,0.09330333333333334,0.16376858974358974,0.07995890747688665,49,5,0.6515242498533959
2020-02-26,Energy,0.2228217142857143,-0.033855,0.08413995878069097,17,5,0.6731448794734114
2020-02-26,Financials,0.16362933333333335,0.2765133333333333,0.12006092135263494,15,5,0.8384231749695317
2020-02-26,Healthcare,0.04154264705882353,0.2301166666666667,0.15148468103405527,32,5,0.5775698109334858
2020-02-26,Industrials,0.04466333333333334,-0.000880000000000003,0.06736972921663671,15,3,0.5278960731289644
2020-02-26,Materials,0.04302,0.02866333333333333,0.06059635543905465,4,3,0.2936912191374818
2020-02-26,RealEstate,0.005596999999999996,0.031120000000000002,0.07559669308350714,22,5,0.673320799277345
2020-02-26,Tech,0.2120025,0.014826666666666677,0.028379830120975735,20,5,0.6889013060429935
2020-02-26,Utilities,0.13073,0.2096833333333333,0.14333950460023143,5,2,0.24312329185713755
2020-02-27,Comm,0.13194,0.12558666666666668,0.06567592141127636,8,4,0.5107862284834206
2020-02-27,Consumer,0.08208800000000001,0.09330333333333334,0.08117203710019999,30,5,0.7806688026443482
2020-02-27,Energy,0.08461533333333335,0.2228217142857143,0.09674739109932945,32,5,0.8311370450018455
2020-02-27,Financials,0.07106000000000001,0.16362933333333335,0.12402168607815298,16,5,0.7921447605856073
2020-02-27,Healthcare,0.083808,0.04154264705882353,0.14148995067267056,37,5,0.41024383657271773
2020-02-27,Industrials,0.13701833333333333,0.04466333333333334,0.06530551140906368,12,4,0.6235076891729743
2020-02-27,Materials,0.054144285714285714,0.04302,0.05899850494459513,12,4,0.4515055680218089
2020-02-27,RealEstate,0.099368,0.005596999999999996,0.06923308462137012,19,4,0.41277678521628575
2020-02-27,Tech,-0.11596099999999998,0.2120025,0.04507280010997795,24,5,0.9364912552455156
2020-02-27,Utilities,0.33413916666666665,0.13073,0.14219318600021041,21,5,0.7179949597060651
2020-02-28,Comm,-0.08595571428571427,0.13194,0.07169992855570578,17,5,0.6731448794734114
2020-02-28,Consumer,-0.08106357142857142,0.08208800000000001,0.08125530645472726,26,5,0.9209189074678982
2020-02-28,Energy,0.09542472222222223,0.08461533333333335,0.09564447675696616,26,5,0.7553604521927705
2020-02-28,Financials,-0.004785833333333342,0.07106000000000001,0.11920698734377541,16,4,0.5710811064686936
2020-02-28,Healthcare,0.060582000000000004,0.083808,0.13624613697515503,27,5,0.34973851204474005
2020-02-28,Industrials,0.09379249999999999,0.13701833333333333,0.07182485885672456,16,4,0.5456997239589739
2020-02-28,Materials,0.07426166666666667,0.054144285714285714,0.05855721228729428,8,3,0.3929124834487851
2020-02-28,RealEstate,-0.02119777777777778,0.099368,0.07197262238306375,19,5,0.6358993718196834
2020-02-28,Tech,0.17178,-0.11596099999999998,0.03043336373634359,9,3,0.38634737173743705
2020-02-28,Utilities,-0.09579333333333333,0.33413916666666665,0.15964282060625185,12,4,0.6891400775069715
2020-03-02,Comm,0.11066333333333334,-0.08595571428571427,0.05736759738830396,17,4,0.6573061764269782
2020-03-02,Consumer,0.05835970085470086,-0.08106357142857142,0.06649904482897284,40,5,0.6081609352834053
2020-03-02,Energy,0.041444999999999996,0.09542472222222223,0.09562449907198943,16,4,0.6821246549487173
2020-03-02,Financials,0.17112666666666668,-0.004785833333333342,0.10793491273676552,11,4,0.6520776838676219
2020-03-02,Healthcare,0.19210589285714286,0.060582000000000004,0.12936757906832277,46,5,0.3867982085238963
2020-03-02,Industrials,0.07858,0.09379249999999999,0.07382191714247686,8,4,0.5107862284834206
2020-03-02,Materials,0.09062499999999998,0.07426166666666667,0.05998488995814631,12,5,0.7274256373684701
2020-03-02,RealEstate,0.12995600000000002,-0.02119777777777778,0.06350258600480543,14,3,0.525946364929878
2020-03-02,Tech,0.06786600000000001,0.17178,0.04328305794213053,20,5,0.9131947545221076
2020-03-02,Utilities,0.3262933333333333,-0.09579333333333333,0.13642135206628958,13,5,0.6953234012523447
2020-03-03,Comm,0.040232,0.11066333333333334,0.062212664292397524,11,4,0.5004317108751516
2020-03-03,Consumer,0.18419,0.05835970085470086,0.06575910446767538,28,5,0.6402466187264568
2020-03-03,Energy,0.019556888888888894,0.041444999999999996,0.09069909006544494,23,5,0.7428121686398423
2020-03-03,Financials,-0.08367833333333333,0.17112666666666668,0.11367961763948382,16,5,0.7441359872167826
2020-03-03,Healthcare,0.37418615384615384,0.19210589285714286,0.13507106214003367,19,5,0.3899714379667671
2020-03-03,Industrials,0.072,0.07858,0.07425447012952442,5,2,0.24312329185713755
2020-03-03,Materials,0.255542,0.09062499999999998,0.06277035450740573,8,3,0.34052415232228034
2020-03-03,RealEstate,0.142045,0.12995600000000002,0.06954380545891402,6,3,0.2795223152351191
2020-03-03,Tech,0.01867633333333334,0.06786600000000001,0.045517870856482304,24,5,0.6142577050535102
2020-03-03,Utilities,0.00575,0.3262933333333333,0.15368244127238445,9,4,0.5408863204324119
2020-03-04,Comm,0.10109666666666665,0.040232,0.06021442208399774,7,4,0.49222331689148374
2020-03-04,Consumer,0.15547333333333332,0.18419,0.07652554951606852,24,5,0.6491587110224596
2020-03-04,Energy,0.22001666666666667,0.019556888888888894,0.08423161723121256,19,5,0.7930879805840994
2020-03-04,Financials,0.15347633333333335,-0.08367833333333333,0.09573798573286406,14,5,0.7080047220209896
2020-03-04,Healthcare,0.42545099999999997,0.37418615384615384,0.15680879774968098,23,5,0.7029296360954214
2020-03-04,Industrials,0.14631361904761903,0.072,0.07404951829956766,20,5,0.8180703009260548
2020-03-04,Materials,0.17617,0.255542,0.08029504955218703,4,3,0.2936912191374818
2020-03-04,RealEstate,0.27933,0.142045,0.07613482314446729,7,3,0.351588083493917
2020-03-04,Tech,0.3957859523809524,0.01867633333333334,0.043077731081650576,18,5,0.7503502712549456
2020-03-04,Utilities,0.4725693333333333,0.00575,0.1402340375203495,10,4,0.48036928709077076
2020-03-05,Comm,0.181035,0.10109666666666665,0.06393098977333128,10,5,0.6176176548309908
2020-03-05,Consumer,0.07891594805194804,0.15547333333333332,0.0837026207721835,27,5,0.7149826724067344
2020-03-05,Energy,0.06623000000000001,0.22001666666666667,0.09657571263443568,20,5,0.7408938574424647
2020-03-05,Financials,0.078685,0.15347633333333335,0.10098692642381582,17,5,0.6139673076515731
2020-03-05,Healthcare,0.11850628205128204,0.42545099999999997,0.1812308161360736,22,4,0.48288663382516644
2020-03-05,Industrials,0.07885066666666667,0.14631361904761903,0.08061898200393595,12,4,0.6235076891729743
2020-03-05,Materials,0.09306,0.17617,0.08901095413835185,8,3,0.4643511168031096
2020-03-05,RealEstate,0.22342,0.27933,0.09460711194951571,3,3,0.27071301834358413
2020-03-05,Tech,0.14698033333333332,0.3957859523809524,0.07514211483613256,14,5,0.7080047220209895
2020-03-05,Utilities,0.07459333333333333,0.4725693333333333,0.17044633713971163,7,4,0.49222331689148385
2020-03-06,Comm,0.027944999999999998,0.181035,0.07457680888484661,6,2,0.2515700837116072
2020-03-06,Consumer,-0.019358186813186806,0.07891594805194804,0.08326746870670755,26,4,0.5649334474382905
2020-03-06,Energy,-0.013380952380952377,0.06623000000000001,0.0938170114858506,29,5,0.6424933536085353
2020-03-06,Financials,-0.00039099999999999693,0.078685,0.09895947856710528,17,4,0.5643537878413449
2020-03-06,Healthcare,0.06611454545454545,0.11850628205128204,0.1755285857647289,19,3,0.41277678521628564
2020-03-06,Industrials,0.04652666666666667,0.07885066666666667,0.08045822606418421,9,4,0.5879199135134913
2020-03-06,Materials,-0.014880000000000004,0.09306,0.08937904921668349,7,4,0.49222331689148385
2020-03-06,RealEstate,0.06611,0.22342,0.10631737449955973,3,2,0.1624278110061505
2020-03-06,Tech,0.057259076923076926,0.14698033333333332,0.08167286197224172,25,5,0.5774779377912292
2020-03-06,Utilities,0.13833,0.07459333333333333,0.16173242770276816,12,4,0.654683073631623
2020-03-09,Comm,-0.010929999999999999,0.027944999999999998,0.07033755353167874,16,4,0.62965352764497
2020-03-09,Consumer,0.06317782051282052,-0.019358186813186806,0.07393786365944444,31,5,0.7183893012423369
2020-03-09,Energy,-0.1328181868131868,-0.013380952380952377,0.08407174204341397,54,5,0.8427573742913448
2020-03-09,Financials,0.20983133333333334,-0.00039099999999999693,0.08992761687918663,25,5,0.7808663938686434
2020-03-09,Healthcare,0.12290747368421054,0.06611454545454545,0.1655818548274395,34,5,0.4913670110336559
2020-03-09,Industrials,-0.098977,0.04652666666666667,0.07737353884622807,13,5,0.6657351714118194
2020-03-09,Materials,0.05474333333333333,-0.014880000000000004,0.07990095383334864,17,4,0.5643537878413449
2020-03-09,RealEstate,0.12873,0.06611,0.1026621586359634,7,4,0.49222331689148385
2020-03-09,Tech,-0.12574666666666667,0.057259076923076926,0.07945342696777219,21,5,0.8274037154707988
2020-03-09,Utilities,-0.17196333333333333,0.13833,0.15960493427524378,12,4,0.6891400775069715
2020-03-10,Comm,-0.044323999999999995,-0.010929999999999999,0.06294959411970794,18,5,0.8080695228899415
2020-03-10,Consumer,-0.008197010101010102,0.06317782051282052,0.07295967791884225,26,4,0.5897112302206716
2020-03-10,Energy,-0.002449787439613528,-0.1328181868131868,0.06435447578372298,48,5,0.6260445524432404
2020-03-10,Financials,0.12325999999999997,0.20983133333333334,0.1008279547386545,21,5,0.730062101885999
2020-03-10,Healthcare,0.14504875,0.12290747368421054,0.1617023656326005,19,3,0.2704399627279113
2020-03-10,Industrials,-0.05891666666666667,-0.098977,0.061341671678389144,12,5,0.654683073631623
2020-03-10,Materials,0.05930833333333333,0.05474333333333333,0.07761389742425633,10,4,0.5764431445089249
2020-03-10,RealEstate,0.059199999999999996,0.12873,0.10503196239633035,3,3,0.27071301834358413
2020-03-10,Tech,0.272895,-0.12574666666666667,0.06079887300100502,9,5,0.5879199135134913
2020-03-10,Utilities,0.22297000000000003,-0.17196333333333333,0.12946236449264586,6,4,0.5031401674232144
2020-03-11,Comm,0.022200000000000004,-0.044323999999999995,0.053197449199734494,9,4,0.4361986455100096
2020-03-11,Consumer,-0.03196085714285714,-0.008197010101010102,0.06558179718976476,23,4,0.7758260428016132
2020-03-11,Energy,0.031971011904761905,-0.002449787439613528,0.05828136094523784,33,5,0.641603869738708
2020-03-11,Financials,0.18409,0.12325999999999997,0.10286723158059499,10,5,0.6651267052026054
2020-03-11,Healthcare,0.24613083333333333,0.14504875,0.16018840057509137,22,5,0.6208542434894997
2020-03-11,Industrials,0.15478476190476192,-0.05891666666666667,0.050409095465202246,14,4,0.5414153756631096
2020-03-11,Materials,0.07129666666666667,0.05930833333333333,0.07594975523417241,21,3,0.5678260792446659
2020-03-11,RealEstate,0.30446,0.059199999999999996,0.10086542036030033,7,5,0.6712136139429324
2020-03-11,Tech,0.08880833333333334,0.272895,0.08008033909182274,17,5,0.8097249999462776
2020-03-11,Utilities,0.03367333333333334,0.22297000000000003,0.13796305862967806,7,4,0.49222331689148374
2020-03-12,Comm,-0.004151999999999994,0.022200000000000004,0.0503794992724859,12,3,0.48495042491231327
2020-03-12,Consumer,0.04935908888888889,-0.03196085714285714,0.0567142831595264,47,5,0.5759627803231253
2020-03-12,Energy,0.04864078947368421,0.031971011904761905,0.055889511032467296,29,5,0.42453358301728555
2020-03-12,Financials,-0.004926666666666671,0.18409,0.11025111961872272,22,5,0.8852921620128054
2020-03-12,Healthcare,-0.116754,0.24613083333333333,0.16800134900765878,21,5,0.8119382254619988
2020-03-12,Industrials,-0.17304999999999998,0.15478476190476192,0.05989779241425312,18,5,0.8754086497974367
2020-03-12,Materials,-0.052716000000000006,0.07129666666666667,0.07552674718258098,11,3,0.4781903015029227
2020-03-12,RealEstate,0.019309999999999994,0.30446,0.11937401850936391,6,4,0.5031401674232144
2020-03-12,Tech,-0.03628428571428572,0.08880833333333334,0.08087379311377825,26,5,0.52934708854454
2020-03-12,Utilities,-0.023346904761904763,0.03367333333333334,0.12848217451182853,26,4,0.7727250602891559
2020-03-13,Comm,0.093953,-0.004151999999999994,0.04542209024771445,16,3,0.4092747929692304
2020-03-13,Consumer,0.046157222222222224,0.04935908888888889,0.05604562913492299,31,3,0.4556055663460902
2020-03-13,Energy,0.2084266106442577,0.04864078947368421,0.05523053634530519,30,5,0.5100960926369321
2020-03-13,Financials,-0.12708333333333333,-0.004926666666666671,0.0997804117745964,15,5,0.6787235225943828
2020-03-13,Healthcare,0.053839999999999985,-0.116754,0.14211449909787163,15,4,0.5278960731289644
2020-03-13,Industrials,0.08908,-0.17304999999999998,0.03872072037659375,9,5,0.7116925268847526
2020-03-13,Materials,0.08424666666666666,-0.052716000000000006,0.06386831562052817,6,3,0.3593858338737245
2020-03-13,RealEstate,0.11839999999999999,0.019309999999999994,0.1102772895539672,6,4,0.5031401674232144
2020-03-13,Tech,0.01953160714285714,-0.03628428571428572,0.07022305867486334,37,5,0.6067242549756157
2020-03-13,Utilities,0.20909,-0.023346904761904763,0.11467953094148912,7,4,0.49222331689148374
2020-03-16,Comm,-0.012933000000000005,0.093953,0.04983399113428587,28,4,0.6150400589340766
2020-03-16,Consumer,-0.13602125724637681,0.046157222222222224,0.05514668305195018,54,5,0.6765523236770425
2020-03-16,Energy,0.007273588235294115,0.2084266106442577,0.06915745219066452,42,5,0.6436508518394704
2020-03-16,Financials,-0.05933083333333333,-0.12708333333333333,0.07915643494660278,25,5,0.7808663938686434
2020-03-16,Healthcare,0.004297333333333336,0.053839999999999985,0.13408954463442874,21,4,0.6075341966743627
2020-03-16,Industrials,0.0901107142857143,0.08908,0.04329883670599431,23,5,0.799515387619983
2020-03-16,Materials,-0.003240000000000015,0.08424666666666666,0.06572089298835894,13,4,0.6657351714118194
2020-03-16,RealEstate,0.04990583333333333,0.11839999999999999,0.11101571777633382,13,4,0.4171940407514068
2020-03-16,Tech,-0.11030121212121213,0.01953160714285714,0.0656147448992264,26,5,0.7002820858870475
2020-03-16,Utilities,0.19956038095238093,0.20909,0.1232623008558992,17,4,0.642195689612565
2020-03-17,Comm,0.07852266666666666,-0.012933000000000005,0.04412790103116897,17,4,0.7072281645100398
2020-03-17,Consumer,0.05167161904761904,-0.13602125724637681,0.037767779388465914,36,5,0.8144858017561911
2020-03-17,Energy,0.025996,0.007273588235294115,0.06353164637653994,18,5,0.6431573753613821
2020-03-17,Financials,-0.08206500000000001,-0.05933083333333333,0.0665666832847904,15,5,0.8067845645933229
2020-03-17,Healthcare,0.31710000000000005,0.004297333333333336,0.12229025269796552,20,5,0.7139522626263751
2020-03-17,Industrials,0.002528888888888886,0.0901107142857143,0.04755446194051431,14,4,0.40906939494546063
2020-03-17,Materials,0.10550833333333334,-0.003240000000000015,0.05945172089850812,11,3,0.40601063335153814
2020-03-17,RealEstate,0.07348,0.04990583333333333,0.10546027373606104,5,2,0.24312329185713755
2020-03-17,Tech,0.16635633333333333,-0.11030121212121213,0.04962238517009564,21,5,0.782679190310215
2020-03-17,Utilities,0.1844866666666667,0.19956038095238093,0.13019848995557934,7,4,0.49222331689148385
2020-03-18,Comm,-0.02648399999999999,0.07852266666666666,0.0472546979071233,11,4,0.5004317108751516
2020-03-18,Consumer,0.00034988455988457166,0.05167161904761904,0.03903176481202529,35,5,0.8411566629499627
2020-03-18,Energy,0.011279523809523812,0.025996,0.06011931488776358,29,5,0.8260628832109742
2020-03-18,Financials,0.033416666666666664,-0.08206500000000001,0.05305471207708218,13,5,0.6385623072725615
2020-03-18,Healthcare,0.06254625,0.31710000000000005,0.1400002297254232,25,3,0.386784288551758
2020-03-18,Industrials,0.04353095238095237,0.002528888888888886,0.04346122802673018,17,5,0.70722816451004
2020-03-18,Materials,-0.023740000000000004,0.10550833333333334,0.06363868566531042,7,3,0.351588083493917
2020-03-18,RealEstate,0.0,0.07348,0.10255297612369185,4,2,0.1762147314824891
2020-03-18,Tech,-0.10072952380952382,0.16635633333333333,0.06023456227584452,21,5,0.7826791903102152
2020-03-18,Utilities,0.29735,0.1844866666666667,0.13513377874749638,6,4,0.5031401674232144
2020-03-19,Comm,0.03651833333333333,-0.02648399999999999,0.04055117991556663,14,5,0.8003531640237274
2020-03-19,Consumer,0.0218805,0.00034988455988457166,0.03551523024364886,34,5,0.64509076867547
2020-03-19,Energy,-0.046462,0.011279523809523812,0.05567933388065087,15,4,0.392289742416937
2020-03-19,Financials,-0.1829933333333333,0.033416666666666664,0.05126943522158985,10,4,0.5764431445089249
2020-03-19,Healthcare,0.062375,0.06254625,0.1329589588412938,24,2,0.27464407004796365
2020-03-19,Industrials,0.012286666666666664,0.04353095238095237,0.04346756660438674,16,3,0.5581019904125869
2020-03-19,Materials,0.11279466666666667,-0.023740000000000004,0.05569516878664582,13,4,0.6135206481638334
2020-03-19,RealEstate,0.13015333333333334,0.0,0.09322997829426531,5,3,0.2873275267402535
2020-03-19,Tech,-0.10737666666666665,-0.10072952380952382,0.04560146354081103,19,5,0.8934788642023398
2020-03-19,Utilities,0.14374666666666666,0.29735,0.14988070795226943,6,3,0.3593858338737245
2020-03-20,Comm,0.013975000000000001,0.03651833333333333,0.04018455749899997,6,3,0.2795223152351191
2020-03-20,Consumer,0.0462953961038961,0.0218805,0.03427570931240805,54,5,0.8809487960870253
2020-03-20,Energy,-0.13268553846153847,-0.046462,0.04639375807331897,29,5,0.6900854538758345
2020-03-20,Financials,-0.05972666666666667,-0.1829933333333333,0.029972819898415028,12,5,0.8183538420395288
2020-03-20,Healthcare,0.06332333333333331,0.062375,0.1265422353102671,19,4,0.3857094550381685
2020-03-20,Industrials,0.07986371428571429,0.012286666666666664,0.040632939337321275,19,3,0.4613387599476134
2020-03-20,Materials,0.06369,0.11279466666666667,0.06088603223028408,5,3,0.35117808823808755
2020-03-20,RealEstate,0.049635,0.13015333333333334,0.09658664693418059,7,3,0.351588083493917
2020-03-20,Tech,0.19086,-0.10737666666666665,0.03169436079467669,20,5,0.8354760520095879
2020-03-20,Utilities,0.09575166666666667,0.14374666666666666,0.14932306783539645,10,4,0.5764431445089249
2020-03-23,Comm,0.15487284415584415,0.013975000000000001,0.03780187045363633,28,5,0.736887617779507
2020-03-23,Consumer,0.057595547785547783,0.0462953961038961,0.03536840811163424,64,5,0.906192188468041
2020-03-23,Energy,-0.13521555555555556,-0.13268553846153847,0.030113822024695563,26,5,0.7307291330995281
2020-03-23,Financials,0.028259999999999997,-0.05972666666666667,0.02181832111977123,18,5,0.6851024215806026
2020-03-23,Healthcare,0.03630251082251082,0.06332333333333331,0.12079506240327312,30,4,0.5441024988127275
2020-03-23,Industrials,0.012568333333333325,0.07986371428571429,0.04419937342353882,23,5,0.5786547833050706
2020-03-23,Materials,0.19727285714285714,0.06369,0.06114093839116734,15,5,0.6022476327245934
2020-03-23,RealEstate,0.04302999999999999,0.049635,0.09231831539470962,7,4,0.49222331689148374
2020-03-23,Tech,0.18370166666666665,0.19086,0.046163964358796994,12,5,0.7274256373684701
2020-03-23,Utilities,0.00825971428571427,0.09575166666666667,0.14445294045642101,21,4,0.7554555662994249
2020-03-24,Comm,0.1982247619047619,0.15487284415584415,0.048444686244746134,18,4,0.6851024215806026
2020-03-24,Consumer,0.21032406593406594,0.057595547785547783,0.03738905717289911,43,5,0.8740707273699806
2020-03-24,Energy,0.11338933333333331,-0.13521555555555556,0.015083878608309098,31,5,0.8162125252412935
2020-03-24,Financials,0.39868000000000003,0.028259999999999997,0.02240392829070112,7,5,0.6712136139429324
2020-03-24,Healthcare,0.27379619047619047,0.03630251082251082,0.11311392135047656,15,5,0.6197040858470453
2020-03-24,Industrials,0.2409971111111111,0.012568333333333325,0.04132382432442923,27,5,0.6878743246377587
2020-03-24,Materials,0.31854,0.19727285714285714,0.07351656736859369,7,5,0.5679499810286353
2020-03-24,RealEstate,0.0925,0.04302999999999999,0.08783755944973602,9,4,0.5408863204324119
2020-03-24,Tech,0.36782016666666667,0.18370166666666665,0.058667391841330595,25,4,0.6177002817169864
2020-03-24,Utilities,0.15418,0.00825971428571427,0.13207173807726585,4,2,0.1762147314824891
2020-03-25,Comm,0.17759866666666665,0.1982247619047619,0.06206105675929302,15,5,0.6382027152753152
2020-03-25,Consumer,0.19307257142857143,0.21032406593406594,0.05311042160573245,41,5,0.8466187946341949
2020-03-25,Energy,0.12720666666666666,0.11338933333333331,0.02402073812876585,22,3,0.38244621398953194
2020-03-25,Financials,0.03798,0.39868000000000003,0.05661084390063738,13,4,0.6953234012523447
2020-03-25,Healthcare,0.18096380952380953,0.27379619047619047,0.1277214003619051,24,5,0.48005013924349943
2020-03-25,Industrials,0.06074500000000001,0.2409971111111111,0.059475941305036674,14,4,0.4720031480139931
2020-03-25,Materials,0.19054,0.31854,0.09579142488053972,5,4,0.45151468487754115
2020-03-25,RealEstate,0.22093,0.0925,0.0882614176815782,6,3,0.3593858338737245
2020-03-25,Tech,0.029074,0.36782016666666667,0.08677218955272478,10,4,0.5086263039784631
2020-03-25,Utilities,0.34169,0.15418,0.13408158007024168,9,4,0.5879199135134913
2020-03-26,Comm,0.12920166666666666,0.17759866666666665,0.07256447584178152,13,5,0.7276640245664072
2020-03-26,Consumer,0.08984714285714286,0.19307257142857143,0.06583425340780873,33,5,0.8397826712024018
2020-03-26,Energy,0.15232600000000002,0.12720666666666666,0.03340127708675683,17,5,0.8595542307122024
2020-03-26,Financials,0.21854800000000002,0.03798,0.05491713081876125,17,5,0.7869158450182133
2020-03-26,Healthcare,0.2971557575757576,0.18096380952380953,0.13256161937662367,19,5,0.5078045343308262
2020-03-26,Industrials,0.11279142857142858,0.06074500000000001,0.05959131027730606,19,3,0.5078045343308262
2020-03-26,Materials,0.09659066666666667,0.19054,0.10440493170958157,14,4,0.6136040924181909
2020-03-26,RealEstate,0.34922333333333333,0.22093,0.10032219789234383,10,4,0.4117451032206606
2020-03-26,Tech,0.29846288888888883,0.029074,0.08152689959338617,20,5,0.6333447491040423
2020-03-26,Utilities,0.12445000000000002,0.34169,0.1529550727911288,13,5,0.8022962322142437
2020-03-27,Comm,0.12677733333333335,0.12920166666666666,0.07771331137131654,11,3,0.5004317108751517
2020-03-27,Consumer,0.09171217948717948,0.08984714285714286,0.0680172433577482,33,5,0.7967168931920223
2020-03-27,Energy,0.279004,0.15232600000000002,0.0442126155334153,23,5,0.8246969746316359
2020-03-27,Financials,0.15099666666666667,0.21854800000000002,0.06979266438069205,18,5,0.7686514973831152
2020-03-27,Healthcare,0.173266,0.2971557575757576,0.1475247228492722,11,3,0.4781903015029227
2020-03-27,Industrials,0.14713333333333334,0.11279142857142858,0.06442768466768084,21,5,0.5910026539077133
2020-03-27,Materials,0.12936999999999999,0.09659066666666667,0.10369454397840747,3,2,0.1624278110061505
2020-03-27,RealEstate,0.37487,0.34922333333333333,0.12294957384152468,4,3,0.2936912191374818
2020-03-27,Tech,0.35888666666666663,0.29846288888888883,0.1012483531657046,13,5,0.8022962322142437
2020-03-27,Utilities,0.2959646666666667,0.12445000000000002,0.15036370253738982,12,3,0.5237464589052984
2020-03-30,Comm,0.20555400000000001,0.12677733333333335,0.08217367700422715,15,4,0.7009767528433791
2020-03-30,Consumer,0.07407685964912279,0.09171217948717948,0.07017132846042376,35,5,0.55757765129485
2020-03-30,Energy,0.12272133333333332,0.279004,0.06555728684855935,20,5,0.8354760520095879
2020-03-30,Financials,-0.18326533333333334,0.15099666666666667,0.07717484640668973,14,5,0.7670051155227386
2020-03-30,Healthcare,0.18411057142857143,0.173266,0.14986483895388383,34,5,0.7647102489596632
2020-03-30,Industrials,-0.00905638095238095,0.14713333333333334,0.07194638000092198,22,5,0.8536745847980625
2020-03-30,Materials,0.020159000000000003,0.12936999999999999,0.10602867634400678,10,3,0.4117451032206606
2020-03-30,RealEstate,0.265285,0.37487,0.14585143076502244,10,4,0.5764431445089249
2020-03-30,Tech,0.07616666666666666,0.35888666666666663,0.12467001802942841,9,5,0.6439122862290618
2020-03-30,Utilities,0.13573785714285716,0.2959646666666667,0.16360015382186952,14,4,0.5259463649298779
2020-03-31,Comm,0.12033333333333333,0.20555400000000001,0.09339007000384288,6,3,0.3593858338737245
2020-03-31,Consumer,-0.023837333333333356,0.07407685964912279,0.07052637675030549,12,5,0.654683073631623
2020-03-31,Energy,0.006620833333333331,0.12272133333333332,0.07075401834717518,19,5,0.7276786625977819
2020-03-31,Financials,0.018036666666666666,-0.18326533333333334,0.053498466430324,7,3,0.4343146913748387
2020-03-31,Healthcare,0.03049190476190477,0.18411057142857143,0.1529780873606736,18,4,0.6431573753613821
2020-03-31,Industrials,0.04034666666666666,-0.00905638095238095,0.06458249264153079,22,5,0.8386978376963419
2020-03-31,Materials,0.27293500000000004,0.020159000000000003,0.09822234213091527,13,5,0.6657351714118194
2020-03-31,RealEstate,-0.122335,0.265285,0.1567090279682022,10,4,0.5764431445089249
2020-03-31,Tech,0.018877333333333322,0.07616666666666666,0.12026062245099553,18,5,0.787867784817693
2020-03-31,Utilities,-0.140875,0.13573785714285716,0.16106721776014113,12,4,0.654683073631623
2020-04-01,Comm,0.06144666666666667,0.12033333333333333,0.0958394575792511,21,4,0.7425417959353323
2020-04-01,Consumer,0.1795776666666667,-0.023837333333333356,0.06194785765179287,30,5,0.48528060704918935
2020-04-01,Energy,-0.05197047619047618,0.006620833333333331,0.06492372880046228,26,5,0.8509756993057793
2020-04-01,Financials,0.10124609523809522,0.018036666666666666,0.0502746664518097,20,5,0.7012031150794755
2020-04-01,Healthcare,0.046206666666666674,0.03049190476190477,0.1418429798516946,13,4,0.5903689255916134
2020-04-01,Industrials,0.076452,0.04034666666666666,0.06237923573472496,15,4,0.6022476327245933
2020-04-01,Materials,0.04751466666666666,0.27293500000000004,0.11410531102810477,14,4,0.5578219021983555
2020-04-01,RealEstate,-0.026806666666666645,-0.122335,0.13134138906200202,6,3,0.3593858338737245
2020-04-01,Tech,0.30868,0.018877333333333322,0.1110439598039353,6,5,0.6289252092790181
2020-04-01,Utilities,-0.05755833333333332,-0.140875,0.13361792523649194,12,5,0.7702153807430859
2020-04-02,Comm,-0.09556,0.06144666666666667,0.0927128402235616,10,5,0.7205539306361561
2020-04-02,Consumer,0.044303214285714286,0.1795776666666667,0.07264147665314502,35,5,0.7440017900256508
2020-04-02,Energy,-0.04956884615384616,-0.05197047619047618,0.054296982892195145,39,5,0.6926545754428117
2020-04-02,Financials,0.05956633333333333,0.10124609523809522,0.05490843270510838,16,5,0.8467754337294423
2020-04-02,Healthcare,0.11523071428571427,0.046206666666666674,0.1331487695621466,27,5,0.668854758057913
2020-04-02,Industrials,-0.009444666666666667,0.076452,0.06365857794065906,19,3,0.5646786421758788
2020-04-02,Materials,0.04909166666666666,0.04751466666666666,0.10805161608615585,12,3,0.35388274250358004
2020-04-02,RealEstate,0.0134,-0.026806666666666645,0.11696429308666849,7,4,0.5679499810286353
2020-04-02,Tech,0.13770500000000002,0.30868,0.1290108725490321,7,4,0.3885973554406451
2020-04-02,Utilities,0.044950000000000004,-0.05755833333333332,0.1162382653665078,4,3,0.2936912191374818
2020-04-03,Comm,0.2131947619047619,-0.09556,0.07559712747596509,16,5,0.6821246549487173
2020-04-03,Consumer,0.06380791666666666,0.044303214285714286,0.0700652709833786,32,4,0.5679436474179277
2020-04-03,Energy,-0.055453333333333334,-0.04956884615384616,0.04485463479710049,42,5,0.7569113021631539
2020-04-03,Financials,0.09006214285714284,0.05956633333333333,0.0553318782167652,17,5,0.7255977272245865
2020-04-03,Healthcare,0.14477833333333334,0.11523071428571427,0.13151985544610728,14,3,0.25216606537733877
2020-04-03,Industrials,-0.20510218253968251,-0.009444666666666667,0.05701282843090218,44,5,0.5407006091526858
2020-04-03,Materials,0.051539999999999996,0.04909166666666666,0.10269162068438412,4,3,0.2936912191374818
2020-04-03,RealEstate,0.10751,0.0134,0.1075493573515168,3,2,0.1624278110061505
2020-04-03,Tech,-0.14043666666666668,0.13770500000000002,0.12980124777184737,12,4,0.5455692280263524
2020-04-03,Utilities,0.21839999999999998,0.044950000000000004,0.10975751396955255,6,4,0.5031401674232144
2020-04-06,Comm,0.2485433333333334,0.2131947619047619,0.08810600333312843,16,4,0.598938721418386
2020-04-06,Consumer,0.2016210735930736,0.06380791666666666,0.06949642059095024,59,5,0.7884425541639632
2020-04-06,Energy,0.14676833333333333,-0.055453333333333334,0.03573572860342468,27,5,0.8487805994068252
2020-04-06,Financials,0.17170227272727273,0.09006214285714284,0.05848917500225407,62,5,0.7092221712444665
2020-04-06,Healthcare,0.34480643678160916,0.14477833333333334,0.1327251716176733,46,5,0.4550077850807983
2020-04-06,Industrials,0.10401600000000003,-0.20510218253968251,0.03318419106993993,46,5,0.6334689223430278
2020-04-06,Materials,0.074848,0.051539999999999996,0.09804147334944009,10,4,0.5086263039784631
2020-04-06,RealEstate,0.07337333333333333,0.10751,0.10754577941046983,6,2,0.2795223152351191
2020-04-06,Tech,0.3020407575757576,-0.14043666666666668,0.10523416464107335,28,5,0.7439055950916927
2020-04-06,Utilities,0.35653166666666664,0.21839999999999998,0.11963410360868414,12,4,0.6235076891729743
2020-04-07,Comm,0.17338636363636364,0.2485433333333334,0.10269121515132888,20,4,0.4847824005487732
2020-04-07,Consumer,0.24089971717171715,0.2016210735930736,0.08150775268205238,33,5,0.708481146063264
2020-04-07,Energy,0.34858285714285714,0.14676833333333333,0.045829601760689107,43,5,0.43142580825846166
2020-04-07,Financials,0.14498366666666668,0.17170227272727273,0.06878127479543758,27,5,0.8018866436384923
2020-04-07,Healthcare,0.04871298245614034,0.34480643678160916,0.15200528663257656,32,5,0.48913806954654054
2020-04-07,Industrials,0.311243,0.10401600000000003,0.039623446427218115,34,5,0.7963534316752354
2020-04-07,Materials,0.3989,0.074848,0.09593297577221827,7,4,0.5679499810286353
2020-04-07,RealEstate,0.09704333333333333,0.07337333333333333,0.10443919340345742,10,4,0.6651267052026055
2020-04-07,Tech,0.11083399999999999,0.3020407575757576,0.123125673089681,14,5,0.7670051155227386
2020-04-07,Utilities,0.18673266666666666,0.35653166666666664,0.1411702457048644,14,4,0.6817823249091012
2020-04-08,Comm,0.037483999999999996,0.17338636363636364,0.10911804683178658,13,4,0.49665957232310337
2020-04-08,Consumer,-0.051450831578947365,0.24089971717171715,0.09599793127202189,54,4,0.5533093956447918
2020-04-08,Energy,0.301839619047619,0.34858285714285714,0.07335262497724984,35,5,0.7013655842935219
2020-04-08,Financials,0.09422012987012987,0.14498366666666668,0.07570876496554932,24,5,0.6277578743953457
2020-04-08,Healthcare,0.12525555555555554,0.04871298245614034,0.14261507716199145,19,4,0.555786065133739
2020-04-08,Industrials,0.14945761904761906,0.311243,0.06431613311565283,39,5,0.7434605345217465
2020-04-08,Materials,0.18038133333333334,0.3989,0.12347543252019841,14,4,0.7080047220209896
2020-04-08,RealEstate,0.44486,0.09704333333333333,0.10376684248799159,7,4,0.3885973554406451
2020-04-08,Tech,0.23540857142857147,0.11083399999999999,0.12200824826334637,19,5,0.6988597056632164
2020-04-08,Utilities,0.05550000000000001,0.18673266666666666,0.14531228397411913,5,2,0.24312329185713755
2020-04-09,Comm,-0.02296333333333333,0.037483999999999996,0.10260586075616962,16,5,0.9094995399316231
2020-04-09,Consumer,0.17050809523809524,-0.051450831578947365,0.08259349828557014,84,5,0.5365779196358287
2020-04-09,Energy,0.1270449523809524,0.301839619047619,0.09412416989273795,54,5,0.7988878123419324
2020-04-09,Financials,0.16522466666666666,0.09422012987012987,0.07739161632051118,26,5,0.7727250602891559
2020-04-09,Healthcare,-0.0016383333333333306,0.12525555555555554,0.14103693883413365,16,4,0.48149975643438875
2020-04-09,Industrials,0.019384166666666664,0.14945761904761906,0.07205626820037703,28,5,0.8978170975244567
2020-04-09,Materials,0.1410015873015873,0.18038133333333334,0.12864869623048342,23,5,0.6936193097895217
2020-04-09,RealEstate,0.24424714285714283,0.44486,0.13477531135271964,17,4,0.6573061764269782
2020-04-09,Tech,0.13129666666666667,0.23540857142857147,0.1323173685510941,17,5,0.689765740694977
2020-04-09,Utilities,0.39142,0.05550000000000001,0.13714753088556284,9,4,0.6439122862290618
2020-04-13,Comm,0.058230000000000004,-0.02296333333333333,0.0911904794753057,16,4,0.598938721418386
2020-04-13,Consumer,-0.007520041958041955,0.17050809523809524,0.09058573437216333,78,5,0.531353622585269
2020-04-13,Energy,0.10461756043956046,0.1270449523809524,0.09711696830075742,44,5,0.7620898349474862
2020-04-13,Financials,0.07874942424242423,0.16522466666666666,0.08537643907925259,40,5,0.5612151788755634
2020-04-13,Healthcare,-0.004051999999999989,-0.0016383333333333306,0.1280664595461821,50,5,0.4734633523059837
2020-04-13,Industrials,-0.03332434343434344,0.019384166666666664,0.06726789533367608,36,5,0.8931258102016164
2020-04-13,Materials,0.06534738095238095,0.1410015873015873,0.1297716863278565,24,5,0.5656036294057073
2020-04-13,RealEstate,-0.048139999999999995,0.24424714285714283,0.14472729603493992,13,4,0.6953234012523447
2020-04-13,Tech,0.17072745098039216,0.13129666666666667,0.1322245774706916,23,4,0.34566506857497625
2020-04-13,Utilities,0.010868809523809525,0.39142,0.1602632098959662,21,4,0.7063202449140965
2020-04-14,Comm,0.20913561904761907,0.058230000000000004,0.08819407225027792,16,4,0.5846782756703292
2020-04-14,Consumer,0.2220395,-0.007520041958041955,0.08166702743305375,29,5,0.802348159291042
2020-04-14,Energy,-0.013287499999999994,0.10461756043956046,0.09779884031337588,22,4,0.7243299507377499
2020-04-14,Financials,0.1020135571095571,0.07874942424242423,0.08477398318499546,63,4,0.4585773098176239
2020-04-14,Healthcare,0.19459142857142858,-0.004051999999999989,0.11605569049652917,14,4,0.5578219021983554
2020-04-14,Industrials,0.2206103888888889,-0.03332434343434344,0.05812314635476522,31,5,0.909051864605232
2020-04-14,Materials,-0.008499999999999999,0.06534738095238095,0.12391493129372236,12,3,0.4849504249123133
2020-04-14,RealEstate,0.3383466666666667,-0.048139999999999995,0.12719390548630902,7,3,0.3885973554406451
2020-04-14,Tech,0.5572199047619047,0.17072745098039216,0.1357248386988462,18,5,0.7162434407433572
2020-04-14,Utilities,0.162404,0.010868809523809525,0.14668190077122467,14,4,0.48442428348804556
2020-04-15,Comm,0.12380333333333335,0.20913561904761907,0.09918875832276347,16,4,0.62965352764497
2020-04-15,Consumer,0.09836912121212123,0.2220395,0.09442816130277613,35,5,0.6458485195737182
2020-04-15,Energy,0.0934378205128205,-0.013287499999999994,0.08770008210306898,39,5,0.7816847265280059
2020-04-15,Financials,0.12279496794871796,0.1020135571095571,0.08634121717813743,62,5,0.7349874126472292
2020-04-15,Healthcare,-0.06218309523809523,0.19459142857142858,0.12319530304879275,26,5,0.6282904695809026
2020-04-15,Industrials,0.00010999999999999899,0.2206103888888889,0.07289471385786736,18,5,0.8754086497974367
2020-04-15,Materials,-0.03911595238095238,-0.008499999999999999,0.11187721026702031,17,3,0.5531784653098332
2020-04-15,RealEstate,-0.11978,0.3383466666666667,0.1463896110481597,9,4,0.5408863204324119
2020-04-15,Tech,0.12380400000000003,0.5572199047619047,0.17404257197730605,25,5,0.7711661902181012
2020-04-15,Utilities,0.043357,0.162404,0.14811118251929517,15,4,0.7009767528433791
2020-04-16,Comm,0.2287443333333333,0.12380333333333335,0.101426446960088,16,4,0.62965352764497
2020-04-16,Consumer,0.11577376811594202,0.09836912121212123,0.09478643038544388,40,4,0.4921425414754942
2020-04-16,Energy,-0.01728035064935065,0.0934378205128205,0.08822169468577366,35,5,0.8900966869761423
2020-04-16,Financials,0.0714801111111111,0.12279496794871796,0.08965519452091747,67,5,0.5736732522067834
2020-04-16,Healthcare,0.30840423558897245,-0.06218309523809523,0.1063427213863484,58,5,0.5634789221575972
2020-04-16,Industrials,0.17563175757575758,0.00010999999999999899,0.06627792168897033,23,5,0.6425553115228084
2020-04-16,Materials,0.08827,-0.03911595238095238,0.0981505591172046,13,5,0.7631598306428174
2020-04-16,RealEstate,-0.02732,-0.11978,0.1221923736801452,4,2,0.2202684143531114
2020-04-16,Tech,0.30889855555555557,0.12380400000000003,0.1694754290702782,32,5,0.8590744246657729
2020-04-16,Utilities,0.20834000000000003,0.043357,0.13858807501754106,16,4,0.6821246549487173
2020-04-17,Comm,0.06399933333333332,0.2287443333333333,0.11300080026674668,15,4,0.6197040858470453
2020-04-17,Consumer,0.21409866666666666,0.11577376811594202,0.09669437017912552,28,5,0.5829111006315503
2020-04-17,Energy,-0.10612059259259259,-0.01728035064935065,0.0786305996553078,51,5,0.58777476158217
2020-04-17,Financials,0.07368368181818181,0.0714801111111111,0.08800291421093506,35,5,0.8025461931752104
2020-04-17,Healthcare,0.2956049773960217,0.30840423558897245,0.1247119499502233,97,5,0.29592703144088484
2020-04-17,Industrials,0.021642424242424237,0.17563175757575758,0.07621917949686008,31,3,0.36258968512609446
2020-04-17,Materials,0.24444,0.08827,0.097252326470186,5,3,0.35117808823808755
2020-04-17,RealEstate,0.35381333333333337,-0.02732,0.10860033970922289,10,4,0.6176176548309908
2020-04-17,Tech,0.07797157142857145,0.30889855555555557,0.18215025875075797,28,5,0.7166063071984196
2020-04-17,Utilities,0.30659642857142855,0.20834000000000003,0.1449291591068555,14,4,0.5259463649298779
2020-04-20,Comm,0.070725,0.06399933333333332,0.10854612145461817,12,4,0.5692896292448896
2020-04-20,Consumer,0.0654615873015873,0.21409866666666666,0.10736748804162925,56,5,0.5764627054634445
2020-04-20,Energy,-0.14538122291235334,-0.10612059259259259,0.0618350367236805,67,5,0.8414232799471565
2020-04-20,Financials,0.15898261904761904,0.07368368181818181,0.08670116581159386,19,5,0.685289614291115
2020-04-20,Healthcare,-0.035277574468085104,0.2956049773960217,0.14024767971802315,67,5,0.38253031090908224
2020-04-20,Industrials,0.04901333333333334,0.021642424242424237,0.07125765629191136,27,4,0.5057194512145193
2020-04-20,Materials,0.20493857142857141,0.24444,0.11063302406380546,21,5,0.4117411854238573
2020-04-20,RealEstate,0.01779,0.35381333333333337,0.13089243003868747,5,3,0.35117808823808755
2020-04-20,Tech,0.24132791666666664,0.07797157142857145,0.17267946899419556,27,5,0.4790147937246438
2020-04-20,Utilities,0.020649,0.30659642857142855,0.15962618360363484,18,5,0.9004203255059348
2020-04-21,Comm,0.12458333333333334,0.070725,0.10510783768601653,15,5,0.8726445290499207
2020-04-21,Consumer,0.017269153153153156,0.0654615873015873,0.10355786070162545,70,5,0.567129158045055
2020-04-21,Energy,-0.2257781904761905,-0.14538122291235334,0.04299719493858651,43,5,0.9603426433181863
2020-04-21,Financials,-0.08017666666666666,0.15898261904761904,0.09327220701486888,18,5,0.8754086497974367
2020-04-21,Healthcare,-0.017922476190476176,-0.035277574468085104,0.12429083842837696,21,5,0.7554555662994249
2020-04-21,Industrials,-0.008876999999999996,0.04901333333333334,0.06923544511385882,20,5,0.6041134529915481
2020-04-21,Materials,-0.06233333333333334,0.20493857142857141,0.11920625564242053,10,3,0.39302941671063063
2020-04-21,RealEstate,0.030495,0.01779,0.12061039094426133,10,4,0.6176176548309908
2020-04-21,Tech,-0.33475,0.24132791666666664,0.1789202369644202,14,5,0.7080047220209896
2020-04-21,Utilities,-0.07370000000000002,0.020649,0.1469918941851226,9,5,0.7954210594594292
2020-04-22,Comm,0.17384514285714286,0.12458333333333334,0.10687833729031804,26,4,0.47343014257152527
2020-04-22,Consumer,0.10760769934640521,0.017269153153153156,0.09571343274267342,39,5,0.6990238129181479
2020-04-22,Energy,-0.036049,-0.2257781904761905,0.0185630689917886,38,5,0.7006200719078213
2020-04-22,Financials,0.10783200000000001,-0.08017666666666666,0.07750412758927475,15,4,0.7247386766685783
2020-04-22,Healthcare,0.24470354700854702,-0.017922476190476176,0.11136235528120848,30,5,0.6505573355369567
2020-04-22,Industrials,0.048526666666666676,-0.008876999999999996,0.06213431373987165,15,4,0.6787235225943828
2020-04-22,Materials,0.13911500000000002,-0.06233333333333334,0.10270265664462472,10,4,0.6176176548309908
2020-04-22,RealEstate,0.16865999999999998,0.030495,0.11241808267660121,11,4,0.3211725905616644
2020-04-22,Tech,0.31027952380952384,-0.33475,0.13222294269492746,23,5,0.4696704743417837
2020-04-22,Utilities,0.020244411764705893,-0.07370000000000002,0.1269289947137478,25,4,0.39415160833369617
2020-04-23,Comm,0.10740222222222222,0.17384514285714286,0.11296622870548394,24,4,0.6277578743953457
2020-04-23,Consumer,0.08177963636363636,0.10760769934640521,0.09679472970664904,43,5,0.5804268723351675
2020-04-23,Energy,0.17423459090909094,-0.036049,0.013598335447080546,35,5,0.829751148876065
2020-04-23,Financials,0.13952,0.10783200000000001,0.08026120689934066,10,5,0.6651267052026054
2020-04-23,Healthcare,0.15020208333333335,0.24470354700854702,0.12348428180187562,59,5,0.29790105918989274
2020-04-23,Industrials,0.283292,0.048526666666666676,0.06089725491503484,12,5,0.6891400775069715
2020-04-23,Materials,0.14747485714285716,0.13911500000000002,0.10601286967693158,17,5,0.6573061764269782
2020-04-23,RealEstate,0.12498000000000001,0.16865999999999998,0.11753098425145563,6,3,0.3593858338737245
2020-04-23,Tech,0.2579438095238095,0.31027952380952384,0.1484099046144362,40,5,0.5945960073588684
2020-04-23,Utilities,0.14091,0.020244411764705893,0.11723039626383489,13,4,0.5489395273044826
2020-04-24,Comm,0.015129090909090911,0.10740222222222222,0.11246040993427833,17,4,0.41385944441698624
2020-04-24,Consumer,0.005374666666666664,0.08177963636363636,0.09542972122092061,29,5,0.6424933536085355
2020-04-24,Energy,0.023216071428571426,0.17423459090909094,0.0282016313981724,20,4,0.6041134529915481
2020-04-24,Financials,-0.15042833333333333,0.13952,0.08564836990849152,9,4,0.5008206670670481
2020-04-24,Healthcare,0.02142185714285715,0.15020208333333335,0.12591317285018996,50,4,0.379345447674597
2020-04-24,Industrials,0.048873529411764705,0.283292,0.08111495901366803,22,4,0.32084413925296307
2020-04-24,Materials,-0.04166,0.14747485714285716,0.10978214126474298,7,3,0.3885973554406451
2020-04-24,RealEstate,0.041315000000000004,0.12498000000000001,0.1182081675013233,8,4,0.4643511168031096
2020-04-24,Tech,0.04650258064516129,0.2579438095238095,0.15836753233347015,38,4,0.2945463975775739
2020-04-24,Utilities,-0.0029299999999999994,0.14091,0.11938308751257717,6,3,0.4192834728526787
2020-04-27,Comm,0.08147666666666667,0.015129090909090911,0.10361210820471582,21,5,0.5753469544664495
2020-04-27,Consumer,0.08431788888888889,0.005374666666666664,0.08724289807962479,50,5,0.6476389896827963
2020-04-27,Energy,-0.022839166666666667,0.023216071428571426,0.027748398673663223,44,5,0.768138166970879
2020-04-27,Financials,0.09725249999999999,-0.15042833333333333,0.06418685143196198,25,5,0.8010177846781569
2020-04-27,Healthcare,0.0011831904761904876,0.02142185714285715,0.11641396233134152,58,5,0.6347111632605387
2020-04-27,Industrials,0.10426367676767676,0.048873529411764705,0.07818391995894954,75,5,0.7142854957840568
2020-04-27,Materials,0.2466066666666667,-0.04166,0.09601467387703906,11,5,0.7420194333666041
2020-04-27,RealEstate,0.05312333333333334,0.041315000000000004,0.11121787954665754,11,5,0.5004317108751517
2020-04-27,Tech,0.15980163636363637,0.04650258064516129,0.14819799127089658,31,5,0.8162125252412935
2020-04-27,Utilities,0.21553166666666668,-0.0029299999999999994,0.10826371592052471,20,4,0.6437274499090266
2020-04-28,Comm,0.14319161616161616,0.08147666666666667,0.10159979533762045,36,5,0.7275463060631145
2020-04-28,Consumer,0.08415510489510489,0.08431788888888889,0.08697698815319425,58,4,0.5560279612034471
2020-04-28,Energy,0.024332777777777776,-0.022839166666666667,0.02314952909726959,23,4,0.7029296360954213
2020-04-28,Financials,0.24410499999999996,0.09725249999999999,0.0671928194836018,12,5,0.6891400775069715
2020-04-28,Healthcare,0.16479115384615386,0.0011831904761904876,0.10593843761723687,44,5,0.47677541398192474
2020-04-28,Industrials,0.0892991403508772,0.10426367676767676,0.08055480694156111,74,5,0.7047616414417579
2020-04-28,Materials,0.04881766666666667,0.2466066666666667,0.10970485503973249,17,5,0.8338958954670619
2020-04-28,RealEstate,0.0013525000000000008,0.05312333333333334,0.10593655716362807,15,5,0.515175685824652
2020-04-28,Tech,0.0751368253968254,0.15980163636363637,0.14925286809750932,35,4,0.5379705250954707
2020-04-28,Utilities,0.16765000000000002,0.21553166666666668,0.1180153478065376,5,3,0.35117808823808755
2020-04-29,Comm,0.06182000000000001,0.14319161616161616,0.10538086995798368,19,3,0.5078045343308262
2020-04-29,Consumer,0.10723711721611721,0.08415510489510489,0.08672045331154976,60,5,0.6196175354278017
2020-04-29,Energy,0.13491950793650792,0.024332777777777776,0.02325709715913397,38,5,0.9621848987534081
2020-04-29,Financials,0.11755166666666668,0.24410499999999996,0.08327574498509255,22,5,0.8102674025201947
2020-04-29,Healthcare,0.0445703908045977,0.16479115384615386,0.1112886845471384,104,4,0.28115414582747367
2020-04-29,Industrials,0.055652603174603174,0.0892991403508772,0.08134974634240802,68,5,0.7458055264436694
2020-04-29,Materials,0.3100818181818182,0.04881766666666667,0.1041696560967265,19,5,0.5006016331346442
2020-04-29,RealEstate,0.0635448484848485,0.0013525000000000008,0.09642891560329825,18,4,0.4502101627529674
2020-04-29,Tech,0.20519057142857147,0.0751368253968254,0.14251504603381077,50,5,0.7162998567838376
2020-04-29,Utilities,0.05824,0.16765000000000002,0.12252758891503417,6,3,0.3593858338737245
2020-04-30,Comm,0.027611666666666673,0.06182000000000001,0.10142079087089426,27,4,0.475873713110056
2020-04-30,Consumer,0.004515166666666665,0.10723711721611721,0.08858560457560136,33,5,0.6126865122293578
2020-04-30,Energy,0.018054268398268403,0.13491950793650792,0.033408225411622514,53,5,0.970269433826827
2020-04-30,Financials,0.07254076190476191,0.11755166666666668,0.08639173786523564,23,5,0.910752311114937
2020-04-30,Healthcare,0.179091,0.0445703908045977,0.10522338511599834,83,5,0.36115331976572135
2020-04-30,Industrials,-0.04491717948717948,0.055652603174603174,0.07901364241806212,21,5,0.46458497392745385
2020-04-30,Materials,0.12081107142857142,0.3100818181818182,0.12288894355900756,36,5,0.7485736559493316
2020-04-30,RealEstate,0.07761000000000001,0.0635448484848485,0.09343945495616646,11,4,0.6148161019323292
2020-04-30,Tech,0.095801,0.20519057142857147,0.1482128210696981,23,5,0.7029296360954213
2020-04-30,Utilities,0.1116,0.05824,0.11668326265003107,11,4,0.55175804019568
2020-05-01,Comm,-0.039141666666666665,0.027611666666666673,0.09471087048869174,19,4,0.5471692269146112
2020-05-01,Consumer,0.21429016666666664,0.004515166666666665,0.08094283749297092,39,5,0.6864003580573236
2020-05-01,Energy,-0.1509876984126984,0.018054268398268403,0.03201241113768123,75,5,0.5299103419029154
2020-05-01,Financials,-0.06349833333333334,0.07254076190476191,0.0851325582324653,18,5,0.8517489565596683
2020-05-01,Healthcare,0.06907186494538232,0.179091,0.11193862283272575,84,5,0.4312958217121729
2020-05-01,Industrials,-0.07810254761904763,-0.04491717948717948,0.06774720406304016,45,5,0.6805882672762099
2020-05-01,Materials,0.10009833333333333,0.12081107142857142,0.12270004609260428,17,3,0.34702499997697606
2020-05-01,RealEstate,0.09589600000000001,0.07761000000000001,0.09200041359651497,10,3,0.4117451032206606
2020-05-01,Tech,-0.129889,0.095801,0.14344811006336192,17,5,0.8338958954670619
2020-05-01,Utilities,0.10293749999999999,0.1116,0.1162211478636646,16,4,0.5581019904125869
2020-05-04,Comm,0.07728711111111111,-0.039141666666666665,0.0825424580200228,23,3,0.5600883196696137
2020-05-04,Consumer,0.13443960439560437,0.21429016666666664,0.0930653219633069,63,5,0.5316793859975265
2020-05-04,Energy,-0.015171503496503497,-0.1509876984126984,0.015376037542192172,40,5,0.8462768570345799
2020-05-04,Financials,0.117824,-0.06349833333333334,0.07162065899921087,23,5,0.675719456633663
2020-05-04,Healthcare,0.05823666666666666,0.06907186494538232,0.10804164484296726,51,5,0.3311143628263657
2020-05-04,Industrials,0.07113238095238095,-0.07810254761904763,0.05448813572830491,35,5,0.4808970312739473
2020-05-04,Materials,-0.06517333333333333,0.10009833333333333,0.12064534493267054,13,5,0.5689009646610094
2020-05-04,RealEstate,0.09576,0.09589600000000001,0.09235455781501359,10,4,0.6176176548309908
2020-05-04,Tech,0.3324938235294118,-0.129889,0.11859928187578354,31,5,0.5624925027322697
2020-05-04,Utilities,0.20071000000000003,0.10293749999999999,0.11501354351242236,10,5,0.6651267052026055
2020-05-05,Comm,0.12469142857142856,0.07728711111111111,0.08206469921012174,35,5,0.30482763252607603
2020-05-05,Consumer,0.20941252380952383,0.13443960439560437,0.09682662036624302,49,5,0.3754287506973829
2020-05-05,Energy,0.12232757575757573,-0.015171503496503497,0.012598988356856203,36,5,0.7316567371708157
2020-05-05,Financials,0.0034966666666666675,0.117824,0.07582096272655534,22,5,0.8536745847980625
2020-05-05,Healthcare,0.1978250980392157,0.05823666666666666,0.10351391955421266,35,5,0.6134751601965894
2020-05-05,Industrials,0.2982255555555556,0.07113238095238095,0.05600124893049363,31,5,0.50609483755067
2020-05-05,Materials,0.16694956862745097,-0.06517333333333333,0.10375273781757928,38,4,0.5425854692218465
2020-05-05,RealEstate,0.09609333333333334,0.09576,0.09266414346819418,7,4,0.49222331689148374
2020-05-05,Tech,0.180675,0.3324938235294118,0.13804424020793155,20,4,0.5774613888889798
2020-05-05,Utilities,0.09546745454545455,0.20071000000000003,0.12280413046583849,26,4,0.5649334474382905
2020-05-06,Comm,-0.05072600000000001,0.12469142857142856,0.085939856424786,33,4,0.4677499179385421
2020-05-06,Consumer,0.07089329411764707,0.20941252380952383,0.10706170249745037,51,4,0.41514817557878736
2020-05-06,Energy,0.15253228571428573,0.12232757575757573,0.022574314484194342,36,4,0.5159491732240413
2020-05-06,Financials,0.04762500000000001,0.0034966666666666675,0.06924602672111091,19,5,0.8934788642023398
2020-05-06,Healthcare,0.16397444444444445,0.1978250980392157,0.1120876630528493,32,5,0.5352348509697749
2020-05-06,Industrials,0.06049199999999999,0.2982255555555556,0.0780216404418629,12,4,0.5036023643320177
2020-05-06,Materials,-0.026537714285714293,0.16694956862745097,0.10949790425484034,22,4,0.5759732138396565
2020-05-06,RealEstate,-0.025453333333333335,0.09609333333333334,0.09297588800138865,7,4,0.49222331689148374
2020-05-06,Tech,0.13057133333333332,0.180675,0.14191976382539231,21,4,0.6075341966743627
2020-05-06,Utilities,0.14140066666666667,0.09546745454545455,0.12031897810943996,14,4,0.6817823249091012
2020-05-07,Comm,0.10723133333333335,-0.05072600000000001,0.07351568765889635,23,4,0.634766762292229
2020-05-07,Consumer,0.11897666666666666,0.07089329411764707,0.10377366537201368,34,5,0.5831881191561067
2020-05-07,Energy,0.22280142857142854,0.15253228571428573,0.034388675505111745,25,5,0.8805514654263426
2020-05-07,Financials,-0.09306333333333335,0.04762500000000001,0.06728047883737356,14,5,0.7670051155227386
2020-05-07,Healthcare,0.08167833333333333,0.16397444444444445,0.11680464317935794,24,3,0.5289441349071893
2020-05-07,Industrials,0.017405000000000004,0.06049199999999999,0.0764280367653299,14,3,0.4090693949454607
2020-05-07,Materials,0.09727200000000001,-0.026537714285714293,0.09713102984206265,8,3,0.34052415232228034
2020-05-07,RealEstate,0.26164533333333334,-0.025453333333333335,0.08220959515277755,10,4,0.48036928709077076
2020-05-07,Tech,0.271362,0.13057133333333332,0.14088808832611424,14,5,0.6574329561623474
2020-05-07,Utilities,0.14364333333333335,0.14140066666666667,0.12223549525100601,15,5,0.7247386766685783
2020-05-08,Comm,0.1539,0.10723133333333335,0.07658074635657244,9,3,0.4097623639639484
2020-05-08,Consumer,0.07134315584415585,0.11897666666666666,0.10515575639880033,55,5,0.4387163854032067
2020-05-08,Energy,0.19152833333333333,0.22280142857142854,0.051517107602049625,22,5,0.6928373441839346
2020-05-08,Financials,0.05417266666666665,-0.09306333333333335,0.052703768640036563,15,5,0.7774469440626567
2020-05-08,Healthcare,-0.02470847222222223,0.08167833333333333,0.1136113422842648,32,5,0.5743250367147583
2020-05-08,Industrials,0.0052975000000000105,0.017405000000000004,0.07106230615029992,12,4,0.37410461350378466
2020-05-08,Materials,0.08760166666666666,0.09727200000000001,0.09714384531096604,18,3,0.5433570929777194
2020-05-08,RealEstate,0.07484666666666667,0.26164533333333334,0.09852193498737354,5,2,0.24312329185713755
2020-05-08,Tech,0.45508514285714285,0.271362,0.1527493530237402,14,4,0.48442428348804556
2020-05-08,Utilities,0.08539806060606062,0.14364333333333335,0.1241816623493994,21,4,0.5463986800278859
2020-05-11,Comm,0.12894285714285716,0.1539,0.08360976941506586,23,5,0.811910975024944
2020-05-11,Consumer,0.06261304166666667,0.07134315584415585,0.10208188362110537,52,5,0.4785695062948575
2020-05-11,Energy,-0.05607011111111111,0.19152833333333333,0.06424540085034815,25,5,0.7808663938686434
2020-05-11,Financials,0.161149,0.05417266666666665,0.052837304824275656,18,5,0.8293345103344136
2020-05-11,Healthcare,0.03393082125603865,-0.02470847222222223,0.10103681369276596,56,5,0.6715111601115927
2020-05-11,Industrials,0.2866916666666667,0.0052975000000000105,0.06508368740936354,19,5,0.44958490619098623
2020-05-11,Materials,0.05690200000000001,0.08760166666666666,0.09627637452512064,13,4,0.5689009646610094
2020-05-11,RealEstate,0.008289999999999997,0.07484666666666667,0.09636963786730927,6,3,0.2795223152351191
2020-05-11,Tech,0.12826677777777779,0.45508514285714285,0.18023442482677682,25,5,0.8222367988418168
2020-05-11,Utilities,0.19041166666666667,0.08539806060606062,0.12065588037273223,10,4,0.5764431445089249
2020-05-12,Comm,0.08729699999999999,0.12894285714285716,0.08773095920850144,18,5,0.8293345103344136
2020-05-12,Consumer,0.10019939999999998,0.06261304166666667,0.09849380707979276,38,4,0.42324848918771596
2020-05-12,Energy,0.15184466666666668,-0.05607011111111111,0.053307627035670026,26,5,0.7469675582795174
2020-05-12,Financials,-0.16556228571428572,0.161149,0.06268382256752332,20,5,0.8180703009260548
2020-05-12,Healthcare,-0.019863428571428567,0.03393082125603865,0.09493626892579075,23,3,0.38086005737533735
2020-05-12,Industrials,0.02477818181818182,0.2866916666666667,0.08522986734184565,14,4,0.2969052060088021
2020-05-12,Materials,0.05597266666666667,0.05690200000000001,0.09269688593192785,13,3,0.4813777393285463
2020-05-12,RealEstate,-0.29967,0.008289999999999997,0.08836239806119024,8,4,0.5675402538704672
2020-05-12,Tech,-0.04530033333333334,0.12826677777777779,0.17551009327686778,23,5,0.8951838955403228
2020-05-12,Utilities,0.149801,0.19041166666666667,0.12699731549036264,19,4,0.5471692269146112
2020-05-13,Comm,0.015159999999999996,0.08729699999999999,0.08769150837136494,4,3,0.2936912191374818
2020-05-13,Consumer,0.08190066666666666,0.10019939999999998,0.09864886098162977,36,5,0.6108643513171432
2020-05-13,Energy,-0.053962857142857146,0.15184466666666668,0.062265539729397,25,5,0.6500406106026927
2020-05-13,Financials,0.15864920779220779,-0.16556228571428572,0.04193417636008613,34,5,0.8882403660993011
2020-05-13,Healthcare,0.10926518259518261,-0.019863428571428567,0.0844999327896799,52,5,0.7041452371265482
2020-05-13,Industrials,-0.014755555555555555,0.02477818181818182,0.07973425956696711,19,5,0.6137811327998683
2020-05-13,Materials,0.14505266666666666,0.05597266666666667,0.08935832054417683,18,5,0.787867784817693
2020-05-13,RealEstate,0.21844000000000002,-0.29967,0.05308672551017295,6,4,0.4192834728526787
2020-05-13,Tech,0.15675222222222224,-0.04530033333333334,0.15543641813048586,17,4,0.5424371358863411
2020-05-13,Utilities,0.2278,0.149801,0.1290703777185115,6,3,0.3593858338737245
2020-05-14,Comm,0.1712533333333333,0.015159999999999996,0.08109773488305902,14,5,0.8003531640237274
2020-05-14,Consumer,0.129311931372549,0.08190066666666666,0.09712629786208768,39,5,0.7188542756959678
2020-05-14,Energy,-0.07579,-0.053962857142857146,0.051699321831919345,12,5,0.7702153807430859
2020-05-14,Financials,0.09045,0.15864920779220779,0.05254463376300629,30,5,0.8550182124200002
2020-05-14,Healthcare,0.12298833333333334,0.10926518259518261,0.08675131913563469,29,5,0.7587817434019357
2020-05-14,Industrials,0.04379055555555556,-0.014755555555555555,0.07114427637401051,27,4,0.5782529183209844
2020-05-14,Materials,0.137175,0.14505266666666666,0.09442144291894863,16,5,0.8770174135054938
2020-05-14,RealEstate,0.15836666666666666,0.21844000000000002,0.06811884137288449,14,5,0.6817823249091012
2020-05-14,Tech,0.146645,0.15675222222222224,0.15555603668428009,28,5,0.6851762060055064
2020-05-14,Utilities,0.18223499999999998,0.2278,0.13804579792591953,10,5,0.6176176548309908
2020-05-15,Comm,0.16168166666666667,0.1712533333333333,0.08929369837853851,16,5,0.7441359872167826
2020-05-15,Consumer,0.06764718518518517,0.129311931372549,0.1000522645448569,47,5,0.5048725171518137
2020-05-15,Energy,0.12735166666666667,-0.07579,0.04010938348356304,17,5,0.9469665253609008
2020-05-15,Financials,0.19764214285714285,0.09045,0.05599057614818753,35,5,0.8528801007611119
2020-05-15,Healthcare,-0.007057727272727276,0.12298833333333334,0.0900455931536073,39,5,0.7939304402595154
2020-05-15,Industrials,-0.03289466666666667,0.04379055555555556,0.06865757448142369,19,5,0.573860408715324
2020-05-15,Materials,0.1926277777777778,0.137175,0.09830812992631695,17,4,0.5321049999646966
2020-05-15,RealEstate,-0.04884999999999999,0.15836666666666666,0.07632318912686469,8,4,0.5675402538704672
2020-05-15,Tech,0.036669523809523805,0.146645,0.1547459424402546,45,5,0.7296396739267476
2020-05-15,Utilities,0.1668552380952381,0.18223499999999998,0.1420629981144723,15,5,0.6382027152753152
2020-05-18,Comm,0.14646866666666666,0.16168166666666667,0.09587442276836834,20,5,0.5774613888889798
2020-05-18,Consumer,0.20182033333333335,0.06764718518518517,0.09710634823943218,49,5,0.5564001994692382
2020-05-18,Energy,0.14312569841269843,0.12735166666666667,0.04804050013657246,48,5,0.7971778384052336
2020-05-18,Financials,0.07014379365079365,0.19764214285714285,0.06886799130354711,35,5,0.903234645455495
2020-05-18,Healthcare,0.1347,-0.007057727272727276,0.08121801856939506,32,5,0.6553195931745319
2020-05-18,Industrials,0.3855335454545455,-0.03289466666666667,0.05942555255887002,26,5,0.7387591235731492
2020-05-18,Materials,0.08103,0.1926277777777778,0.10688264336735884,12,4,0.4849504249123133
2020-05-18,RealEstate,0.4415266666666667,-0.04884999999999999,0.06494380829714971,7,4,0.49222331689148385
2020-05-18,Tech,0.07576952380952381,0.036669523809523805,0.14401172256473363,26,5,0.8403385030644572
2020-05-18,Utilities,0.2606533333333333,0.1668552380952381,0.14431683811272372,13,4,0.5903689255916134
2020-05-19,Comm,0.15780983333333332,0.14646866666666666,0.10047389948639544,20,5,0.7271736008231598
2020-05-19,Consumer,-0.05520902564102566,0.20182033333333335,0.10662580142978684,44,5,0.47560397561833284
2020-05-19,Energy,0.124416,0.14312569841269843,0.05668460907076574,9,4,0.4361986455100096
2020-05-19,Financials,0.060369285714285716,0.07014379365079365,0.06898397333511497,20,5,0.8013749886622578
2020-05-19,Healthcare,0.2208736666666667,0.1347,0.08608001688126823,16,5,0.8185495859384608
2020-05-19,Industrials,-0.10176999999999999,0.3855335454545455,0.08907173373120417,12,4,0.37410461350378466
2020-05-19,Materials,0.02493666666666667,0.08103,0.1045324030612353,10,3,0.3930294167106305
2020-05-19,RealEstate,0.06254,0.4415266666666667,0.09917861360346944,6,3,0.4192834728526787
2020-05-19,Tech,0.10197799999999999,0.07576952380952381,0.13780788631426,17,4,0.6421956896125648
2020-05-19,Utilities,0.05464,0.2606533333333333,0.1548928831327791,1,1,0.03625384938440364
2020-05-20,Comm,0.022536666666666667,0.15780983333333332,0.10568625710884434,27,5,0.8796453484761643
2020-05-20,Consumer,-0.021982626050420163,-0.05520902564102566,0.09191354442334934,34,5,0.5716398395688571
2020-05-20,Energy,-0.022844285714285713,0.124416,0.06284200824615066,21,5,0.8434698070333385
2020-05-20,Financials,0.38422666666666666,0.060369285714285716,0.06820081991503958,18,5,0.6060521421674562
2020-05-20,Healthcare,0.01466531135531136,0.2208736666666667,0.09833398504357718,30,3,0.48009044012887714
2020-05-20,Industrials,0.11932666666666665,-0.10176999999999999,0.0717224852101856,8,4,0.5675402538704672
2020-05-20,Materials,0.11316,0.02493666666666667,0.09729642702536542,15,3,0.5278960731289644
2020-05-20,RealEstate,0.06369,0.06254,0.09584783054860857,7,5,0.6712136139429324
2020-05-20,Tech,0.2370016666666667,0.10197799999999999,0.13455062392205455,17,5,0.8097249999462773
2020-05-20,Utilities,0.017626666666666662,0.05464,0.14577898466616285,5,2,0.24312329185713755
2020-05-21,Comm,0.10847199999999999,0.022536666666666667,0.09812720343228273,11,5,0.6148161019323292
2020-05-21,Consumer,0.024796969696969696,-0.021982626050420163,0.08155934710755211,40,5,0.8202375691258236
2020-05-21,Energy,-0.04973999999999999,-0.022844285714285713,0.05505234515883826,13,5,0.8456635961177164
2020-05-21,Financials,0.08162500000000002,0.38422666666666666,0.09693044234700568,22,5,0.9019957877111602
2020-05-21,Healthcare,0.10879533333333333,0.01466531135531136,0.09072774198100755,21,5,0.8119382254619988
2020-05-21,Industrials,0.006016666666666667,0.11932666666666665,0.07605013806986569,9,4,0.34672200027718714
2020-05-21,Materials,0.15098333333333333,0.11316,0.09873857002305948,9,5,0.7116925268847526
2020-05-21,RealEstate,0.0,0.06369,0.09292439140782598,2,2,0.13187198158574429
2020-05-21,Tech,0.041902777777777775,0.2370016666666667,0.14386435508065562,21,5,0.7179949597060651
2020-05-21,Utilities,0.24737,0.017626666666666662,0.1341287739389359,9,4,0.4361986455100096
2020-05-22,Comm,0.012400000000000012,0.10847199999999999,0.09906763948389341,10,5,0.6651267052026054
2020-05-22,Consumer,0.003622666666666663,0.024796969696969696,0.07639913097931735,18,3,0.47036882675683156
2020-05-22,Energy,-0.04422533333333334,-0.04973999999999999,0.045525768326216604,19,5,0.8504196418311428
2020-05-22,Financials,0.15937333333333334,0.08162500000000002,0.09553903849727788,8,4,0.5107862284834206
2020-05-22,Healthcare,0.15455833333333333,0.10879533333333333,0.09237025028576444,22,5,0.8102674025201947
2020-05-22,Industrials,0.06799,0.006016666666666667,0.06968345885139306,4,3,0.2936912191374818
2020-05-22,Materials,0.05464,0.15098333333333333,0.1034880939603571,7,4,0.49222331689148385
2020-05-22,RealEstate,0.1760525,0.0,0.08447671946165998,14,3,0.438288637441565
2020-05-22,Tech,-0.15452000000000002,0.041902777777777775,0.13459512078039398,28,5,0.37195279754584626
2020-05-22,Utilities,0.04166,0.24737,0.1444234308535781,5,2,0.24312329185713755
2020-05-26,Comm,0.13780466666666666,0.012400000000000012,0.09118876316717582,20,5,0.8354760520095879
2020-05-26,Consumer,0.20328895238095238,0.003622666666666663,0.06978308876907637,46,5,0.7693768002275319
2020-05-26,Energy,0.10177142857142858,-0.04422533333333334,0.037366577266257514,29,5,0.9693107820336864
2020-05-26,Financials,0.1617402380952381,0.15937333333333334,0.10134215620964655,28,5,0.9643220677114536
2020-05-26,Healthcare,0.04454904761904761,0.15455833333333333,0.09802371238099798,61,5,0.5396637101776195
2020-05-26,Industrials,0.3014,0.06799,0.06952950804672095,16,5,0.598938721418386
2020-05-26,Materials,0.11875833333333334,0.05464,0.09904735814577918,9,3,0.4662813107175965
2020-05-26,RealEstate,0.06588666666666666,0.1760525,0.09280179041969089,5,3,0.2873275267402534
2020-05-26,Tech,0.09751245238095238,-0.15452000000000002,0.10831192798217634,29,5,0.9163429797367638
2020-05-26,Utilities,0.19776,0.04166,0.13508130077598007,5,3,0.35117808823808755
2020-05-27,Comm,0.17826333333333336,0.13780466666666666,0.09542657257622045,22,5,0.7030261286572277
2020-05-27,Consumer,0.15308409090909092,0.20328895238095238,0.08191998546106509,37,5,0.48430555574159767
2020-05-27,Energy,-0.059336,0.10177142857142858,0.043221563748545785,14,4,0.6347628542257148
2020-05-27,Financials,0.2880202142857143,0.1617402380952381,0.10683289092651851,25,5,0.8222367988418166
2020-05-27,Healthcare,-0.007068444444444435,0.04454904761904761,0.09316237922082068,24,4,0.6077230486167707
2020-05-27,Industrials,0.35092285714285715,0.3014,0.09060864367883723,27,5,0.5603918243187919
2020-05-27,Materials,0.0,0.11875833333333334,0.1008392649810114,5,2,0.24312329185713755
2020-05-27,RealEstate,0.0,0.06588666666666666,0.09035496098759777,1,1,0.03625384938440364
2020-05-27,Tech,0.15682333333333334,0.09751245238095238,0.10733015747297418,13,5,0.8456635961177164
2020-05-27,Utilities,0.17199,0.19776,0.14077936434180008,7,4,0.5679499810286353
2020-05-28,Comm,0.09534436363636364,0.17826333333333336,0.10295718719050344,23,5,0.6425553115228084
2020-05-28,Consumer,0.0659475,0.15308409090909092,0.08838944959270381,33,5,0.6651489658759085
2020-05-28,Energy,0.14303,-0.059336,0.033898148862314355,10,5,0.6651267052026054
2020-05-28,Financials,0.0135845,0.2880202142857143,0.1233044657773545,24,5,0.723113500885778
2020-05-28,Healthcare,-0.06203166666666667,-0.007068444444444435,0.08405048616034203,20,5,0.47310089692109186
2020-05-28,Industrials,0.1432194761904762,0.35092285714285715,0.1142735721755663,45,5,0.709194429123196
2020-05-28,Materials,0.127,0.0,0.0916720590736467,8,4,0.4643511168031096
2020-05-28,RealEstate,0.16668,0.0,0.08214087362508889,4,4,0.4405368287062228
2020-05-28,Tech,0.1362752380952381,0.15682333333333334,0.11182953709664319,19,5,0.6475672502016958
2020-05-28,Utilities,0.09992000000000001,0.17199,0.14361669485618186,10,4,0.5086263039784631
2020-05-29,Comm,0.10081000000000002,0.09534436363636364,0.10226511232194527,14,4,0.472003148013993
2020-05-29,Consumer,0.08072742857142859,0.0659475,0.08634927235700346,18,5,0.7162434407433574
2020-05-29,Energy,0.23055599999999998,0.14303,0.04381922623846759,20,5,0.5860802155888153
2020-05-29,Financials,0.041302000000000005,0.0135845,0.11332992343395862,25,5,0.7434596205096664
2020-05-29,Healthcare,0.15832388888888888,-0.06203166666666667,0.07077029044879578,25,4,0.7014562521192899
2020-05-29,Industrials,0.15063333333333334,0.1432194761904762,0.11690501799510358,13,4,0.3596500351305232
2020-05-29,Materials,0.003600000000000001,0.127,0.09488369006695155,7,2,0.25459826735766405
2020-05-29,RealEstate,0.01204,0.16668,0.0898262487500808,6,3,0.3593858338737245
2020-05-29,Tech,0.135827,0.1362752380952381,0.1140518735510609,12,4,0.5692896292448896
2020-05-29,Utilities,0.17097333333333334,0.09992000000000001,0.1396442680510744,12,4,0.6235076891729743
2020-06-01,Comm,0.15972342857142857,0.10081000000000002,0.10213282938358662,17,5,0.6573061764269782
2020-06-01,Consumer,0.11181087081339713,0.08072742857142859,0.08583819564922392,47,5,0.7277816351035208
2020-06-01,Energy,-0.0928671212121212,0.23055599999999998,0.06079529658042508,19,4,0.48016891341486284
2020-06-01,Financials,0.06342099999999999,0.041302000000000005,0.10678193039450785,23,5,0.9788459418525026
2020-06-01,Healthcare,0.12184555555555557,0.15832388888888888,0.07872970848880424,60,4,0.47058534390006895
2020-06-01,Industrials,0.11371499999999998,0.15063333333333334,0.11997122848039718,19,5,0.44392975013826946
2020-06-01,Materials,0.05464,0.003600000000000001,0.08658517278813777,7,3,0.2734573982730465
2020-06-01,RealEstate,-0.020700000000000003,0.01204,0.08275477159098255,6,4,0.4192834728526787
2020-06-01,Tech,0.14087666666666665,0.135827,0.11603143050096446,15,5,0.7247386766685783
2020-06-01,Utilities,0.05445333333333333,0.17097333333333334,0.14249236489491615,8,4,0.5107862284834206
2020-06-02,Comm,0.17357666666666666,0.15972342857142857,0.10736833840066315,9,3,0.32980873197098287
2020-06-02,Consumer,-0.11654666666666666,0.11181087081339713,0.08819934793687603,20,5,0.8726083209877918
2020-06-02,Energy,0.13449142857142857,-0.0928671212121212,0.046825985872011776,16,4,0.49112975156307653
2020-06-02,Financials,0.08998911111111112,0.06342099999999999,0.10284002763137076,26,5,0.6464142331265055
2020-06-02,Healthcare,0.03646848484848485,0.12184555555555557,0.082649330949418,25,5,0.6936187520956106
2020-06-02,Industrials,0.38272666666666666,0.11371499999999998,0.1194024804367247,14,5,0.6347628542257148
2020-06-02,Materials,0.219765,0.05464,0.08368106617103432,8,4,0.4643511168031096
2020-06-02,RealEstate,0.08968000000000001,-0.020700000000000003,0.07334979235543868,5,3,0.35117808823808755
2020-06-02,Tech,0.23620666666666668,0.14087666666666665,0.1182900883342101,13,5,0.7276640245664072
2020-06-02,Utilities,0.131285,0.05445333333333333,0.1344888165711359,6,3,0.2795223152351191
2020-06-03,Comm,-0.07269666666666666,0.17357666666666666,0.11338727733393619,12,5,0.5455692280263525
2020-06-03,Consumer,0.1979542857142857,-0.11654666666666666,0.0695860738820085,33,5,0.7274371633492376
2020-06-03,Energy,0.42173,0.13449142857142857,0.05479557157195876,12,4,0.4849504249123133
2020-06-03,Financials,0.21618428571428572,0.08998911111111112,0.10167176249316534,26,5,0.9468602851430503
2020-06-03,Healthcare,0.25402650793650794,0.03646848484848485,0.07845107221296953,20,5,0.5774613888889799
2020-06-03,Industrials,0.33503710144927534,0.38272666666666666,0.14334104282126486,37,5,0.4661544105519637
2020-06-03,Materials,0.12638,0.219765,0.09605233288275847,11,4,0.45784177803471326
2020-06-03,RealEstate,0.0872,0.08968000000000001,0.07483435668676243,6,5,0.6289252092790181
2020-06-03,Tech,0.168804,0.23620666666666668,0.12900977727352433,6,2,0.1935154490089286
2020-06-03,Utilities,0.0,0.131285,0.13419756051921444,1,1,0.03625384938440364
2020-06-04,Comm,0.160185,-0.07269666666666666,0.09647055515206321,11,5,0.614816101932329
2020-06-04,Consumer,0.16785,0.1979542857142857,0.08125591132130643,11,4,0.5815827991251763
2020-06-04,Energy,0.07703600000000001,0.42173,0.08815324688359887,12,5,0.654683073631623
2020-06-04,Financials,0.17248166666666667,0.21618428571428572,0.11208199187690356,20,5,0.8924403282829687
2020-06-04,Healthcare,0.10282650793650794,0.25402650793650794,0.09441247546056393,21,5,0.6250171951398121
2020-06-04,Industrials,0.08098619047619046,0.33503710144927534,0.16076795724199308,20,4,0.6889013060429936
2020-06-04,Materials,-0.0256,0.12638,0.09880939352978044,4,4,0.4405368287062228
2020-06-04,RealEstate,0.059199999999999996,0.0872,0.07595850607887493,2,2,0.13187198158574429
2020-06-04,Tech,0.091885,0.168804,0.13262743388502213,11,3,0.5248430138446711
2020-06-04,Utilities,-0.036432,0.0,0.12199778229019494,7,3,0.2734573982730465
2020-06-05,Comm,0.1169293333333333,0.160185,0.10226277741096654,11,4,0.5517580401956801
2020-06-05,Consumer,0.118412,0.16785,0.08912810120118766,14,3,0.525946364929878
2020-06-05,Energy,0.25553666666666663,0.07703600000000001,0.08714258807599898,33,5,0.708481146063264
2020-06-05,Financials,0.37302366666666664,0.17248166666666667,0.11757287140324565,20,5,0.934937486772634
2020-06-05,Healthcare,0.096875,0.10282650793650794,0.09517738750383156,8,3,0.3929124834487851
2020-06-05,Industrials,0.35077,0.08098619047619046,0.15351506935419285,25,5,0.5421736097166563
2020-06-05,Materials,0.249085,-0.0256,0.08749944866343676,7,4,0.3885973554406451
2020-06-05,RealEstate,0.0,0.059199999999999996,0.07443500552624993,2,2,0.13187198158574429
2020-06-05,Tech,0.11492555555555554,0.091885,0.12892357625911102,15,3,0.4233621972618429
2020-06-05,Utilities,0.044555,-0.036432,0.10759507480926811,6,2,0.2515700837116072
2020-06-08,Comm,-0.1130925,0.1169293333333333,0.10359610067663624,16,5,0.5710811064686936
2020-06-08,Consumer,0.16258666666666666,0.118412,0.0917902738192615,20,5,0.8354760520095879
2020-06-08,Energy,0.12971057142857145,0.25553666666666663,0.10245114067515057,19,5,0.7756574755163171
2020-06-08,Financials,0.2058357142857143,0.37302366666666664,0.14079567097264759,13,5,0.5303314077348392
2020-06-08,Healthcare,0.055461315789473685,0.096875,0.09533171591257414,33,5,0.5191019375690263
2020-06-08,Industrials,0.07758941176470587,0.35077,0.17144733577653895,25,5,0.4044226600166589
2020-06-08,Materials,0.08176,0.249085,0.10218904423948796,3,2,0.1624278110061505
2020-06-08,RealEstate,0.10444,0.0,0.0676681868420454,3,2,0.1624278110061505
2020-06-08,Tech,0.09585333333333333,0.11492555555555554,0.12765102892242414,16,5,0.7921447605856073
2020-06-08,Utilities,0.31623999999999997,0.044555,0.10186415891751648,2,2,0.13187198158574429
2020-06-09,Comm,-0.04588,-0.1130925,0.08389713697876022,6,3,0.4192834728526787
2020-06-09,Consumer,0.003335047619047615,0.16258666666666666,0.09822630953266197,26,3,0.4636350361734937
2020-06-09,Energy,0.41830733333333336,0.12971057142857145,0.10492927074364337,20,5,0.5530616118936709
2020-06-09,Financials,0.14346190476190476,0.2058357142857143,0.14670840218292636,21,5,0.8119382254619988
2020-06-09,Healthcare,0.0009408333333333324,0.055461315789473685,0.09170713408320137,12,3,0.35388274250358004
2020-06-09,Industrials,0.100853,0.07758941176470587,0.16291479723000868,24,4,0.533887538037163
2020-06-09,Materials,0.15012,0.08176,0.10033185839953451,2,2,0.13187198158574429
2020-06-09,RealEstate,0.00516,0.10444,0.071011078947314,3,2,0.1624278110061505
2020-06-09,Tech,0.29664238095238094,0.09585333333333333,0.12476032932341588,22,5,0.7030261286572279
2020-06-09,Utilities,0.12929000000000002,0.31623999999999997,0.12135287174319678,5,2,0.24312329185713755
2020-06-10,Comm,0.009570000000000013,-0.04588,0.07209921543523658,6,4,0.5031401674232144
2020-06-10,Consumer,-0.022498963636363632,0.003335047619047615,0.08959983117687885,48,5,0.5632870300711798
2020-06-10,Energy,-0.15578888888888887,0.41830733333333336,0.13341818552452428,24,5,0.5950621517705879
2020-06-10,Financials,0.15741238095238094,0.14346190476190476,0.14641326605374255,19,4,0.672236478780808
2020-06-10,Healthcare,0.07865777777777778,0.0009408333333333324,0.08345565219684972,24,4,0.5770299653532974
2020-06-10,Industrials,0.022053333333333335,0.100853,0.15727281566364423,16,2,0.21731404936419316
2020-06-10,Materials,0.0,0.15012,0.1048580530904859,0,0,0.0
2020-06-10,RealEstate,0.004915,0.00516,0.06502461722483091,4,1,0.1101342071765557
2020-06-10,Tech,0.01326500000000001,0.29664238095238094,0.14038597038059453,16,4,0.62965352764497
2020-06-10,Utilities,0.0,0.12929000000000002,0.12207442885745161,3,3,0.27071301834358413
2020-06-11,Comm,0.006903809523809526,0.009570000000000013,0.06641474130476052,14,5,0.5752538366420541
2020-06-11,Consumer,0.04995316017316017,-0.022498963636363632,0.07940903164840227,38,5,0.8154109311469558
2020-06-11,Energy,-0.098045,-0.15578888888888887,0.10712663330512306,27,5,0.6567487895862765
2020-06-11,Financials,0.09272422222222224,0.15741238095238094,0.14741318558998243,28,5,0.8583526097211839
2020-06-11,Healthcare,0.21064,0.07865777777777778,0.08301948179511591,8,5,0.7296946121191722
2020-06-11,Industrials,0.10474238095238095,0.022053333333333335,0.1449801354517978,25,5,0.54695046971416
2020-06-11,Materials,0.14028000000000002,0.0,0.09532550280953264,4,3,0.2936912191374818
2020-06-11,RealEstate,0.14750999999999997,0.004915,0.05956010656802809,4,3,0.2936912191374818
2020-06-11,Tech,0.17045166666666667,0.01326500000000001,0.12882951852781319,14,4,0.7363249109018293
2020-06-11,Utilities,0.12728,0.0,0.11097675350677419,2,2,0.13187198158574429
2020-06-12,Comm,0.06633333333333333,0.006903809523809526,0.06100465659740133,9,3,0.5008206670670481
2020-06-12,Consumer,0.16441361904761903,0.04995316017316017,0.07673122515065298,20,5,0.7012031150794755
2020-06-12,Energy,0.027370000000000016,-0.098045,0.08847466664102097,10,5,0.6651267052026054
2020-06-12,Financials,0.03857000000000001,0.09272422222222224,0.14244146164745874,6,3,0.3593858338737245
2020-06-12,Healthcare,0.019198,0.21064,0.09462134708646901,10,4,0.5086263039784631
2020-06-12,Industrials,-0.05686199999999999,0.10474238095238095,0.14132215777003262,15,4,0.392289742416937
2020-06-12,Materials,0.006530000000000003,0.14028000000000002,0.09941227528139332,4,3,0.2936912191374818
2020-06-12,RealEstate,0.059199999999999996,0.14750999999999997,0.06755555142548007,1,1,0.03625384938440364
2020-06-12,Tech,0.08545666666666667,0.17045166666666667,0.13261335017679987,19,4,0.42778685013324147
2020-06-12,Utilities,0.05464,0.12728,0.11245886682434017,1,1,0.03625384938440364
2020-06-15,Comm,0.018013333333333326,0.06633333333333333,0.06148908175521332,16,4,0.701613930804395
2020-06-15,Consumer,0.00854649350649351,0.16441361904761903,0.08470235186855898,33,5,0.637840797188921
2020-06-15,Energy,0.04342111111111112,0.027370000000000016,0.08291969694638271,20,3,0.4315096092796772
2020-06-15,Financials,0.072435,0.03857000000000001,0.13299860149768977,14,4,0.7080047220209896
2020-06-15,Healthcare,0.17032571428571427,0.019198,0.08776467916951727,19,5,0.6988597056632162
2020-06-15,Industrials,0.051806571428571424,-0.05686199999999999,0.1233054161545751,22,4,0.5901947746752035
2020-06-15,Materials,0.05464,0.006530000000000003,0.09096843207399391,1,1,0.03625384938440364
2020-06-15,RealEstate,0.04019,0.059199999999999996,0.06679595584134553,2,1,0.06593599079287214
2020-06-15,Tech,0.14736666666666667,0.08545666666666667,0.12832637894860593,13,4,0.5903689255916134
2020-06-15,Utilities,0.21602000000000002,0.05464,0.10720260620394562,4,2,0.2202684143531114
2020-06-16,Comm,0.09305,0.018013333333333326,0.05753674098958787,23,5,0.6124942443170629
2020-06-16,Consumer,0.17452,0.00854649350649351,0.07777909201746211,12,4,0.5237464589052984
2020-06-16,Energy,0.054147499999999994,0.04342111111111112,0.07932891641590346,15,4,0.5030539049817191
2020-06-16,Financials,0.08123333333333334,0.072435,0.12749281954335434,10,4,0.5764431445089249
2020-06-16,Healthcare,0.07804666666666665,0.17032571428571427,0.09527022781644427,11,4,0.6520776838676219
2020-06-16,Industrials,0.10653300000000002,0.051806571428571424,0.11680552117948384,24,4,0.5546210346599655
2020-06-16,Materials,0.0,0.05464,0.08766584733999447,1,1,0.03625384938440364
2020-06-16,RealEstate,0.10523,0.04019,0.06437723258304137,4,2,0.2202684143531114
2020-06-16,Tech,0.20773000000000003,0.14736666666666667,0.13005731419570238,10,4,0.6176176548309908
2020-06-16,Utilities,0.16722,0.21602000000000002,0.11709509654904146,3,2,0.1624278110061505
2020-06-17,Comm,0.12827833333333333,0.09305,0.06076521908144352,12,5,0.7274256373684701
2020-06-17,Consumer,0.17689083333333333,0.17452,0.08657372001587464,20,5,0.7408938574424647
2020-06-17,Energy,-0.0004159999999999997,0.054147499999999994,0.07703969674173042,10,4,0.5086263039784631
2020-06-17,Financials,-0.025888,0.08123333333333334,0.12328741170607968,10,4,0.5086263039784631
2020-06-17,Healthcare,-0.10197,0.07804666666666665,0.09370444953010085,9,4,0.34672200027718714
2020-06-17,Industrials,0.0,0.10653300000000002,0.1158716556177126,6,3,0.2795223152351191
2020-06-17,Materials,-0.12248,0.0,0.07969622485454042,1,1,0.03625384938440364
2020-06-17,RealEstate,-0.008280000000000004,0.10523,0.0680911205300376,3,2,0.1624278110061505
2020-06-17,Tech,0.042510000000000006,0.20773000000000003,0.13711846745063852,6,4,0.5031401674232144
2020-06-17,Utilities,0.0,0.16722,0.12165190595367406,3,3,0.27071301834358413
2020-06-18,Comm,0.009248999999999999,0.12827833333333333,0.06690277492252442,16,4,0.416211653867014
2020-06-18,Consumer,0.06908252380952382,0.17689083333333333,0.09478436668109816,29,5,0.7259340488823715
2020-06-18,Energy,0.05067733333333334,-0.0004159999999999997,0.06999826976520947,12,4,0.5951664305742027
2020-06-18,Financials,-0.09981999999999999,-0.025888,0.10972601064189062,9,5,0.5879199135134913
2020-06-18,Healthcare,0.25315333333333334,-0.10197,0.07591586320918259,8,4,0.5675402538704672
2020-06-18,Industrials,-0.037181,0.0,0.10533786874337507,10,3,0.4117451032206606
2020-06-18,Materials,0.0,-0.12248,0.06131656804958219,3,3,0.27071301834358413
2020-06-18,RealEstate,0.20776,-0.008280000000000004,0.061148291390943285,3,3,0.27071301834358413
2020-06-18,Tech,0.21376,0.042510000000000006,0.12851769768239865,5,4,0.45151468487754115
2020-06-18,Utilities,0.08632,0.0,0.11059264177606731,2,1,0.06593599079287214
2020-06-19,Comm,0.12429333333333333,0.009248999999999999,0.06166152265684037,11,4,0.5517580401956801
2020-06-19,Consumer,0.01673266666666668,0.06908252380952382,0.09244783551095505,21,5,0.7063202449140965
2020-06-19,Energy,0.18958904761904763,0.05067733333333334,0.06824182099867528,17,3,0.5531784653098332
2020-06-19,Financials,-0.08318,-0.09981999999999999,0.09067637331080966,8,4,0.5675402538704672
2020-06-19,Healthcare,0.13482333333333335,0.25315333333333334,0.09202836049319629,9,4,0.34672200027718714
2020-06-19,Industrials,0.08808,-0.037181,0.09238160794852279,5,4,0.45151468487754115
2020-06-19,Materials,-0.04526,0.0,0.05574233459052926,2,2,0.13187198158574429
2020-06-19,RealEstate,0.0,0.20776,0.07447662853722117,0,0,0.0
2020-06-19,Tech,-0.12972,0.21376,0.13626699789308966,5,3,0.35117808823808755
2020-06-19,Utilities,0.12854000000000002,0.08632,0.108386037978243,2,2,0.13187198158574429
2020-06-22,Comm,0.14001666666666665,0.12429333333333333,0.06735532362743064,11,4,0.4781903015029228
2020-06-22,Consumer,0.04642333333333333,0.01673266666666668,0.08556463834329246,49,5,0.7444548405301592
2020-06-22,Energy,0.17707333333333333,0.18958904761904763,0.07927338705507275,7,4,0.49222331689148374
2020-06-22,Financials,-0.0517,-0.08318,0.0748712484643724,9,4,0.6439122862290618
2020-06-22,Healthcare,0.2720066666666666,0.13482333333333335,0.09591881256957238,12,4,0.31175384458648714
2020-06-22,Industrials,0.07751333333333332,0.08808,0.09199055268047526,6,3,0.3593858338737245
2020-06-22,Materials,0.04194,-0.04526,0.046560304173208424,6,2,0.2795223152351191
2020-06-22,RealEstate,0.0,0.0,0.06770602594292832,0,0,0.0
2020-06-22,Tech,0.1285697142857143,-0.12972,0.11208636172099062,13,3,0.41719404075140687
2020-06-22,Utilities,0.02477666666666667,0.12854000000000002,0.11021821634385727,6,3,0.3593858338737245
2020-06-23,Comm,0.12151833333333333,0.14001666666666665,0.07396090026736117,8,3,0.3929124834487851
2020-06-23,Consumer,0.18600666666666668,0.04642333333333333,0.08200633788784162,40,5,0.9087859430655433
2020-06-23,Energy,0.14533000000000001,0.17707333333333333,0.08816429126218735,8,4,0.4643511168031096
2020-06-23,Financials,0.12217000000000003,-0.0517,0.06336477133124765,12,4,0.5237464589052984
2020-06-23,Healthcare,0.003192500000000001,0.2720066666666666,0.11192679930567187,14,4,0.472003148013993
2020-06-23,Industrials,0.17159799999999997,0.07751333333333332,0.09067444183073507,15,5,0.3996222609667862
2020-06-23,Materials,0.04588,0.04194,0.04614027652109857,5,3,0.35117808823808755
2020-06-23,RealEstate,0.0,0.0,0.06155093267538938,4,3,0.2936912191374818
2020-06-23,Tech,0.059653333333333336,0.1285697142857143,0.11358484831778368,12,4,0.6235076891729743
2020-06-23,Utilities,0.05464,0.02477666666666667,0.10245080273683993,5,4,0.45151468487754115
2020-06-24,Comm,0.10274121212121212,0.12151833333333333,0.07828430327335864,16,3,0.36651473997244516
2020-06-24,Consumer,-0.02536566666666667,0.18600666666666668,0.09146091323137118,25,5,0.7617040283749343
2020-06-24,Energy,-0.15471785714285713,0.14533000000000001,0.09336117387471576,16,5,0.663688853463617
2020-06-24,Financials,0.05100200000000001,0.12217000000000003,0.06871070121022513,10,3,0.4550866930333618
2020-06-24,Healthcare,0.015766666666666665,0.003192500000000001,0.10204186300515623,8,4,0.5675402538704672
2020-06-24,Industrials,-0.034453333333333336,0.17159799999999997,0.09803112893703189,13,5,0.6135206481638334
2020-06-24,Materials,0.0,0.04588,0.04611661501918051,1,1,0.03625384938440364
2020-06-24,RealEstate,-0.07224,0.0,0.05595539334126308,2,2,0.13187198158574429
2020-06-24,Tech,-0.24705666666666665,0.059653333333333336,0.10868198331919728,7,4,0.49222331689148385
2020-06-24,Utilities,-0.02054,0.05464,0.09810436612439995,1,1,0.03625384938440364
2020-06-25,Comm,0.07029866666666666,0.10274121212121212,0.08050765862316352,10,3,0.4550866930333618
2020-06-25,Consumer,0.092059,-0.02536566666666667,0.08084031505882228,44,5,0.49005270399154804
2020-06-25,Energy,0.1012152380952381,-0.15471785714285713,0.07080853469130005,17,5,0.6139673076515729
2020-06-25,Financials,-0.01028685714285715,0.05100200000000001,0.06710081928202286,22,5,0.8242375301498532
2020-06-25,Healthcare,0.0934025,0.015766666666666665,0.09419866333802082,12,3,0.36371281868423505
2020-06-25,Industrials,-0.059824705882352947,-0.034453333333333336,0.08598708691245323,20,4,0.2689546194825386
2020-06-25,Materials,0.08038,0.0,0.041924195471982284,1,1,0.03625384938440364
2020-06-25,RealEstate,0.0,-0.07224,0.04430126667387553,0,0,0.0
2020-06-25,Tech,-0.25697000000000003,-0.24705666666666665,0.0763421060477551,5,3,0.35117808823808755
2020-06-25,Utilities,0.0,-0.02054,0.0873185146585454,2,1,0.06593599079287214
2020-06-26,Comm,0.1451,0.07029866666666666,0.07957956844530015,5,2,0.185917811420164
2020-06-26,Consumer,0.1772958823529412,0.092059,0.08186019550802025,24,5,0.3758287274340555
2020-06-26,Energy,0.04991333333333333,0.1012152380952381,0.07357278045529442,9,3,0.4662813107175965
2020-06-26,Financials,0.010400476190476193,-0.01028685714285715,0.06006557597067012,15,4,0.6022476327245933
2020-06-26,Healthcare,-0.036850999999999995,0.0934025,0.0941262848527462,10,3,0.4117451032206606
2020-06-26,Industrials,0.01019888888888889,-0.059824705882352947,0.07273146938565267,12,3,0.30450375517749906
2020-06-26,Materials,0.068,0.08038,0.045420177701802074,1,1,0.03625384938440364
2020-06-26,RealEstate,0.0038199999999999996,0.0,0.0402738787944323,2,1,0.06593599079287214
2020-06-26,Tech,-0.021609999999999997,-0.25697000000000003,0.046041005497959184,3,2,0.1624278110061505
2020-06-26,Utilities,0.068,0.0,0.07938046787140492,4,3,0.2936912191374818
2020-06-29,Comm,0.020961025641025643,0.1451,0.08553597131390923,22,5,0.48781404845603554
2020-06-29,Consumer,0.04655276923076923,0.1772958823529412,0.0905361670393767,46,5,0.8671254920597183
2020-06-29,Energy,0.05896000000000001,0.04991333333333333,0.07142192162602523,8,4,0.5675402538704672
2020-06-29,Financials,0.13596133333333332,0.010400476190476193,0.055550566899743394,18,4,0.7003269198379494
2020-06-29,Healthcare,0.167875,-0.036850999999999995,0.08221925895704199,26,5,0.47011944227382224
2020-06-29,Industrials,0.09094642857142857,0.01019888888888889,0.06704668934049232,30,2,0.2278601835129442
2020-06-29,Materials,0.04526,0.068,0.04747288881982007,2,2,0.13187198158574429
2020-06-29,RealEstate,0.0,0.0038199999999999996,0.036959889813120275,1,1,0.03625384938440364
2020-06-29,Tech,0.07673333333333333,-0.021609999999999997,0.0398909140890538,6,2,0.2795223152351191
2020-06-29,Utilities,0.0,0.068,0.07834587988309537,1,1,0.03625384938440364
2020-06-30,Comm,0.09233428571428572,0.020961025641025643,0.07966552170728344,9,3,0.26514035315314305
2020-06-30,Consumer,0.07107333333333334,0.04655276923076923,0.0865376763295033,29,5,0.9922530490640696
2020-06-30,Energy,0.10188466666666667,0.05896000000000001,0.07028901966002293,15,4,0.7247386766685783
2020-06-30,Financials,0.03491928571428572,0.13596133333333332,0.06286063657552429,22,5,0.7354734884414076
2020-06-30,Healthcare,0.12783,0.167875,0.0900061445064018,8,3,0.4256551904028505
2020-06-30,Industrials,0.07881400000000001,0.09094642857142857,0.06921939290694108,20,4,0.33561858499530456
2020-06-30,Materials,0.04046,0.04526,0.04727171710892733,3,3,0.27071301834358413
2020-06-30,RealEstate,0.14436,0.0,0.03359989983010934,2,2,0.13187198158574429
2020-06-30,Tech,0.15967599999999998,0.07673333333333333,0.04324022492944284,9,2,0.32980873197098287
2020-06-30,Utilities,0.034,0.0,0.07122352716645033,2,1,0.06593599079287214
2020-07-01,Comm,-0.02744,0.09233428571428572,0.08081722752610183,6,4,0.5031401674232144
2020-07-01,Consumer,-0.08466640259740259,0.07107333333333334,0.0851318269662151,29,5,0.7799570478689665
2020-07-01,Energy,0.04746333333333334,0.10188466666666667,0.07316135120608144,7,4,0.49222331689148385
2020-07-01,Financials,-0.19028499999999998,0.03491928571428572,0.06032051376995715,7,3,0.351588083493917
2020-07-01,Healthcare,0.1979388888888889,0.12783,0.09344467682400164,16,4,0.501152807717425
2020-07-01,Industrials,0.15603666666666666,0.07881400000000001,0.07009162991540098,12,3,0.35388274250358004
2020-07-01,Materials,0.04046,0.04046,0.046652470099024845,2,2,0.13187198158574429
2020-07-01,RealEstate,0.0,0.14436,0.04366899984555394,2,2,0.13187198158574429
2020-07-01,Tech,0.10859999999999999,0.15967599999999998,0.05382529539040258,5,3,0.35117808823808755
2020-07-01,Utilities,0.14079999999999998,0.034,0.06783957015131849,6,4,0.5031401674232144
2020-07-02,Comm,-0.008895,-0.02744,0.0709756613873653,7,3,0.351588083493917
2020-07-02,Consumer,0.16190600000000002,-0.08466640259740259,0.0696956242786135,23,5,0.6936193097895217
2020-07-02,Energy,0.17867757575757576,0.04746333333333334,0.07082516776310435,22,5,0.5691163898653749
2020-07-02,Financials,0.07885,-0.19028499999999998,0.03753819433632468,24,5,0.892593227655882
2020-07-02,Healthcare,0.098195,0.1979388888888889,0.1029441506480823,8,3,0.3929124834487851
2020-07-02,Industrials,0.022302499999999996,0.15603666666666666,0.07790481507460695,15,4,0.5151756858246519
2020-07-02,Materials,0.0,0.04046,0.04608951827184077,1,1,0.03625384938440364
2020-07-02,RealEstate,-0.0256,0.0,0.0396990907686854,3,2,0.1624278110061505
2020-07-02,Tech,0.11805000000000002,0.10859999999999999,0.05880481399127507,5,2,0.185917811420164
2020-07-02,Utilities,0.32296,0.14079999999999998,0.07447233650119864,2,2,0.13187198158574429
2020-07-06,Comm,0.04434400000000001,-0.008895,0.06371469217033209,21,5,0.6341415337549917
2020-07-06,Consumer,0.006295619047619055,0.16190600000000002,0.07807838570783046,44,5,0.8603147470073845
2020-07-06,Energy,0.13768380952380954,0.17867757575757576,0.08062993212623812,16,5,0.6462233573198375
2020-07-06,Financials,0.025678,0.07885,0.04129381303302244,15,4,0.6787235225943828
2020-07-06,Healthcare,0.09275857142857143,0.098195,0.10251240968007483,28,5,0.7889907826730075
2020-07-06,Industrials,0.0004409090909090918,0.022302499999999996,0.07285005915873359,16,5,0.38369511840865356
2020-07-06,Materials,-0.045770000000000005,0.0,0.04189956206530979,5,2,0.24312329185713755
2020-07-06,RealEstate,-0.06364,-0.0256,0.033762809789714,2,2,0.13187198158574429
2020-07-06,Tech,0.04987350649350649,0.11805000000000002,0.06419073999206824,23,4,0.5723306873126653
2020-07-06,Utilities,0.1439150724637681,0.32296,0.09706212409199876,37,3,0.4041841048655875
2020-07-07,Comm,0.08076000000000001,0.04434400000000001,0.06195372015484735,14,5,0.87657727488313
2020-07-07,Consumer,0.1182938181818182,0.006295619047619055,0.07155267964781123,23,4,0.4696704743417837
2020-07-07,Energy,0.003903571428571431,0.13768380952380954,0.08581664825329006,13,3,0.45347178342544225
2020-07-07,Financials,-0.006679999999999997,0.025678,0.039874193666384034,3,2,0.1624278110061505
2020-07-07,Healthcare,0.09613333333333333,0.09275857142857143,0.10162569711175631,11,4,0.6148161019323292
2020-07-07,Industrials,-0.013385714285714279,0.0004409090909090918,0.06626740915256772,8,2,0.20431449139336824
2020-07-07,Materials,0.0,-0.045770000000000005,0.03392960187755435,1,1,0.03625384938440364
2020-07-07,RealEstate,0.09677,-0.06364,0.02490800889974,2,1,0.06593599079287214
2020-07-07,Tech,0.14006000000000002,0.04987350649350649,0.06288917331038082,2,2,0.13187198158574429
2020-07-07,Utilities,-0.07184,0.1439150724637681,0.10132148303488689,3,2,0.1624278110061505
2020-07-08,Comm,-0.099905,0.08076000000000001,0.06366338195895213,8,4,0.4643511168031096
2020-07-08,Consumer,0.17114777777777776,0.1182938181818182,0.07580187405999368,22,5,0.6128945737011728
2020-07-08,Energy,0.11717999999999999,0.003903571428571431,0.07837000490558836,2,1,0.06593599079287214
2020-07-08,Financials,0.20556000000000002,-0.006679999999999997,0.035641994242167296,8,4,0.5107862284834206
2020-07-08,Healthcare,0.14937190476190476,0.09613333333333333,0.10112639131371785,17,4,0.6007637096375607
2020-07-08,Industrials,0.134395,-0.013385714285714279,0.059026216112723906,10,5,0.6651267052026054
2020-07-08,Materials,0.11438,0.0,0.030845092615958497,1,1,0.03625384938440364
2020-07-08,RealEstate,-0.11988000000000001,0.09677,0.03144091718158182,1,1,0.03625384938440364
2020-07-08,Tech,0.018144000000000007,0.14006000000000002,0.0699047030094371,9,3,0.38634737173743705
2020-07-08,Utilities,-0.05780166666666666,-0.07184,0.08557953003171534,8,3,0.3929124834487851
2020-07-09,Comm,0.084225,-0.099905,0.04879352905359284,6,2,0.2515700837116072
2020-07-09,Consumer,0.08616750000000001,0.17114777777777776,0.08446968348888315,24,5,0.7825474872599514
2020-07-09,Energy,0.14581000000000002,0.11717999999999999,0.08189818627780761,11,4,0.5815827991251763
2020-07-09,Financials,0.07719166666666666,0.20556000000000002,0.05108908567469754,18,4,0.5729947525946859
2020-07-09,Healthcare,0.026783333333333336,0.14937190476190476,0.10551234708173485,7,3,0.4343146913748387
2020-07-09,Industrials,0.013393333333333346,0.134395,0.06587792373883991,5,3,0.2873275267402535
2020-07-09,Materials,0.0,0.11438,0.03843917510541681,2,2,0.13187198158574429
2020-07-09,RealEstate,0.0,-0.11988000000000001,0.01768447016507438,2,2,0.13187198158574429
2020-07-09,Tech,0.10877428571428571,0.018144000000000007,0.06519918455403373,11,3,0.3647214164005342
2020-07-09,Utilities,0.10533999999999999,-0.05780166666666666,0.07254487578640788,3,3,0.27071301834358413
2020-07-10,Comm,0.0,0.084225,0.05201457186690258,4,2,0.1762147314824891
2020-07-10,Consumer,0.007357142857142847,0.08616750000000001,0.08462403044443922,15,5,0.6022476327245933
2020-07-10,Energy,0.17794666666666667,0.14581000000000002,0.08770835116164327,9,5,0.6439122862290618
2020-07-10,Financials,0.047573333333333336,0.07719166666666666,0.05346204758305837,19,5,0.573860408715324
2020-07-10,Healthcare,0.22982272727272726,0.026783333333333336,0.09835516401369834,28,5,0.3162351720025414
2020-07-10,Industrials,-0.06171714285714287,0.013393333333333346,0.06110659733833932,9,3,0.2651403531531431
2020-07-10,Materials,0.0,0.0,0.034944704641288016,1,1,0.03625384938440364
2020-07-10,RealEstate,0.01544,0.0,0.016076791059158525,1,1,0.03625384938440364
2020-07-10,Tech,0.02679333333333333,0.10877428571428571,0.06916055738678391,5,3,0.2873275267402535
2020-07-10,Utilities,0.14728,0.10533999999999999,0.07552625071491624,2,2,0.13187198158574429
2020-07-13,Comm,0.025039999999999996,0.0,0.047285974424456895,11,3,0.43915435852309226
2020-07-13,Consumer,0.1670077142857143,0.007357142857142847,0.07759976793650318,29,5,0.628055300718456
2020-07-13,Energy,0.2691,0.17794666666666667,0.09591183438937267,4,3,0.2936912191374818
2020-07-13,Financials,0.03127666666666666,0.047573333333333336,0.052926709923992454,18,5,0.5341476507238596
2020-07-13,Healthcare,0.05238,0.22982272727272726,0.11030676067361007,14,5,0.4975168316904251
2020-07-13,Industrials,0.13714666666666667,-0.06171714285714287,0.04994080277511366,7,4,0.49222331689148385
2020-07-13,Materials,0.0,0.0,0.03176791331026183,2,2,0.13187198158574429
2020-07-13,RealEstate,0.0,0.01544,0.016018900962871386,1,1,0.03625384938440364
2020-07-13,Tech,0.26386000000000004,0.02679333333333333,0.06530899156374295,8,4,0.4643511168031096
2020-07-13,Utilities,0.0162,0.14728,0.08204931883174203,6,4,0.4192834728526787
2020-07-14,Comm,0.03231714285714286,0.025039999999999996,0.04526361311314263,10,4,0.3325633526013029
2020-07-14,Consumer,0.08877119047619046,0.1670077142857143,0.08572776305915873,23,5,0.8801387880522502
2020-07-14,Energy,-0.00516,0.2691,0.11165621308124789,2,1,0.06593599079287214
2020-07-14,Financials,0.007364847222222218,0.03127666666666666,0.05095852417332648,47,4,0.390595448724878
2020-07-14,Healthcare,0.22698999999999997,0.05238,0.1050406915214637,8,5,0.7296946121191722
2020-07-14,Industrials,0.11144099999999998,0.13714666666666667,0.057868608583436655,17,5,0.5881160525925594
2020-07-14,Materials,0.0,0.0,0.02887992119114712,0,0,0.0
2020-07-14,RealEstate,0.0,0.0,0.014562637238973986,1,1,0.03625384938440364
2020-07-14,Tech,0.086656,0.26386000000000004,0.08335908323976632,12,4,0.6235076891729743
2020-07-14,Utilities,0.10928,0.0162,0.07606301711976549,2,2,0.13187198158574429
2020-07-15,Comm,0.05775333333333332,0.03231714285714286,0.0440866612716881,7,4,0.49222331689148374
2020-07-15,Consumer,0.12762828571428572,0.08877119047619046,0.08600443827888889,29,5,0.8260628832109742
2020-07-15,Energy,-0.083015,-0.00516,0.10103655734658898,8,3,0.4256551904028505
2020-07-15,Financials,0.3228210434782609,0.007364847222222218,0.046995462632317,44,5,0.5693259355195929
2020-07-15,Healthcare,0.15994999999999998,0.22698999999999997,0.1161269922922397,5,2,0.24312329185713755
2020-07-15,Industrials,0.2084,0.11144099999999998,0.06273882598494242,8,5,0.7296946121191722
2020-07-15,Materials,0.0,0.0,0.026254473810133745,0,0,0.0
2020-07-15,RealEstate,0.00857,0.0,0.013238761126339987,5,3,0.35117808823808755
2020-07-15,Tech,0.06254,0.086656,0.08365880294524211,9,4,0.6439122862290618
2020-07-15,Utilities,0.3174,0.10928,0.07908274283615044,4,3,0.2936912191374818
2020-07-16,Comm,0.16124,0.05775333333333332,0.045329086004564936,7,4,0.49222331689148374
2020-07-16,Consumer,0.19503698412698414,0.12762828571428572,0.08978842440937951,25,5,0.7617040283749343
2020-07-16,Energy,0.06808,-0.083015,0.08430459758780814,10,3,0.5086263039784631
2020-07-16,Financials,-0.023705151515151512,0.3228210434782609,0.0720705154364937,19,3,0.4384150948570487
2020-07-16,Healthcare,0.21360799999999996,0.15994999999999998,0.12011090208385429,13,4,0.30378206850830597
2020-07-16,Industrials,0.0029400000000000003,0.2084,0.0759807508954022,9,4,0.5408863204324119
2020-07-16,Materials,0.01032,0.0,0.023867703463757946,3,3,0.27071301834358413
2020-07-16,RealEstate,0.0,0.00857,0.012814328296672714,0,0,0.0
2020-07-16,Tech,-0.0067773333333333245,0.06254,0.08173891176840191,11,4,0.55175804019568
2020-07-16,Utilities,0.11438,0.3174,0.10074794803286405,5,4,0.45151468487754115
2020-07-17,Comm,-0.06427000000000001,0.16124,0.05586644182233176,2,1,0.06593599079287214
2020-07-17,Consumer,0.11358722222222221,0.19503698412698414,0.0993564752927981,19,5,0.6358993718196834
2020-07-17,Energy,-0.08181666666666668,0.06808,0.08282963417073469,8,4,0.5675402538704672
2020-07-17,Financials,-0.01904838095238095,-0.023705151515151512,0.06336363662270778,18,4,0.6851024215806026
2020-07-17,Healthcare,-0.06471333333333333,0.21360799999999996,0.12861063825804936,11,4,0.4781903015029228
2020-07-17,Industrials,0.044985000000000004,0.0029400000000000003,0.0693406826321838,5,2,0.185917811420164
2020-07-17,Materials,0.0,0.01032,0.02263609405796177,2,2,0.13187198158574429
2020-07-17,RealEstate,0.0,0.0,0.01164938936061156,0,0,0.0
2020-07-17,Tech,-0.020344,-0.0067773333333333245,0.07369198039551689,7,3,0.2734573982730465
2020-07-17,Utilities,0.19182,0.11438,0.10198722548442185,3,3,0.27071301834358413
2020-07-20,Comm,0.04096999999999999,-0.06427000000000001,0.04494494711121069,8,3,0.26883485709653715
2020-07-20,Consumer,0.048184329004329,0.11358722222222221,0.1006501795591094,31,4,0.6874908366727741
2020-07-20,Energy,0.08818833333333334,-0.08181666666666668,0.06786178864006184,26,5,0.38859583956737903
2020-07-20,Financials,0.06989999999999999,-0.01904838095238095,0.05587163502497243,13,3,0.46700825457247036
2020-07-20,Healthcare,0.15585500000000002,-0.06471333333333333,0.11103573174974182,7,3,0.351588083493917
2020-07-20,Industrials,0.1619727272727273,0.044985000000000004,0.06712652966562165,14,3,0.29219242496104336
2020-07-20,Materials,0.0,0.0,0.02057826732541979,1,1,0.03625384938440364
2020-07-20,RealEstate,0.0,0.0,0.010590353964192325,5,4,0.45151468487754115
2020-07-20,Tech,0.10221384615384617,-0.020344,0.06514325490501535,22,4,0.46868408577148507
2020-07-20,Utilities,0.00786,0.19182,0.1101538413494744,7,3,0.4343146913748387
2020-07-21,Comm,0.17599666666666666,0.04096999999999999,0.04458358828291881,10,5,0.720553930636156
2020-07-21,Consumer,0.21921403726708072,0.048184329004329,0.09588055678140209,46,5,0.6222900590075625
2020-07-21,Energy,0.2688772405372405,0.08818833333333334,0.06970965633945014,32,5,0.6725648456264933
2020-07-21,Financials,0.13388952380952382,0.06989999999999999,0.05714694093179312,12,4,0.4364553824210819
2020-07-21,Healthcare,0.17713,0.15585500000000002,0.11511021068158347,15,4,0.6197040858470453
2020-07-21,Industrials,0.05318285714285714,0.1619727272727273,0.07574891126626762,9,2,0.25513505680774146
2020-07-21,Materials,0.0,0.0,0.018707515750381626,0,0,0.0
2020-07-21,RealEstate,0.033692,0.0,0.009627594512902116,5,1,0.12642411176571153
2020-07-21,Tech,0.19012800000000002,0.10221384615384617,0.06851330865490905,12,4,0.6235076891729743
2020-07-21,Utilities,0.0598,0.00786,0.10085440122679493,3,2,0.1624278110061505
2020-07-22,Comm,0.07524,0.17599666666666666,0.056530231772350434,7,4,0.49222331689148385
2020-07-22,Consumer,0.10708,0.21921403726708072,0.10709269137100923,17,5,0.7869158450182133
2020-07-22,Energy,0.158025,0.2688772405372405,0.08781580035743108,13,5,0.8022962322142437
2020-07-22,Financials,0.03539833333333332,0.13388952380952382,0.06412353937522318,15,4,0.6197040858470453
2020-07-22,Healthcare,0.35858,0.17713,0.12074837334689406,5,3,0.35117808823808755
2020-07-22,Industrials,-0.018963333333333325,0.05318285714285714,0.07369745180050302,14,3,0.39166218664990904
2020-07-22,Materials,0.11717999999999999,0.0,0.01700683250034693,2,2,0.13187198158574429
2020-07-22,RealEstate,0.029869999999999997,0.033692,0.011815267739001923,2,1,0.06593599079287214
2020-07-22,Tech,0.13414333333333334,0.19012800000000002,0.07956918968628096,9,3,0.32980873197098287
2020-07-22,Utilities,0.0,0.0598,0.09712218293344992,0,0,0.0
2020-07-23,Comm,-0.1188925,0.07524,0.05823111979304585,10,3,0.2620196111404203
2020-07-23,Consumer,0.06413044871794873,0.10708,0.10709153761000838,32,5,0.7148941016449439
2020-07-23,Energy,0.022240000000000003,0.158025,0.09419845487039188,7,4,0.5679499810286353
2020-07-23,Financials,0.010518333333333334,0.03539833333333332,0.061512157007778644,10,5,0.6176176548309908
2020-07-23,Healthcare,-0.06659999999999998,0.35858,0.14236943031535826,7,5,0.6712136139429324
2020-07-23,Industrials,0.2657075,-0.018963333333333325,0.06527374406106334,12,5,0.38510769037154297
2020-07-23,Materials,0.023530000000000002,0.11717999999999999,0.026113484091224486,11,4,0.55175804019568
2020-07-23,RealEstate,0.059199999999999996,0.029869999999999997,0.013456607035456291,3,2,0.1624278110061505
2020-07-23,Tech,0.1557177777777778,0.13414333333333334,0.08453047547237663,15,3,0.43191496892369813
2020-07-23,Utilities,0.06133000000000001,0.0,0.08829289357586355,4,2,0.2202684143531114
2020-07-24,Comm,0.11081250000000001,-0.1188925,0.04212897253913258,18,4,0.48484171373396495
2020-07-24,Consumer,0.001506666666666666,0.06413044871794873,0.1031859840743666,19,5,0.685289614291115
2020-07-24,Energy,0.23972923076923078,0.022240000000000003,0.08765677715490172,18,4,0.3540978808169407
2020-07-24,Financials,-0.010969999999999997,0.010518333333333334,0.056876354855556345,16,4,0.4385087067527469
2020-07-24,Healthcare,0.164015,-0.06659999999999998,0.12337220937759841,10,5,0.6651267052026055
2020-07-24,Industrials,0.18856,0.2657075,0.08349499460096668,14,4,0.4489786042084325
2020-07-24,Materials,0.12967,0.023530000000000002,0.025878621901113164,5,3,0.35117808823808755
2020-07-24,RealEstate,0.0,0.059199999999999996,0.017615097304960265,1,1,0.03625384938440364
2020-07-24,Tech,0.12007690476190476,0.1557177777777778,0.09100204840923128,44,3,0.3833085506468545
2020-07-24,Utilities,0.1693033333333333,0.06133000000000001,0.08584172143260323,9,3,0.32980873197098287
2020-07-27,Comm,0.07184,0.11081250000000001,0.04837292958102962,5,2,0.24312329185713755
2020-07-27,Consumer,0.09007888888888889,0.001506666666666666,0.09394240976457569,21,4,0.6734681404994874
2020-07-27,Energy,0.030928,0.23972923076923078,0.10148154566529528,14,4,0.6136040924181909
2020-07-27,Financials,0.13596166666666668,-0.010969999999999997,0.05070850441414213,14,4,0.472003148013993
2020-07-27,Healthcare,-0.0036657142857142847,0.164015,0.12706700852508945,14,4,0.5259463649298779
2020-07-27,Industrials,0.14196666666666666,0.18856,0.09304635872815152,13,4,0.5689009646610094
2020-07-27,Materials,0.019756000000000003,0.12967,0.03531420172828469,9,4,0.4361986455100096
2020-07-27,RealEstate,0.1045,0.0,0.01601372482269115,3,2,0.1624278110061505
2020-07-27,Tech,0.13139666666666666,0.12007690476190476,0.09364521716856523,34,4,0.4493044653420589
2020-07-27,Utilities,-0.010634999999999995,0.1693033333333333,0.09342914069630595,12,4,0.654683073631623
2020-07-28,Comm,0.08512600000000001,0.07184,0.05050629961911783,9,2,0.32980873197098287
2020-07-28,Consumer,0.11115609523809525,0.09007888888888889,0.0935911805940587,21,5,0.7554555662994249
2020-07-28,Energy,0.08092,0.030928,0.09506758696845023,2,2,0.13187198158574429
2020-07-28,Financials,0.06231142857142857,0.13596166666666668,0.05845879189164436,17,4,0.6139673076515731
2020-07-28,Healthcare,0.05149666666666667,-0.0036657142857142847,0.11518221554228911,14,4,0.613604092418191
2020-07-28,Industrials,0.09526047368421053,0.14196666666666666,0.09749365944983472,29,4,0.41610611734944863
2020-07-28,Materials,0.1233425,0.019756000000000003,0.03389981975298608,9,2,0.20803320016631227
2020-07-28,RealEstate,0.0,0.1045,0.024057931656991955,0,0,0.0
2020-07-28,Tech,0.05361214285714285,0.13139666666666666,0.09707716712293808,17,3,0.47753012817344576
2020-07-28,Utilities,0.04404,-0.010634999999999995,0.08396876426936906,2,1,0.06593599079287214
2020-07-29,Comm,0.019635000000000003,0.08512600000000001,0.053653545108288944,12,4,0.654683073631623
2020-07-29,Consumer,0.042264722222222224,0.11115609523809525,0.09518799101624384,39,5,0.45048201276947303
2020-07-29,Energy,0.24017,0.08092,0.09378144269859112,5,4,0.45151468487754115
2020-07-29,Financials,0.06744380952380953,0.06231142857142857,0.05880903158980656,13,4,0.49665957232310337
2020-07-29,Healthcare,0.138288,0.05149666666666667,0.1093926201899598,11,5,0.6148161019323292
2020-07-29,Industrials,0.04548423076923077,0.09526047368421053,0.0972906425620507,40,4,0.42652353594542824
2020-07-29,Materials,0.03818,0.1233425,0.04203097250271462,4,3,0.2936912191374818
2020-07-29,RealEstate,0.10452999999999998,0.0,0.021870846960901778,6,5,0.6289252092790181
2020-07-29,Tech,0.18955302371541502,0.05361214285714285,0.09312580128059307,43,4,0.5171075771713312
2020-07-29,Utilities,0.10754,0.04404,0.08033887660851731,5,3,0.2873275267402534
2020-07-30,Comm,0.09517166666666665,0.019635000000000003,0.05056095009844449,15,5,0.700976752843379
2020-07-30,Consumer,0.120808,0.042264722222222224,0.09037678476224187,24,5,0.9067613741266103
2020-07-30,Energy,0.058666444444444445,0.24017,0.10708949336235556,29,5,0.7387258382899902
2020-07-30,Financials,0.180204,0.06744380952380953,0.059594011401988646,9,3,0.38634737173743705
2020-07-30,Healthcare,-0.0113525,0.138288,0.11201947289996343,11,4,0.32117259056166453
2020-07-30,Industrials,0.0755126984126984,0.04548423076923077,0.09258096876270343,46,5,0.6079845404096876
2020-07-30,Materials,0.070405,0.03818,0.041680884093376926,12,5,0.6891400775069715
2020-07-30,RealEstate,-0.05515000000000001,0.10452999999999998,0.029385315419001617,6,4,0.5031401674232144
2020-07-30,Tech,0.03265888888888889,0.18955302371541502,0.10189191241103142,40,4,0.5244141835394609
2020-07-30,Utilities,0.09285999999999998,0.10754,0.082811706007743,5,3,0.35117808823808755
2020-07-31,Comm,0.12288999999999999,0.09517166666666665,0.054616469786464686,6,3,0.4192834728526787
2020-07-31,Consumer,0.036793619047619054,0.120808,0.09314325887476534,19,5,0.775657475516317
2020-07-31,Energy,-0.011159809523809522,0.058666444444444445,0.10268739800618183,36,2,0.3888986260637668
2020-07-31,Financials,-0.004070000000000007,0.180204,0.07055855581998968,6,3,0.2795223152351191
2020-07-31,Healthcare,0.08516991452991454,-0.0113525,0.10080383899996677,35,3,0.5841923363208572
2020-07-31,Industrials,-0.010027999999999999,0.0755126984126984,0.09102930782179389,24,5,0.446296613827941
2020-07-31,Materials,0.11988000000000001,0.070405,0.04429216735761538,1,1,0.03625384938440364
2020-07-31,RealEstate,0.11717999999999999,-0.05515000000000001,0.021700286744546923,3,2,0.1624278110061505
2020-07-31,Tech,0.10533999999999999,0.03265888888888889,0.09559800118174573,4,2,0.2202684143531114
2020-07-31,Utilities,0.06955,0.09285999999999998,0.08372518727976637,7,2,0.19954999333438533
2020-08-03,Comm,0.24238400000000002,0.12288999999999999,0.06082315435133153,22,5,0.6290233782722565
2020-08-03,Consumer,0.050337607843137254,0.036793619047619054,0.08802056434502477,36,5,0.6196327391350928
2020-08-03,Energy,0.10191750000000002,-0.011159809523809522,0.0923376518670917,16,5,0.5338366864816049
2020-08-03,Financials,0.11759666666666665,-0.004070000000000007,0.06377414165453607,13,5,0.8022962322142438
2020-08-03,Healthcare,0.05058619047619047,0.08516991452991454,0.09938257313905292,24,5,0.8526263667160664
2020-08-03,Industrials,-0.09954418181818182,-0.010027999999999999,0.08184227983799444,27,5,0.7293541834098849
2020-08-03,Materials,0.2535,0.11988000000000001,0.05116378850692307,2,2,0.13187198158574429
2020-08-03,RealEstate,0.11596,0.11717999999999999,0.030380260676860837,2,2,0.13187198158574429
2020-08-03,Tech,0.09563533333333334,0.10533999999999999,0.09648363743795066,15,3,0.5553192457590406
2020-08-03,Utilities,0.13778666666666667,0.06955,0.08243653389069669,4,2,0.1762147314824891
2020-08-04,Comm,0.09274153846153846,0.24238400000000002,0.07732868577393776,21,5,0.46458497392745385
2020-08-04,Consumer,0.21402888888888888,0.050337607843137254,0.08459484102667135,40,5,0.5349375450820588
2020-08-04,Energy,-0.005684999999999998,0.10191750000000002,0.09320854715190155,10,2,0.33256335260130276
2020-08-04,Financials,0.028711666666666656,0.11759666666666665,0.06866709847382066,11,5,0.6941472118590813
2020-08-04,Healthcare,0.0013533333333333342,0.05058619047619047,0.09494653835151996,11,4,0.4781903015029228
2020-08-04,Industrials,0.04309999999999999,-0.09954418181818182,0.06535260150561478,16,3,0.4633299543047892
2020-08-04,Materials,0.11839999999999999,0.2535,0.06955798955174824,4,4,0.4405368287062228
2020-08-04,RealEstate,-0.05994000000000001,0.11596,0.038160236978964396,2,1,0.06593599079287214
2020-08-04,Tech,0.08401836363636364,0.09563533333333334,0.09640651888298545,23,3,0.46549562568096786
2020-08-04,Utilities,0.23578000000000002,0.13778666666666667,0.0874683641430576,5,3,0.35117808823808755
2020-08-05,Comm,0.13505,0.09274153846153846,0.07872985420008329,10,4,0.5764431445089249
2020-08-05,Consumer,0.026106470588235297,0.21402888888888888,0.0963615726505093,52,5,0.42051597364944715
2020-08-05,Energy,0.09411499999999999,-0.005684999999999998,0.08421822468354685,15,3,0.4233621972618429
2020-08-05,Financials,0.07938300000000001,0.028711666666666656,0.06503478649135211,13,3,0.5489395273044826
2020-08-05,Healthcare,-0.013979999999999992,0.0013533333333333342,0.08643806516804844,3,3,0.27071301834358413
2020-08-05,Industrials,0.12022249999999998,0.04309999999999999,0.06332963773237707,12,5,0.38510769037154297
2020-08-05,Materials,-0.01027,0.11839999999999999,0.07399817231977113,4,3,0.2936912191374818
2020-08-05,RealEstate,0.06978999999999999,-0.05994000000000001,0.02924203361724036,3,2,0.1624278110061505
2020-08-05,Tech,0.06801928571428573,0.08401836363636364,0.09528032295147437,19,4,0.6137811327998683
2020-08-05,Utilities,-0.02054,0.23578000000000002,0.10095124013005237,4,3,0.2936912191374818
2020-08-06,Comm,0.15801238095238096,0.13505,0.08384986745462115,13,3,0.46700825457247047
2020-08-06,Consumer,0.080856,0.026106470588235297,0.08997474519030257,17,5,0.48583499996776647
2020-08-06,Energy,0.07737333333333332,0.09411499999999999,0.08511793153049714,5,2,0.24312329185713755
2020-08-06,Financials,0.002500000000000005,0.07938300000000001,0.06633916953759283,8,4,0.5107862284834206
2020-08-06,Healthcare,0.182065,-0.013979999999999992,0.07730915015277132,11,3,0.4781903015029227
2020-08-06,Industrials,0.18303999999999998,0.12022249999999998,0.0685017161203428,5,3,0.2873275267402535
2020-08-06,Materials,0.20776,-0.01027,0.06633742938161011,3,3,0.27071301834358413
2020-08-06,RealEstate,0.0,0.06978999999999999,0.032928212379309416,3,2,0.1624278110061505
2020-08-06,Tech,0.045535,0.06801928571428573,0.09280204683900267,7,3,0.351588083493917
2020-08-06,Utilities,0.02717,-0.02054,0.08990658193641124,8,2,0.31924139280213787
2020-08-07,Comm,0.030405128205128203,0.15801238095238096,0.09059191413623569,28,2,0.39649790601333884
2020-08-07,Consumer,0.11740533333333332,0.080856,0.08914576835482052,15,4,0.6022476327245933
2020-08-07,Energy,0.029141333333333335,0.07737333333333332,0.08441387714893679,9,3,0.38634737173743705
2020-08-07,Financials,0.034015000000000004,0.002500000000000005,0.060535608670538935,7,3,0.351588083493917
2020-08-07,Healthcare,0.2503357142857143,0.182065,0.0868324092297921,13,5,0.5303314077348393
2020-08-07,Industrials,0.017863333333333332,0.18303999999999998,0.0789142873821298,8,4,0.5675402538704672
2020-08-07,Materials,0.0,0.20776,0.07919402671055464,0,0,0.0
2020-08-07,RealEstate,0.27158,0.0,0.02993473852664492,6,4,0.5031401674232144
2020-08-07,Tech,0.12738,0.045535,0.08850504258091152,3,2,0.1624278110061505
2020-08-07,Utilities,0.0,0.02717,0.0842032563058284,1,1,0.03625384938440364
2020-08-10,Comm,0.2629033333333333,0.030405128205128203,0.08512038814249864,11,5,0.7969838358382045
2020-08-10,Consumer,0.09064813852813852,0.11740533333333332,0.0917148197165035,24,5,0.6209344192388745
2020-08-10,Energy,0.1913408888888889,0.029141333333333335,0.07938910043842738,18,5,0.5627627034412093
2020-08-10,Financials,0.26968333333333333,0.034015000000000004,0.05812464424594449,10,5,0.7205539306361561
2020-08-10,Healthcare,0.10184333333333333,0.2503357142857143,0.10169634605305775,8,3,0.26883485709653715
2020-08-10,Industrials,0.09539,0.017863333333333332,0.07336420065042103,10,3,0.4550866930333618
2020-08-10,Materials,0.17464666666666667,0.0,0.07199456973686787,5,3,0.2873275267402534
2020-08-10,RealEstate,0.0,0.27158,0.051902489569677204,1,1,0.03625384938440364
2020-08-10,Tech,0.09708,0.12738,0.09203912961901047,11,4,0.6148161019323292
2020-08-10,Utilities,0.04022333333333333,0.0,0.07654841482348036,6,3,0.3593858338737245
2020-08-11,Comm,0.08351666666666667,0.2629033333333333,0.10128247406893816,9,3,0.4662813107175965
2020-08-11,Consumer,0.053126833333333345,0.09064813852813852,0.09161784869937942,22,4,0.7135190559506194
2020-08-11,Energy,0.17973357142857144,0.1913408888888889,0.08956653575210569,14,4,0.5259463649298779
2020-08-11,Financials,0.10836000000000001,0.26968333333333333,0.07735725234479802,21,4,0.6840739379876684
2020-08-11,Healthcare,0.068,0.10184333333333333,0.10170970853308281,6,3,0.3593858338737245
2020-08-11,Industrials,0.020532222222222223,0.09539,0.0753665460458373,12,3,0.30450375517749906
2020-08-11,Materials,0.0,0.17464666666666667,0.08132657854866775,4,1,0.1101342071765557
2020-08-11,RealEstate,0.08038,0.0,0.047184081426979274,1,1,0.03625384938440364
2020-08-11,Tech,0.149071,0.09708,0.09249739056273679,11,3,0.4781903015029227
2020-08-11,Utilities,0.14272,0.04022333333333333,0.07324613468801244,2,2,0.13187198158574429
2020-08-12,Comm,0.08342999999999999,0.08351666666666667,0.09966740066873166,7,3,0.351588083493917
2020-08-12,Consumer,0.007589166666666663,0.053126833333333345,0.0881186654842843,14,4,0.472003148013993
2020-08-12,Energy,0.16271333333333332,0.17973357142857144,0.09776353899542076,11,5,0.6941472118590813
2020-08-12,Financials,0.028151111111111116,0.10836000000000001,0.08017568394981638,22,4,0.6733207992773449
2020-08-12,Healthcare,0.04046,0.068,0.09864518957552983,4,3,0.2936912191374818
2020-08-12,Industrials,0.012624999999999997,0.020532222222222223,0.07038160751641773,11,4,0.5815827991251763
2020-08-12,Materials,0.0,0.0,0.07393325322606159,0,0,0.0
2020-08-12,RealEstate,0.0,0.08038,0.0502018922063448,1,1,0.03625384938440364
2020-08-12,Tech,-0.05931095238095239,0.149071,0.09764044596612434,18,4,0.6179355175040729
2020-08-12,Utilities,0.11907999999999999,0.14272,0.07956194062546586,9,5,0.7116925268847526
2020-08-13,Comm,0.059199999999999996,0.08342999999999999,0.09819127333521058,10,4,0.6176176548309908
2020-08-13,Consumer,0.053421666666666645,0.007589166666666663,0.08079780195540998,16,5,0.6462233573198375
2020-08-13,Energy,0.05464,0.16271333333333332,0.10366806575341281,3,2,0.1624278110061505
2020-08-13,Financials,-0.09380333333333332,0.028151111111111116,0.0754461773281159,12,5,0.7702153807430859
2020-08-13,Healthcare,-0.13394,0.04046,0.09335562688684529,5,5,0.6321205588285576
2020-08-13,Industrials,-0.07034,0.012624999999999997,0.06513100683310705,8,3,0.34052415232228034
2020-08-13,Materials,0.0,0.0,0.06721204838732872,1,1,0.03625384938440364
2020-08-13,RealEstate,0.0,0.0,0.045638083823949814,2,1,0.06593599079287214
2020-08-13,Tech,0.04298857142857143,-0.05931095238095239,0.083372137025481,12,3,0.422376176536531
2020-08-13,Utilities,0.0,0.11907999999999999,0.08315449147769624,2,2,0.13187198158574429
2020-08-14,Comm,-0.06364,0.059199999999999996,0.09464661212291872,6,4,0.5031401674232144
2020-08-14,Consumer,0.0468275,0.053421666666666645,0.07830906238370602,12,4,0.37410461350378466
2020-08-14,Energy,0.177065,0.05464,0.09921096886673891,8,3,0.4256551904028505
2020-08-14,Financials,0.08016666666666666,-0.09380333333333332,0.06005985817707506,12,4,0.5237464589052984
2020-08-14,Healthcare,0.0,-0.13394,0.07269238807895026,3,2,0.1624278110061505
2020-08-14,Industrials,0.008364999999999989,-0.07034,0.05281546075737002,12,5,0.8183538420395288
2020-08-14,Materials,0.09176,0.0,0.061101862170298823,3,3,0.27071301834358413
2020-08-14,RealEstate,0.07636,0.0,0.04148916711268165,3,3,0.27071301834358413
2020-08-14,Tech,0.2233566666666667,0.04298857142857143,0.07970090378939831,8,4,0.5675402538704672
2020-08-14,Utilities,0.25476,0.0,0.07559499225245112,2,2,0.13187198158574429
2020-08-17,Comm,0.12658666666666668,-0.06364,0.08025692011174429,9,5,0.7116925268847526
2020-08-17,Consumer,0.18120333333333336,0.0468275,0.07544710216700548,46,5,0.47439152480397134
2020-08-17,Energy,-0.051373333333333326,0.177065,0.10628860806067172,17,4,0.6573061764269782
2020-08-17,Financials,0.09484266666666669,0.08016666666666666,0.06188774985794702,12,4,0.6235076891729743
2020-08-17,Healthcare,0.28033,0.0,0.06608398916268204,8,5,0.7296946121191722
2020-08-17,Industrials,0.09219999999999999,0.008364999999999989,0.048774509779427294,11,3,0.4781903015029227
2020-08-17,Materials,0.223395,0.09176,0.06388896560936257,6,3,0.2795223152351191
2020-08-17,RealEstate,0.12738,0.07636,0.04465924282971059,2,2,0.13187198158574429
2020-08-17,Tech,-0.0008940000000000059,0.2233566666666667,0.09276051859642272,13,4,0.6657351714118194
2020-08-17,Utilities,0.18951,0.25476,0.09188272022950102,3,2,0.1624278110061505
2020-08-18,Comm,0.12132666666666667,0.12658666666666668,0.08446871525310087,13,5,0.6385623072725615
2020-08-18,Consumer,0.08899973214285714,0.18120333333333336,0.08506130500030802,44,5,0.35714173076874817
2020-08-18,Energy,0.01127333333333333,-0.051373333333333326,0.09195570429758036,12,4,0.4849504249123133
2020-08-18,Financials,0.06856166666666666,0.09484266666666669,0.06488365138601244,12,4,0.6891400775069715
2020-08-18,Healthcare,-0.08887000000000002,0.28033,0.08556089923880186,6,3,0.4192834728526787
2020-08-18,Industrials,0.15602,0.09219999999999999,0.05272228161766117,8,2,0.31924139280213787
2020-08-18,Materials,0.059199999999999996,0.223395,0.0783895141903296,3,3,0.27071301834358413
2020-08-18,RealEstate,0.11188000000000001,0.12738,0.052179311663373265,2,1,0.06593599079287214
2020-08-18,Tech,0.03285666666666667,-0.0008940000000000059,0.08424647145129337,13,4,0.6953234012523447
2020-08-18,Utilities,0.09152,0.18951,0.10075792748136456,1,1,0.03625384938440364
2020-08-19,Comm,0.0,0.12132666666666667,0.08781943810887957,1,1,0.03625384938440364
2020-08-19,Consumer,0.1550830303030303,0.08899973214285714,0.08541934383144885,32,5,0.4009013981773607
2020-08-19,Energy,0.053013333333333336,0.01127333333333333,0.08462094330083061,8,3,0.3929124834487851
2020-08-19,Financials,0.055782,0.06856166666666666,0.06521801641152646,8,3,0.34052415232228034
2020-08-19,Healthcare,0.1378633333333333,-0.08887000000000002,0.06970354476254714,17,4,0.3651700980149878
2020-08-19,Industrials,0.12709600000000001,0.15602,0.06211298328878288,12,4,0.5951664305742027
2020-08-19,Materials,0.0,0.059199999999999996,0.07664501290029964,2,1,0.06593599079287214
2020-08-19,RealEstate,0.0,0.11188000000000001,0.057606646966702965,3,3,0.27071301834358413
2020-08-19,Tech,0.03752333333333333,0.03285666666666667,0.07957467101632729,5,2,0.24312329185713755
2020-08-19,Utilities,0.0,0.09152,0.09991811589214959,0,0,0.0
2020-08-20,Comm,0.08549999999999999,0.0,0.07983585282625415,8,4,0.3648473060595861
2020-08-20,Consumer,0.1790805,0.1550830303030303,0.09175240623795625,19,5,0.685289614291115
2020-08-20,Energy,0.047895999999999994,0.053013333333333336,0.08174752421287632,14,4,0.6347628542257148
2020-08-20,Financials,0.1723692857142857,0.055782,0.06436019673775131,16,5,0.663688853463617
2020-08-20,Healthcare,0.044259999999999994,0.1378633333333333,0.07589988917807315,7,5,0.6712136139429324
2020-08-20,Industrials,0.1193,0.12709600000000001,0.0680205302625299,14,4,0.6347628542257148
2020-08-20,Materials,0.0,0.0,0.06967728445481784,5,3,0.2873275267402534
2020-08-20,RealEstate,0.0,0.0,0.052369679060639066,2,2,0.13187198158574429
2020-08-20,Tech,-0.06343111111111112,0.03752333333333333,0.07575182213605511,19,2,0.2171840931445688
2020-08-20,Utilities,0.18508,0.0,0.0908346508110451,8,5,0.7296946121191722
2020-08-21,Comm,0.03560666666666666,0.08549999999999999,0.08035077529659468,10,3,0.3930294167106305
2020-08-21,Consumer,0.2523696666666667,0.1790805,0.0996913238526875,21,5,0.8956431971591121
2020-08-21,Energy,0.045533333333333335,0.047895999999999994,0.07867011292079665,7,2,0.2953339901348903
2020-08-21,Financials,0.15967333333333333,0.1723692857142857,0.07417920482652718,15,4,0.6578397218991711
2020-08-21,Healthcare,0.07681,0.044259999999999994,0.07302353561643014,5,2,0.185917811420164
2020-08-21,Industrials,-0.03522,0.1193,0.07268230023866354,14,5,0.6574329561623474
2020-08-21,Materials,-0.0256,0.0,0.06334298586801623,1,1,0.03625384938440364
2020-08-21,RealEstate,0.03374666666666666,0.0,0.04760879914603551,4,2,0.1762147314824891
2020-08-21,Tech,0.05089866666666667,-0.06343111111111112,0.06309882820449456,13,4,0.6657351714118194
2020-08-21,Utilities,0.13113999999999998,0.18508,0.0994024098282228,3,2,0.1624278110061505
2020-08-24,Comm,-0.013860000000000003,0.03560666666666666,0.07628312905751031,6,2,0.2515700837116072
2020-08-24,Consumer,0.08859,0.2523696666666667,0.11357117319941287,18,5,0.6565564873480776
2020-08-24,Energy,0.07997555555555556,0.045533333333333335,0.07565767841284543,22,3,0.5032187026178051
2020-08-24,Financials,0.36158666666666667,0.15967333333333333,0.0819513983271459,9,5,0.7116925268847526
2020-08-24,Healthcare,0.18137,0.07681,0.07336775965130013,6,4,0.5031401674232144
2020-08-24,Industrials,0.25666500000000003,-0.03522,0.06287300021696685,16,4,0.416211653867014
2020-08-24,Materials,0.04046,-0.0256,0.05525725988001475,3,3,0.27071301834358413
2020-08-24,RealEstate,-0.02054,0.03374666666666666,0.0463486052842747,4,4,0.4405368287062228
2020-08-24,Tech,0.010851666666666666,0.05089866666666667,0.061989722610146555,13,3,0.5129434927271395
2020-08-24,Utilities,-0.018010000000000016,0.13113999999999998,0.10228764529838437,4,3,0.2936912191374818
2020-08-25,Comm,0.016666666666666666,-0.013860000000000003,0.06808829914319119,4,2,0.1762147314824891
2020-08-25,Consumer,0.11229666666666667,0.08859,0.1113001574540117,15,4,0.5553192457590405
2020-08-25,Energy,0.004673333333333336,0.07997555555555556,0.07605021269854637,16,2,0.21731404936419316
2020-08-25,Financials,0.14367999999999997,0.36158666666666667,0.10737278635801144,6,3,0.3593858338737245
2020-08-25,Healthcare,0.11228777777777779,0.18137,0.08318614513754556,20,3,0.24090413769601615
2020-08-25,Industrials,0.1547,0.25666500000000003,0.08049045474269714,8,5,0.6384827856042757
2020-08-25,Materials,-0.03558,0.04046,0.053912054436377047,1,1,0.03625384938440364
2020-08-25,RealEstate,0.05,-0.02054,0.04026782298570427,2,2,0.13187198158574429
2020-08-25,Tech,0.041188999999999996,0.010851666666666666,0.05734080843346656,12,4,0.5692896292448896
2020-08-25,Utilities,0.07224,-0.018010000000000016,0.09135149572580395,2,2,0.13187198158574429
2020-08-26,Comm,0.098772,0.016666666666666666,0.06341360528168896,10,4,0.5086263039784631
2020-08-26,Consumer,0.06596190476190476,0.11229666666666667,0.11139074920061669,15,4,0.49148944739593237
2020-08-26,Energy,0.11475142857142857,0.004673333333333336,0.06956140548352699,12,3,0.39677762038280184
2020-08-26,Financials,0.08895,0.14367999999999997,0.11067344214364676,11,4,0.5815827991251763
2020-08-26,Healthcare,0.117564,0.11228777777777779,0.0858317481048394,10,5,0.540415447977117
2020-08-26,Industrials,-0.063615,0.1547,0.08723677703881558,8,4,0.4643511168031096
2020-08-26,Materials,0.059199999999999996,-0.03558,0.04577641312397913,1,1,0.03625384938440364
2020-08-26,RealEstate,0.09176,0.05,0.041152566350640254,4,3,0.2936912191374818
2020-08-26,Tech,0.09202666666666666,0.041188999999999996,0.05587246221224233,9,3,0.4662813107175965
2020-08-26,Utilities,0.21067799999999998,0.07224,0.08961408702345815,8,3,0.34052415232228034
2020-08-27,Comm,0.04046,0.098772,0.06662800480153541,3,2,0.1624278110061505
2020-08-27,Consumer,-0.020522105263157887,0.06596190476190476,0.10726085425164286,27,5,0.3829590567244514
2020-08-27,Energy,0.02362514285714285,0.11475142857142857,0.07366958940060894,16,5,0.6139121894538456
2020-08-27,Financials,-0.0388,0.08895,0.10869858376695159,4,3,0.2936912191374818
2020-08-27,Healthcare,0.1988113333333333,0.117564,0.08871649827712673,36,5,0.2839983387702508
2020-08-27,Industrials,0.07608,-0.063615,0.07352297912619597,20,5,0.473100896921092
2020-08-27,Materials,0.0,0.059199999999999996,0.04699673920361739,3,2,0.1624278110061505
2020-08-27,RealEstate,0.19455,0.09176,0.045753242136945683,4,3,0.2936912191374818
2020-08-27,Tech,0.07884166666666667,0.09202666666666666,0.05915920807173545,13,4,0.6953234012523447
2020-08-27,Utilities,0.09176,0.21067799999999998,0.10061989729405285,2,2,0.13187198158574429
2020-08-28,Comm,0.04531166666666667,0.04046,0.0642490952741231,7,2,0.2953339901348903
2020-08-28,Consumer,0.019691794871794878,-0.020522105263157887,0.09564422156847917,23,3,0.4172769552917043
2020-08-28,Energy,0.002345,0.02362514285714285,0.06912009426029385,7,3,0.351588083493917
2020-08-28,Financials,-0.11062500000000001,-0.0388,0.09528962160631962,12,5,0.7274256373684701
2020-08-28,Healthcare,-0.014042666666666665,0.1988113333333333,0.09872511964587279,14,5,0.5752538366420541
2020-08-28,Industrials,0.03558,0.07608,0.07375543556926907,8,3,0.34052415232228034
2020-08-28,Materials,-0.015086666666666668,0.0,0.042724308366924896,4,2,0.1762147314824891
2020-08-28,RealEstate,0.0,0.19455,0.059280220124496075,1,1,0.03625384938440364
2020-08-28,Tech,0.19813333333333333,0.07884166666666667,0.060948522489456466,4,2,0.1762147314824891
2020-08-28,Utilities,0.0,0.09176,0.09981445208550259,0,0,0.0
2020-08-31,Comm,0.10032666666666665,0.04531166666666667,0.06252751085526342,5,3,0.2873275267402534
2020-08-31,Consumer,0.027031764705882356,0.019691794871794878,0.08873945550514424,27,5,0.4578595662415365
2020-08-31,Energy,-0.007902857142857139,0.002345,0.06304963114572168,23,5,0.44568730118390537
2020-08-31,Financials,0.08676999999999999,-0.11062500000000001,0.07657011055119967,8,5,0.7296946121191722
2020-08-31,Healthcare,0.18754222222222222,-0.014042666666666665,0.08847350270836919,16,4,0.49112975156307653
2020-08-31,Industrials,0.319384,0.03558,0.07028494142660824,16,5,0.44648159233006957
2020-08-31,Materials,0.0,-0.015086666666666668,0.037468765182052936,2,2,0.13187198158574429
2020-08-31,RealEstate,0.24176000000000003,0.0,0.05389110920408734,2,2,0.13187198158574429
2020-08-31,Tech,0.09978190476190477,0.19813333333333333,0.07341986892980892,18,4,0.5836057665316243
2020-08-31,Utilities,0.03904333333333333,0.0,0.09074041098682054,12,5,0.5692896292448897
2020-09-01,Comm,0.08423,0.10032666666666665,0.06596379774720917,4,3,0.2936912191374818
2020-09-01,Consumer,0.08452476190476191,0.027031764705882356,0.08312966543248405,29,4,0.3606253017028554
2020-09-01,Energy,0.036559999999999995,-0.007902857142857139,0.05659940493766905,13,4,0.5489395273044826
2020-09-01,Financials,0.13754666666666665,0.08676999999999999,0.07749737322836332,9,5,0.7116925268847526
2020-09-01,Healthcare,0.0690752380952381,0.18754222222222222,0.09747974993690128,21,4,0.7063202449140965
2020-09-01,Industrials,0.04726,0.319384,0.09293031038782568,4,3,0.2936912191374818
2020-09-01,Materials,0.0,0.0,0.034062513801866305,0,0,0.0
2020-09-01,RealEstate,0.024890000000000002,0.24176000000000003,0.07097009927644303,4,3,0.2936912191374818
2020-09-01,Tech,0.015585000000000005,0.09978190476190477,0.07581641764181762,15,4,0.6578397218991711
2020-09-01,Utilities,0.0,0.03904333333333333,0.08604067665468533,1,1,0.03625384938440364
2020-09-02,Comm,0.15059333333333333,0.08423,0.06762436158837197,7,3,0.4343146913748387
2020-09-02,Consumer,0.2,0.08452476190476191,0.08325649238450931,17,5,0.8868416666078278
2020-09-02,Energy,-0.03684,0.036559999999999995,0.05477764085242641,7,2,0.25459826735766405
2020-09-02,Financials,0.07525466666666666,0.13754666666666665,0.08295639990457271,10,3,0.4550866930333618
2020-09-02,Healthcare,-0.160415,0.0690752380952381,0.09489752158765917,8,4,0.4643511168031096
2020-09-02,Industrials,0.14087333333333335,0.04726,0.08877846398893244,8,3,0.4643511168031096
2020-09-02,Materials,0.0,0.0,0.03096592163806028,3,3,0.27071301834358413
2020-09-02,RealEstate,0.0,0.024890000000000002,0.06678099934222094,1,1,0.03625384938440364
2020-09-02,Tech,0.11515238095238094,0.015585000000000005,0.0703408342198342,11,3,0.3647214164005343
2020-09-02,Utilities,0.35608,0.0,0.07821879695880485,3,3,0.27071301834358413
2020-09-03,Comm,0.05884857142857144,0.15059333333333333,0.07516699538336846,10,3,0.3202461913938472
2020-09-03,Consumer,0.17257285714285714,0.2,0.0938695385313721,20,4,0.6655487193974684
2020-09-03,Energy,0.10507599999999999,-0.03684,0.046448764411296736,7,3,0.2734573982730465
2020-09-03,Financials,0.13491666666666666,0.07525466666666666,0.08225624233749033,12,5,0.7702153807430859
2020-09-03,Healthcare,0.02544,-0.160415,0.07168729235241743,10,3,0.4117451032206606
2020-09-03,Industrials,0.08002333333333334,0.14087333333333335,0.09351436120205978,10,4,0.6651267052026055
2020-09-03,Materials,0.02294,0.0,0.02815083785278207,5,2,0.185917811420164
2020-09-03,RealEstate,0.0843,0.0,0.06070999940201903,1,1,0.03625384938440364
2020-09-03,Tech,0.070045,0.11515238095238094,0.07441461119552026,10,3,0.48036928709077065
2020-09-03,Utilities,0.09827,0.35608,0.10347890632618624,2,1,0.06593599079287214
2020-09-04,Comm,0.10863666666666667,0.05884857142857144,0.07368350229656874,7,2,0.19954999333438533
2020-09-04,Consumer,0.052898,0.17257285714285714,0.10102438567787075,16,5,0.7921447605856073
2020-09-04,Energy,0.027115,0.10507599999999999,0.05177851310117885,7,4,0.3885973554406451
2020-09-04,Financials,-0.06926,0.13491666666666666,0.08704355364014274,16,5,0.6821246549487173
2020-09-04,Healthcare,0.002841428571428578,0.02544,0.0674829930476522,11,2,0.331054824117408
2020-09-04,Industrials,0.0,0.08002333333333334,0.09228790412308466,5,3,0.2873275267402535
2020-09-04,Materials,0.029599999999999998,0.02294,0.027677125320710972,5,3,0.35117808823808755
2020-09-04,RealEstate,0.09341333333333332,0.0843,0.06285454491092639,5,3,0.2873275267402535
2020-09-04,Tech,0.22383000000000003,0.070045,0.07401737381410933,5,4,0.45151468487754115
2020-09-04,Utilities,0.04046,0.09827,0.10300536938744202,1,1,0.03625384938440364
2020-09-08,Comm,0.06978799999999999,0.10863666666666667,0.07686106269385036,6,2,0.1935154490089286
2020-09-08,Consumer,0.11242690909090909,0.052898,0.09664925970715522,41,5,0.7945807599758283
2020-09-08,Energy,-0.11501828571428571,0.027115,0.04953637554652622,21,5,0.7554555662994249
2020-09-08,Financials,0.09639499999999998,-0.06926,0.07283413967285703,16,5,0.8770174135054938
2020-09-08,Healthcare,0.047805,0.002841428571428578,0.06160648718617734,15,5,0.5412605306765332
2020-09-08,Industrials,-0.039342,0.0,0.08389809465734968,16,5,0.44648159233006957
2020-09-08,Materials,0.05,0.029599999999999998,0.027851932109737243,2,2,0.13187198158574429
2020-09-08,RealEstate,0.027950000000000003,0.09341333333333332,0.06563261658569067,2,1,0.06593599079287214
2020-09-08,Tech,0.122785,0.22383000000000003,0.08763670346737211,13,4,0.6953234012523447
2020-09-08,Utilities,-0.16006857142857142,0.04046,0.09731942671585639,11,5,0.40601063335153814
2020-09-09,Comm,0.11918,0.06978799999999999,0.07621805699440942,5,3,0.35117808823808755
2020-09-09,Consumer,0.10890545454545456,0.11242690909090909,0.09808359146931465,22,4,0.5624209029257823
2020-09-09,Energy,0.04588,-0.11501828571428571,0.03457686088645241,2,1,0.06593599079287214
2020-09-09,Financials,-0.11298,0.09639499999999998,0.07497603606623365,6,4,0.4192834728526786
2020-09-09,Healthcare,0.133745,0.047805,0.060351806532888484,9,3,0.40976236396394844
2020-09-09,Industrials,0.11225333333333332,-0.039342,0.07269444968849971,10,3,0.4550866930333618
2020-09-09,Materials,0.0,0.05,0.02986539282703386,0,0,0.0
2020-09-09,RealEstate,-0.12498000000000001,0.027950000000000003,0.062206924168809685,1,1,0.03625384938440364
2020-09-09,Tech,0.077465,0.122785,0.09083200315215648,14,4,0.5938104120176042
2020-09-09,Utilities,0.1486,-0.16006857142857142,0.07392051779363568,1,1,0.03625384938440364
2020-09-10,Comm,0.012970000000000004,0.11918,0.08012368817673585,3,2,0.1624278110061505
2020-09-10,Consumer,0.1711475,0.10890545454545456,0.09906739720350918,15,4,0.5030539049817191
2020-09-10,Energy,0.05464,0.04588,0.03560441898768401,2,2,0.13187198158574429
2020-09-10,Financials,-0.0031266666666666665,-0.11298,0.05788912369657605,8,4,0.5107862284834206
2020-09-10,Healthcare,0.12738,0.133745,0.06702391502989861,1,1,0.03625384938440364
2020-09-10,Industrials,0.010680000000000005,0.11225333333333332,0.07629071183803003,8,2,0.3004624873431886
2020-09-10,Materials,0.06582,0.0,0.027150357115485323,2,2,0.13187198158574429
2020-09-10,RealEstate,0.0,-0.12498000000000001,0.045189931062554256,0,0,0.0
2020-09-10,Tech,0.09523333333333334,0.077465,0.08961682104741497,11,3,0.5248430138446711
2020-09-10,Utilities,0.0,0.1486,0.08070956163057788,2,2,0.13187198158574429
2020-09-11,Comm,-0.00442,0.012970000000000004,0.0740188074333962,4,3,0.2936912191374818
2020-09-11,Consumer,0.10309166666666666,0.1711475,0.10562013382137199,14,4,0.6136040924181909
2020-09-11,Energy,0.0708,0.05464,0.037334926352440005,7,3,0.3885973554406451
2020-09-11,Financials,-0.05994000000000001,-0.0031266666666666665,0.052342233663553984,6,3,0.3593858338737245
2020-09-11,Healthcare,-0.05620666666666667,0.12738,0.07251083184536238,14,5,0.9204061386272865
2020-09-11,Industrials,0.022432,0.010680000000000005,0.07032610167093638,8,3,0.34052415232228034
2020-09-11,Materials,-0.059199999999999996,0.06582,0.030665779195895748,1,1,0.03625384938440364
2020-09-11,RealEstate,0.0,0.0,0.04108175551141296,2,2,0.13187198158574429
2020-09-11,Tech,0.08456666666666665,0.09523333333333334,0.09012741307340755,7,3,0.4343146913748387
2020-09-11,Utilities,0.09176,0.0,0.0733723287550708,1,1,0.03625384938440364
2020-09-14,Comm,0.02327166666666667,-0.00442,0.06688800675763291,12,3,0.35388274250358004
2020-09-14,Consumer,0.071632,0.10309166666666666,0.10539027317094422,33,5,0.5926531657804416
2020-09-14,Energy,-0.026293571428571427,0.0708,0.040377205774945454,11,2,0.331054824117408
2020-09-14,Financials,-0.02237,-0.05994000000000001,0.04213475787595816,10,4,0.6651267052026055
2020-09-14,Healthcare,0.12028834782608695,-0.05620666666666667,0.06080924107154155,39,5,0.47290102429143754
2020-09-14,Industrials,0.03974,0.022432,0.06597209242812399,10,3,0.4117451032206606
2020-09-14,Materials,-0.011445,-0.059199999999999996,0.022496162905359773,6,2,0.2515700837116072
2020-09-14,RealEstate,0.06369,0.0,0.03734705046492087,2,1,0.06593599079287214
2020-09-14,Tech,0.061204999999999996,0.08456666666666665,0.08962189067279473,21,4,0.7179949597060651
2020-09-14,Utilities,0.045895,0.09176,0.07504393523188255,5,2,0.185917811420164
2020-09-15,Comm,0.028493333333333332,0.02327166666666667,0.06292288493118144,11,3,0.43915435852309226
2020-09-15,Consumer,0.1365338095238095,0.071632,0.10232133924631293,18,4,0.6431573753613821
2020-09-15,Energy,-0.10440666666666668,-0.026293571428571427,0.0343162260291712,4,2,0.1762147314824891
2020-09-15,Financials,0.12745,-0.02237,0.036270688978143784,5,2,0.185917811420164
2020-09-15,Healthcare,0.16348666666666667,0.12028834782608695,0.06621643259468205,14,5,0.6347628542257148
2020-09-15,Industrials,0.14280333333333334,0.03974,0.06358735675283998,12,5,0.5692896292448897
2020-09-15,Materials,0.0,-0.011445,0.019410602641236153,0,0,0.0
2020-09-15,RealEstate,0.03292666666666667,0.06369,0.03974186405901897,4,2,0.1762147314824891
2020-09-15,Tech,-0.09278666666666666,0.061204999999999996,0.08703853697526794,16,4,0.7222496346515831
2020-09-15,Utilities,0.014403333333333332,0.045895,0.07239403202898415,7,2,0.19954999333438533
2020-09-16,Comm,0.04827000000000001,0.028493333333333332,0.05979292569501342,8,3,0.26883485709653715
2020-09-16,Consumer,0.08876166666666667,0.1365338095238095,0.10543156381699444,11,3,0.40601063335153814
2020-09-16,Energy,0.08264833333333334,-0.10440666666666668,0.021705053965913206,7,2,0.2953339901348903
2020-09-16,Financials,-0.019540000000000002,0.12745,0.04455971725285798,10,5,0.720553930636156
2020-09-16,Healthcare,0.0,0.16348666666666667,0.07505918114668064,3,3,0.27071301834358413
2020-09-16,Industrials,0.24805939393939394,0.14280333333333334,0.07078880916924847,24,4,0.5889274904121283
2020-09-16,Materials,0.0,0.0,0.017646002401123777,2,2,0.13187198158574429
2020-09-16,RealEstate,0.0,0.03292666666666667,0.03912230065971421,1,1,0.03625384938440364
2020-09-16,Tech,0.24323999999999996,-0.09278666666666666,0.07069079118963752,7,3,0.351588083493917
2020-09-16,Utilities,0.047685,0.014403333333333332,0.06712215032937952,5,2,0.185917811420164
2020-09-17,Comm,0.15084666666666666,0.04827000000000001,0.058745386995466754,5,3,0.2873275267402534
2020-09-17,Consumer,0.22071633333333335,0.08876166666666667,0.1039161186215101,24,4,0.5770299653532974
2020-09-17,Energy,0.09484333333333334,0.08264833333333334,0.027245352090224127,7,2,0.19954999333438533
2020-09-17,Financials,0.07329,-0.019540000000000002,0.03873247022987089,10,5,0.6651267052026054
2020-09-17,Healthcare,0.082715,0.0,0.06823561922425513,13,5,0.8022962322142438
2020-09-17,Industrials,0.15977113636363635,0.24805939393939394,0.08690431687562532,27,5,0.6944568540601296
2020-09-17,Materials,0.097435,0.0,0.016041820364657976,7,3,0.351588083493917
2020-09-17,RealEstate,-0.12248,0.0,0.035565727872467465,2,2,0.13187198158574429
2020-09-17,Tech,0.09316952380952381,0.24323999999999996,0.08637708289967047,11,3,0.3647214164005342
2020-09-17,Utilities,0.0,0.047685,0.06535513666307229,0,0,0.0
2020-09-18,Comm,0.027525,0.15084666666666666,0.06711823060193947,7,4,0.3885973554406451
2020-09-18,Consumer,0.002136298701298711,0.22071633333333335,0.11453431995894855,26,5,0.6930626829397585
2020-09-18,Energy,0.049510000000000005,0.09484333333333334,0.03339062311232496,8,2,0.31924139280213787
2020-09-18,Financials,0.08238000000000001,0.07329,0.04187406384533717,8,4,0.4643511168031096
2020-09-18,Healthcare,-0.03865399999999999,0.082715,0.06955192656750467,13,4,0.6385623072725615
2020-09-18,Industrials,0.20768666666666666,0.15977113636363635,0.09352857319271723,6,4,0.4192834728526786
2020-09-18,Materials,0.0,0.097435,0.02344120033150725,0,0,0.0
2020-09-18,RealEstate,0.08808,-0.12248,0.02119793442951588,2,2,0.13187198158574429
2020-09-18,Tech,0.0,0.09316952380952381,0.08699457752783896,5,2,0.24312329185713755
2020-09-18,Utilities,0.0,0.0,0.059413760602792985,1,1,0.03625384938440364
2020-09-21,Comm,0.0784775,0.027525,0.06351884600176315,17,4,0.5643537878413449
2020-09-21,Consumer,0.08879786666666667,0.002136298701298711,0.10431631802643493,35,4,0.36919545839885237
2020-09-21,Energy,-0.04809333333333334,0.049510000000000005,0.03485602101120451,10,3,0.3759411812014728
2020-09-21,Financials,-0.041182,0.08238000000000001,0.04555642167757925,15,4,0.6022476327245933
2020-09-21,Healthcare,-0.23964600000000003,-0.03865399999999999,0.05971502415227696,9,4,0.4361986455100096
2020-09-21,Industrials,0.018131333333333343,0.20768666666666666,0.10390658169034901,16,4,0.4308155715465583
2020-09-21,Materials,0.09889,0.0,0.021310182119552046,5,3,0.35117808823808755
2020-09-21,RealEstate,0.0,0.08808,0.027278122208650796,1,1,0.03625384938440364
2020-09-21,Tech,0.06363333333333333,0.0,0.07908597957076267,6,3,0.3593858338737245
2020-09-21,Utilities,0.11148,0.0,0.054012509638902716,1,1,0.03625384938440364
2020-09-22,Comm,0.18247,0.0784775,0.0648787236379665,5,3,0.35117808823808755
2020-09-22,Consumer,0.17576405982905982,0.08879786666666667,0.10290554972100145,30,5,0.6505573355369567
2020-09-22,Energy,0.25954,-0.04809333333333334,0.02731517061624652,4,3,0.2936912191374818
2020-09-22,Financials,0.18305000000000002,-0.041182,0.03767111061598114,6,4,0.5031401674232144
2020-09-22,Healthcare,0.40259,-0.23964600000000003,0.03250038559297906,5,4,0.45151468487754115
2020-09-22,Industrials,0.13790333333333332,0.018131333333333343,0.09610883183971121,12,5,0.7274256373684701
2020-09-22,Materials,0.0,0.09889,0.02836289283595641,0,0,0.0
2020-09-22,RealEstate,0.0,0.0,0.024798292916955268,1,1,0.03625384938440364
2020-09-22,Tech,0.06541333333333334,0.06363333333333333,0.0776811935491782,6,3,0.3593858338737245
2020-09-22,Utilities,0.08808,0.11148,0.05923682694445701,1,1,0.03625384938440364
2020-09-23,Comm,0.07487,0.18247,0.07556883967087864,3,2,0.1624278110061505
2020-09-23,Consumer,0.10104600000000001,0.17576405982905982,0.10952905063991585,32,4,0.5775698109334858
2020-09-23,Energy,0.05761500000000001,0.25954,0.04842651874204229,9,3,0.4662813107175965
2020-09-23,Financials,0.134876,0.18305000000000002,0.05088737328725558,9,4,0.4361986455100096
2020-09-23,Healthcare,0.06859333333333331,0.40259,0.06614489599361732,5,2,0.24312329185713755
2020-09-23,Industrials,0.16386,0.13790333333333332,0.09990833197549503,8,3,0.3929124834487851
2020-09-23,Materials,0.0,0.0,0.02578444803268764,1,1,0.03625384938440364
2020-09-23,RealEstate,0.0,0.0,0.02254390265177752,0,0,0.0
2020-09-23,Tech,-0.02054,0.06541333333333334,0.07656593352955593,2,2,0.13187198158574429
2020-09-23,Utilities,0.0,0.08808,0.06185893358587001,3,3,0.27071301834358413
2020-09-24,Comm,0.076438,0.07487,0.07550530879170785,7,2,0.25459826735766405
2020-09-24,Consumer,0.07265761904761905,0.10104600000000001,0.10875786421810532,19,4,0.6358993718196834
2020-09-24,Energy,0.18925666666666668,0.05761500000000001,0.04926183522003844,7,4,0.49222331689148385
2020-09-24,Financials,0.1426225,0.134876,0.058522702988414166,14,4,0.4489786042084325
2020-09-24,Healthcare,-0.10301,0.06859333333333331,0.06636748120631877,4,3,0.2936912191374818
2020-09-24,Industrials,0.04422333333333332,0.16386,0.10572211997772274,11,3,0.43915435852309226
2020-09-24,Materials,0.12738,0.0,0.02344040730244331,1,1,0.03625384938440364
2020-09-24,RealEstate,0.0,0.0,0.020494456956161377,1,1,0.03625384938440364
2020-09-24,Tech,0.123915,-0.02054,0.06773812139050539,10,4,0.6176176548309908
2020-09-24,Utilities,0.0,0.0,0.05623539416897274,1,1,0.03625384938440364
2020-09-25,Comm,-0.058289999999999995,0.076438,0.07559009890155259,3,2,0.1624278110061505
2020-09-25,Consumer,0.03663333333333332,0.07265761904761905,0.10547602374806112,14,4,0.6347628542257148
2020-09-25,Energy,0.03295,0.18925666666666668,0.06198863807882282,7,4,0.49222331689148374
2020-09-25,Financials,0.08038,0.1426225,0.06616813908037651,5,3,0.2873275267402535
2020-09-25,Healthcare,0.10967333333333333,-0.10301,0.050969528369380714,5,2,0.24312329185713755
2020-09-25,Industrials,0.16336666666666666,0.04422333333333332,0.10013132119186915,22,4,0.28973198029509994
2020-09-25,Materials,0.0,0.12738,0.03288946118403937,1,1,0.03625384938440364
2020-09-25,RealEstate,0.0,0.0,0.018631324505601253,0,0,0.0
2020-09-25,Tech,-0.030586666666666668,0.123915,0.07284511035500489,7,4,0.49222331689148385
2020-09-25,Utilities,0.0,0.0,0.05112308560815704,0,0,0.0
2020-09-28,Comm,0.1542255,-0.058289999999999995,0.06341918081959326,16,4,0.5224784591096558
2020-09-28,Consumer,0.06900727272727274,0.03663333333333332,0.09921759734672221,34,5,0.8307283999489866
2020-09-28,Energy,0.12129500000000001,0.03295,0.05934876188983893,13,3,0.45347178342544225
2020-09-28,Financials,0.22749333333333333,0.08038,0.06746012643670592,17,5,0.8097249999462776
2020-09-28,Healthcare,0.04856866666666668,0.10967333333333333,0.05630623791155821,14,4,0.6817823249091012
2020-09-28,Industrials,0.10279039215686274,0.16336666666666666,0.1058799889623053,28,4,0.46218986677294527
2020-09-28,Materials,-0.01996,0.0,0.02989951016730852,6,4,0.5031401674232144
2020-09-28,RealEstate,0.04046,0.0,0.016937567732364774,2,2,0.13187198158574429
2020-09-28,Tech,0.19356833333333331,-0.030586666666666668,0.06344222153485293,17,4,0.7255977272245863
2020-09-28,Utilities,0.070684,0.0,0.04647553237105184,7,3,0.2734573982730465
2020-09-29,Comm,0.011859999999999999,0.1542255,0.07167430074508478,3,1,0.09023767278119472
2020-09-29,Consumer,0.21098349206349204,0.06900727272727274,0.09647120419949953,30,5,0.6066007588114867
2020-09-29,Energy,0.25221,0.12129500000000001,0.06498023808167175,8,5,0.6384827856042757
2020-09-29,Financials,-0.05424,0.22749333333333333,0.08200859979094477,12,4,0.5455692280263525
2020-09-29,Healthcare,0.21181999999999998,0.04856866666666668,0.0556028223438408,11,4,0.3912466103205731
2020-09-29,Industrials,0.14562,0.10279039215686274,0.10559911652544689,8,5,0.7296946121191722
2020-09-29,Materials,0.0,-0.01996,0.025366827424825922,0,0,0.0
2020-09-29,RealEstate,0.0,0.04046,0.01907597066578616,1,1,0.03625384938440364
2020-09-29,Tech,0.14643,0.19356833333333331,0.07527186806198752,6,3,0.3593858338737245
2020-09-29,Utilities,0.05464,0.070684,0.04867630215550168,2,2,0.13187198158574429
2020-09-30,Comm,0.12588,0.011859999999999999,0.06623663704098617,5,4,0.45151468487754115
2020-09-30,Consumer,0.22516666666666668,0.21098349206349204,0.1068814121871352,27,5,0.6878743246377587
2020-09-30,Energy,0.008376666666666668,0.25221,0.0820011255287925,12,3,0.4849504249123133
2020-09-30,Financials,-0.004069428571428571,-0.05424,0.06962236344631342,21,3,0.526529637117781
2020-09-30,Healthcare,0.239505,0.21181999999999998,0.06980438394894618,8,4,0.4643511168031096
2020-09-30,Industrials,0.20257966666666666,0.14562,0.10923737865949716,19,5,0.555786065133739
2020-09-30,Materials,0.0,0.0,0.023060752204387202,2,2,0.13187198158574429
2020-09-30,RealEstate,0.07636,0.0,0.017341791514351054,1,1,0.03625384938440364
2020-09-30,Tech,0.09932,0.14643,0.08174078914726138,12,4,0.5237464589052984
2020-09-30,Utilities,0.213744,0.05464,0.04921845650500153,21,3,0.43222582151459643
2020-10-01,Comm,-0.009583333333333333,0.12588,0.07165876094635105,12,3,0.4676307668797307
2020-10-01,Consumer,0.057404,0.22516666666666668,0.11763461713981989,16,3,0.3897855171135528
2020-10-01,Energy,0.06487111111111112,0.008376666666666668,0.07530799290496289,21,5,0.7063202449140965
2020-10-01,Financials,0.10646399999999998,-0.004069428571428571,0.0629231096265187,17,4,0.46950441173355584
2020-10-01,Healthcare,0.012431666666666669,0.239505,0.08523171268086017,13,4,0.6135206481638334
2020-10-01,Industrials,0.29468875,0.20257966666666666,0.11772304120560348,21,4,0.32783920801673166
2020-10-01,Materials,0.0,0.0,0.02096432018580655,0,0,0.0
2020-10-01,RealEstate,0.0,0.07636,0.022707083194864593,0,0,0.0
2020-10-01,Tech,0.0,0.09932,0.08333889922478306,1,1,0.03625384938440364
2020-10-01,Utilities,0.17616,0.213744,0.06417532409545593,2,2,0.13187198158574429
2020-10-02,Comm,-0.12972,-0.009583333333333333,0.06427311601183429,4,4,0.4405368287062228
2020-10-02,Consumer,0.06484190476190477,0.057404,0.11215910649074534,18,4,0.6179355175040729
2020-10-02,Energy,0.2222254761904762,0.06487111111111112,0.07435918546915818,16,4,0.62965352764497
2020-10-02,Financials,0.1350022222222222,0.10646399999999998,0.06688137238774428,18,3,0.5002335141699638
2020-10-02,Healthcare,-0.08116000000000001,0.012431666666666669,0.07861352667956985,6,4,0.5031401674232144
2020-10-02,Industrials,0.02313,0.29468875,0.133810832914185,3,2,0.1624278110061505
2020-10-02,Materials,0.0,0.0,0.01905847289618777,0,0,0.0
2020-10-02,RealEstate,0.0,0.0,0.020642802904422358,0,0,0.0
2020-10-02,Tech,0.06639466666666667,0.0,0.0757626356588937,8,2,0.3004624873431886
2020-10-02,Utilities,0.30636,0.17616,0.07435574917768721,3,3,0.27071301834358413
2020-10-05,Comm,0.07788750000000001,-0.12972,0.04663737819257662,12,3,0.36371281868423505
2020-10-05,Consumer,0.12885585714285713,0.06484190476190477,0.10785754269721437,24,5,0.9213865575802652
2020-10-05,Energy,0.1250665,0.2222254761904762,0.08780157553473253,31,4,0.7130481168464833
2020-10-05,Financials,0.20257866666666668,0.1350022222222222,0.07307417691815135,14,5,0.7080047220209896
2020-10-05,Healthcare,0.09605888888888889,-0.08116000000000001,0.06408866061779077,20,5,0.6232916578484227
2020-10-05,Industrials,0.12103495238095237,0.02313,0.12374893901289544,17,4,0.642195689612565
2020-10-05,Materials,0.05786,0.0,0.01732588445107979,5,2,0.185917811420164
2020-10-05,RealEstate,0.11438,0.0,0.01876618445856578,2,2,0.13187198158574429
2020-10-05,Tech,0.10325200000000001,0.06639466666666667,0.07491100211414578,7,3,0.2734573982730465
2020-10-05,Utilities,0.24665499999999999,0.30636,0.09544704470698838,5,2,0.185917811420164
2020-10-06,Comm,0.07555,0.07788750000000001,0.04947829835688784,7,4,0.5679499810286353
2020-10-06,Consumer,0.17313444444444442,0.12885585714285713,0.10976648037409101,18,5,0.5946171960888249
2020-10-06,Energy,-0.009150000000000002,0.1250665,0.09118929594066594,6,3,0.3593858338737245
2020-10-06,Financials,0.20621666666666666,0.20257866666666668,0.08484731234983456,8,4,0.5675402538704672
2020-10-06,Healthcare,0.07409333333333333,0.09605888888888889,0.06699504500607242,8,4,0.5107862284834206
2020-10-06,Industrials,-0.006219999999999998,0.12103495238095237,0.12350221295544606,19,3,0.3899714379667671
2020-10-06,Materials,0.0,0.05786,0.021010804046436172,0,0,0.0
2020-10-06,RealEstate,0.08808,0.11438,0.027458349507787073,1,1,0.03625384938440364
2020-10-06,Tech,-0.041666666666666664,0.10325200000000001,0.07748745646740525,7,3,0.4343146913748387
2020-10-06,Utilities,0.20806,0.24665499999999999,0.10919322246089853,5,3,0.35117808823808755
2020-10-07,Comm,0.15276,0.07555,0.05184845305171622,3,2,0.1624278110061505
2020-10-07,Consumer,0.058458857142857146,0.17313444444444442,0.11552720438048676,17,4,0.6139673076515731
2020-10-07,Energy,0.023144000000000005,-0.009150000000000002,0.08206754176424176,6,2,0.1935154490089286
2020-10-07,Financials,0.096244,0.20621666666666666,0.09588089001500112,12,3,0.5237464589052984
2020-10-07,Healthcare,0.18946476190476189,0.07409333333333333,0.06764034394491432,15,4,0.5701277589792815
2020-10-07,Industrials,0.016075555555555555,-0.006219999999999998,0.11170928450495096,12,2,0.29097025494738804
2020-10-07,Materials,0.0,0.0,0.019100730951305607,1,1,0.03625384938440364
2020-10-07,RealEstate,0.0,0.08808,0.03296940864344279,0,0,0.0
2020-10-07,Tech,0.26556,-0.041666666666666664,0.0666552634552169,8,4,0.5675402538704672
2020-10-07,Utilities,0.1366,0.20806,0.11818111132808957,4,3,0.2936912191374818
2020-10-08,Comm,-0.086114,0.15276,0.06102223004701475,8,3,0.34052415232228034
2020-10-08,Consumer,0.10740821428571427,0.058458857142857146,0.11033917281342953,21,5,0.6840739379876684
2020-10-08,Energy,0.1774561904761905,0.023144000000000005,0.0767108561493107,16,3,0.5224784591096558
2020-10-08,Financials,0.13609041666666666,0.096244,0.09591390001363738,22,4,0.3541168648051221
2020-10-08,Healthcare,0.014838333333333337,0.18946476190476189,0.07871529103217319,18,4,0.5729947525946859
2020-10-08,Industrials,0.10055999999999998,0.016075555555555555,0.10301530914591502,9,3,0.40976236396394844
2020-10-08,Materials,0.0,0.0,0.017364300864823278,1,1,0.03625384938440364
2020-10-08,RealEstate,0.0,0.0,0.029972189675857085,0,0,0.0
2020-10-08,Tech,0.06996190476190475,0.26556,0.08473751223201535,14,3,0.42809587843129604
2020-10-08,Utilities,0.0,0.1366,0.11985555575280868,5,3,0.35117808823808755
2020-10-09,Comm,0.13667285714285715,-0.086114,0.04764620913364977,14,4,0.5259463649298779
2020-10-09,Consumer,0.04635571428571428,0.10740821428571427,0.11007272203818268,15,5,0.6382027152753152
2020-10-09,Energy,0.0,0.1774561904761905,0.08586952290629976,0,0,0.0
2020-10-09,Financials,0.26195,0.13609041666666666,0.09956631061845822,13,5,0.8022962322142437
2020-10-09,Healthcare,-0.093736,0.014838333333333337,0.07290829487773319,7,3,0.2734573982730465
2020-10-09,Industrials,0.147898,0.10055999999999998,0.1027920992235591,12,3,0.2567384602476953
2020-10-09,Materials,0.0,0.0,0.015785728058930255,2,1,0.06593599079287214
2020-10-09,RealEstate,0.0,0.0,0.027247445159870078,0,0,0.0
2020-10-09,Tech,0.15352133333333334,0.06996190476190475,0.08339427518927803,21,4,0.36350372437001616
2020-10-09,Utilities,0.08092,0.0,0.108959596138917,2,2,0.13187198158574429
2020-10-12,Comm,-0.01873212121212121,0.13667285714285715,0.055739540770850436,21,3,0.5021814458059761
2020-10-12,Consumer,0.27188425641025643,0.04635571428571428,0.10428026678795828,33,5,0.708481146063264
2020-10-12,Energy,0.1787275,0.0,0.07806320264209068,13,4,0.4171940407514068
2020-10-12,Financials,0.1704435409035409,0.26195,0.11432846419859836,32,4,0.6638302372417336
2020-10-12,Healthcare,0.0482925,-0.093736,0.05775881352521199,17,4,0.5321049999646966
2020-10-12,Industrials,0.18501952380952383,0.147898,0.106892635657781,17,5,0.7449469999505755
2020-10-12,Materials,0.088,0.0,0.014350661871754777,4,2,0.2202684143531114
2020-10-12,RealEstate,0.0,0.0,0.024770404690790976,2,2,0.13187198158574429
2020-10-12,Tech,0.14646333333333333,0.15352133333333334,0.08976946229328306,8,4,0.5675402538704672
2020-10-12,Utilities,0.19068000000000002,0.08092,0.10641054194447,2,2,0.13187198158574429
2020-10-13,Comm,-0.08659642857142857,-0.01873212121212121,0.048969389681489374,12,3,0.39677762038280184
2020-10-13,Consumer,-0.08431622807017544,0.27188425641025643,0.1195169931172581,31,5,0.4621926347751903
2020-10-13,Energy,-0.09545999999999999,0.1787275,0.08721450240190062,5,3,0.35117808823808755
2020-10-13,Financials,0.07663472222222222,0.1704435409035409,0.1194298348081386,32,5,0.6954412009199115
2020-10-13,Healthcare,-0.05197999999999999,0.0482925,0.05689823956837453,8,4,0.4643511168031096
2020-10-13,Industrials,0.228532,0.18501952380952383,0.11399508003521215,16,4,0.4385087067527469
2020-10-13,Materials,0.0,0.088,0.021046056247049794,1,1,0.03625384938440364
2020-10-13,RealEstate,0.0,0.0,0.022518549718900886,0,0,0.0
2020-10-13,Tech,-0.030493333333333327,0.14646333333333333,0.09492345056965126,8,3,0.3929124834487851
2020-10-13,Utilities,-0.008999999999999998,0.19068000000000002,0.11407140176769999,2,2,0.13187198158574429
2020-10-14,Comm,0.22808199999999998,-0.08659642857142857,0.03664522438576956,13,5,0.7276640245664072
2020-10-14,Consumer,0.13895535714285714,-0.08431622807017544,0.10098670028203686,18,4,0.5341476507238597
2020-10-14,Energy,0.02732,-0.09545999999999999,0.07060772945627329,9,3,0.4097623639639484
2020-10-14,Financials,0.19860760869565217,0.07663472222222222,0.11553937002760076,52,4,0.501654491756205
2020-10-14,Healthcare,0.11088400000000001,-0.05197999999999999,0.04700021778943139,11,4,0.5004317108751516
2020-10-14,Industrials,0.14747,0.228532,0.12440752730473832,8,4,0.4643511168031096
2020-10-14,Materials,0.11717999999999999,0.0,0.019132778406408903,1,1,0.03625384938440364
2020-10-14,RealEstate,0.052669999999999995,0.0,0.02047140883536444,2,1,0.06593599079287214
2020-10-14,Tech,0.0043,-0.030493333333333327,0.08352192476028902,7,3,0.4343146913748387
2020-10-14,Utilities,0.16392,-0.008999999999999998,0.10288309251609089,3,3,0.27071301834358413
2020-10-15,Comm,0.14469333333333334,0.22808199999999998,0.05404856762342687,5,2,0.24312329185713755
2020-10-15,Consumer,0.04005709090909091,0.13895535714285714,0.10443839636029324,20,4,0.5099659018759822
2020-10-15,Energy,0.26669,0.02732,0.0666724813238848,8,4,0.6384827856042757
2020-10-15,Financials,0.18216233333333332,0.19860760869565217,0.1230910280883327,25,5,0.48689316323574233
2020-10-15,Healthcare,0.22815333333333335,0.11088400000000001,0.05280783435402854,10,5,0.786058833421261
2020-10-15,Industrials,0.14697333333333334,0.14747,0.1265041157315803,11,5,0.6941472118590811
2020-10-15,Materials,0.11988000000000001,0.11717999999999999,0.02804616218764446,2,2,0.13187198158574429
2020-10-15,RealEstate,0.0,0.052669999999999995,0.023398553486694944,0,0,0.0
2020-10-15,Tech,0.14579666666666666,0.0043,0.07631993160026275,9,4,0.5008206670670481
2020-10-15,Utilities,0.11438,0.16392,0.10843190228735536,1,1,0.03625384938440364
2020-10-16,Comm,0.01017499999999999,0.14469333333333334,0.06228900086978201,6,3,0.2795223152351191
2020-10-16,Consumer,0.23147333333333334,0.04005709090909091,0.09858555041018394,14,4,0.40017658201186357
2020-10-16,Energy,-0.00913124999999999,0.26669,0.08485589211262254,19,3,0.2704399627279113
2020-10-16,Financials,0.56552,0.18216233333333332,0.12846114674696912,7,5,0.6712136139429324
2020-10-16,Healthcare,0.002544615384615384,0.22815333333333335,0.06874833426123807,16,3,0.28225847790981407
2020-10-16,Industrials,0.1071502564102564,0.14697333333333334,0.128364953695376,20,3,0.3812366450917537
2020-10-16,Materials,0.11124,0.11988000000000001,0.0363946928978586,2,1,0.06593599079287214
2020-10-16,RealEstate,0.0,0.0,0.02127141226063177,0,0,0.0
2020-10-16,Tech,0.07855333333333334,0.14579666666666666,0.08263599842448129,7,3,0.3885973554406451
2020-10-16,Utilities,0.0,0.11438,0.10897263844305032,0,0,0.0
2020-10-19,Comm,0.31698666666666664,0.01017499999999999,0.05755136442707455,13,5,0.6135206481638334
2020-10-19,Consumer,0.24128,0.23147333333333334,0.11066625794865206,23,5,0.8246969746316359
2020-10-19,Energy,0.0239189696969697,-0.00913124999999999,0.0763116064660205,22,5,0.5975722093586435
2020-10-19,Financials,0.2600866666666667,0.56552,0.1681937697699719,13,5,0.7276640245664072
2020-10-19,Healthcare,0.15437499999999998,0.002544615384615384,0.06272981436336326,20,5,0.8013749886622578
2020-10-19,Industrials,0.214345,0.1071502564102564,0.12643634485127425,19,4,0.5471692269146112
2020-10-19,Materials,0.24242,0.11124,0.043198811725326,2,2,0.13187198158574429
2020-10-19,RealEstate,0.0,0.0,0.019337647509665244,1,1,0.03625384938440364
2020-10-19,Tech,0.020802499999999995,0.07855333333333334,0.08226484705255874,13,4,0.4286240144706235
2020-10-19,Utilities,0.07921,0.0,0.09906603494822755,4,1,0.1101342071765557
2020-10-20,Comm,0.0,0.31698666666666664,0.0811363919034011,3,1,0.09023767278119472
2020-10-20,Consumer,0.183925,0.24128,0.1225402344987746,11,4,0.6148161019323292
2020-10-20,Energy,0.11259333333333335,0.0239189696969697,0.07154863948701588,8,3,0.4643511168031096
2020-10-20,Financials,0.13975166666666666,0.2600866666666667,0.17654766948785325,14,4,0.5938104120176042
2020-10-20,Healthcare,0.22175000000000003,0.15437499999999998,0.0710611948757848,9,4,0.6439122862290618
2020-10-20,Industrials,0.062329999999999997,0.214345,0.13442804077388565,6,3,0.3593858338737245
2020-10-20,Materials,0.0,0.24242,0.06130982884120546,0,0,0.0
2020-10-20,RealEstate,0.17217333333333334,0.0,0.017579679554241133,4,2,0.1762147314824891
2020-10-20,Tech,0.020385000000000004,0.020802499999999995,0.07667736095687158,6,2,0.2515700837116072
2020-10-20,Utilities,0.0,0.07921,0.09726094086202504,3,2,0.1624278110061505
2020-10-21,Comm,0.022346666666666664,0.0,0.07376035627581919,6,2,0.2795223152351191
2020-10-21,Consumer,0.18136980952380952,0.183925,0.12812066772615874,19,4,0.7129780835554027
2020-10-21,Energy,-0.030614999999999983,0.11259333333333335,0.07527997529122656,12,5,0.6891400775069715
2020-10-21,Financials,0.01945466666666667,0.13975166666666666,0.17320257832229086,14,4,0.5578219021983555
2020-10-21,Healthcare,0.176172,0.22175000000000003,0.08476017715980436,9,3,0.38634737173743705
2020-10-21,Industrials,0.10532,0.062329999999999997,0.12787367343080513,6,4,0.5031401674232144
2020-10-21,Materials,0.068,0.0,0.0557362080374595,4,2,0.1762147314824891
2020-10-21,RealEstate,0.029599999999999998,0.17217333333333334,0.03163364807961315,2,1,0.06593599079287214
2020-10-21,Tech,0.14243,0.020385000000000004,0.07155987359715597,8,4,0.4643511168031096
2020-10-21,Utilities,0.07019333333333333,0.0,0.08841903714729549,8,3,0.26883485709653715
2020-10-22,Comm,0.018023333333333332,0.022346666666666664,0.06908638449316895,16,4,0.3274198343753844
2020-10-22,Consumer,0.05270335885167463,0.18136980952380952,0.13296149879867242,42,5,0.6630087721955445
2020-10-22,Energy,0.12003833333333333,-0.030614999999999983,0.06565315935566049,8,3,0.3929124834487851
2020-10-22,Financials,0.10409333333333333,0.01945466666666667,0.15922549544450681,14,4,0.5578219021983555
2020-10-22,Healthcare,-0.022653999999999997,0.176172,0.09307034287254942,7,2,0.25459826735766405
2020-10-22,Industrials,-0.041991428571428575,0.10532,0.12582333948255014,10,3,0.3202461913938472
2020-10-22,Materials,0.06461166666666666,0.068,0.05685109821587227,15,2,0.27947439165651056
2020-10-22,RealEstate,-0.11988000000000001,0.029599999999999998,0.03144877098146649,2,2,0.13187198158574429
2020-10-22,Tech,0.094355,0.14243,0.07800261236105088,10,2,0.25431315198923155
2020-10-22,Utilities,0.10132,0.07019333333333333,0.08676215498238984,4,3,0.2936912191374818
2020-10-23,Comm,0.149645,0.018023333333333332,0.06444428893318391,9,2,0.20803320016631227
2020-10-23,Consumer,0.30624,0.05270335885167463,0.12566530425803626,15,5,0.700976752843379
2020-10-23,Energy,0.15537499999999999,0.12003833333333333,0.07059726608090348,6,3,0.2795223152351191
2020-10-23,Financials,0.18292000000000003,0.10409333333333333,0.1542134807071274,3,2,0.1624278110061505
2020-10-23,Healthcare,0.030576000000000002,-0.022653999999999997,0.08254994806595402,23,3,0.258608680933871
2020-10-23,Industrials,0.32852,-0.041991428571428575,0.11056745147764295,7,4,0.3885973554406451
2020-10-23,Materials,0.04588,0.06461166666666666,0.057556604438671756,2,1,0.06593599079287214
2020-10-23,RealEstate,0.0,-0.11988000000000001,0.01769160998315136,1,1,0.03625384938440364
2020-10-23,Tech,0.05714181818181818,0.094355,0.07948919305550081,24,2,0.23412281381137892
2020-10-23,Utilities,0.08166999999999999,0.10132,0.08808559543853622,5,2,0.24312329185713755
2020-10-26,Comm,0.20060857142857141,0.149645,0.07218980812107625,17,5,0.6731448794734116
2020-10-26,Consumer,0.0665628888888889,0.30624,0.14208118568912387,27,5,0.8108462709417156
2020-10-26,Energy,0.06980433333333333,0.15537499999999999,0.07830433280082136,17,5,0.8868416666078278
2020-10-26,Financials,0.0040360000000000005,0.18292000000000003,0.15682316427920673,17,4,0.7072281645100398
2020-10-26,Healthcare,0.016857777777777777,0.030576000000000002,0.07782504369632183,16,4,0.501152807717425
2020-10-26,Industrials,0.23185444444444445,0.32852,0.13038131952512994,21,5,0.730062101885999
2020-10-26,Materials,0.0,0.04588,0.05649509494424705,2,2,0.13187198158574429
2020-10-26,RealEstate,0.22522000000000003,0.0,0.01608328180286487,3,3,0.27071301834358413
2020-10-26,Tech,0.04287857142857143,0.05714181818181818,0.07745761352152966,18,4,0.5341476507238597
2020-10-26,Utilities,0.025755,0.08166999999999999,0.08750235948957838,8,2,0.31924139280213787
2020-10-27,Comm,0.0,0.20060857142857141,0.08386424114903038,2,2,0.13187198158574429
2020-10-27,Consumer,0.06558499999999999,0.0665628888888889,0.1352158859800116,15,5,0.8067845645933229
2020-10-27,Energy,-0.0005066666666666663,0.06980433333333333,0.07753160557650426,6,3,0.3593858338737245
2020-10-27,Financials,0.04614,0.0040360000000000005,0.1429334220720061,7,4,0.3885973554406451
2020-10-27,Healthcare,0.07627142857142856,0.016857777777777777,0.07228256497645417,12,5,0.4676307668797307
2020-10-27,Industrials,0.011762478632478627,0.23185444444444445,0.13960614906324947,42,5,0.827982785934342
2020-10-27,Materials,0.020095,0.0,0.05135917722204277,5,2,0.185917811420164
2020-10-27,RealEstate,0.0,0.22522000000000003,0.03509571072987716,0,0,0.0
2020-10-27,Tech,0.14720908571428573,0.04287857142857143,0.07431406424035163,41,4,0.4083932703156444
2020-10-27,Utilities,0.03558,0.025755,0.08188896317234398,2,2,0.13187198158574429
2020-10-28,Comm,0.07549399999999999,0.0,0.07624021922639124,17,3,0.4331087209014973
2020-10-28,Consumer,0.070246,0.06558499999999999,0.12888580543637418,14,4,0.5578219021983555
2020-10-28,Energy,0.07187714285714285,-0.0005066666666666663,0.07043721719076144,29,5,0.8260628832109742
2020-10-28,Financials,0.03004047619047619,0.04614,0.1341340200654601,29,5,0.9582329445247301
2020-10-28,Healthcare,0.02781733333333334,0.07627142857142856,0.07264518893963366,23,5,0.6425553115228084
2020-10-28,Industrials,0.18508995454545457,0.011762478632478627,0.12798399720590664,43,5,0.6213981809705911
2020-10-28,Materials,0.0,0.020095,0.048516979292766146,0,0,0.0
2020-10-28,RealEstate,0.09152,0.0,0.0319051915726156,2,2,0.13187198158574429
2020-10-28,Tech,0.08511809523809523,0.14720908571428573,0.08094088437434563,20,4,0.6232916578484227
2020-10-28,Utilities,0.0,0.03558,0.07767905742940362,2,2,0.13187198158574429
2020-10-29,Comm,0.186384,0.07549399999999999,0.07617238111490113,17,5,0.48583499996776647
2020-10-29,Consumer,0.10046438095238094,0.070246,0.12355491403306744,21,4,0.730062101885999
2020-10-29,Energy,-0.1950985714285714,0.07187714285714285,0.07056811952406884,16,4,0.598938721418386
2020-10-29,Financials,0.10489000000000001,0.03004047619047619,0.12467097062227975,9,4,0.5408863204324119
2020-10-29,Healthcare,0.21607266666666666,0.02781733333333334,0.0685699293390609,19,5,0.8304097679057042
2020-10-29,Industrials,-0.063477,0.18508995454545457,0.13317544787313826,14,5,0.7080047220209896
2020-10-29,Materials,0.08059200000000001,0.0,0.044106344811605594,10,3,0.4117451032206606
2020-10-29,RealEstate,0.0,0.09152,0.03732471961146873,2,2,0.13187198158574429
2020-10-29,Tech,0.133836,0.08511809523809523,0.08132063081650469,11,4,0.5004317108751516
2020-10-29,Utilities,0.08317,0.0,0.07061732493582147,5,2,0.24312329185713755
2020-10-30,Comm,0.14787999999999998,0.186384,0.08619161919536465,6,4,0.4192834728526786
2020-10-30,Consumer,0.17318155555555556,0.10046438095238094,0.12145577466209594,23,5,0.7758260428016132
2020-10-30,Energy,0.043351999999999995,-0.1950985714285714,0.046416602164737905,23,3,0.5541614591440094
2020-10-30,Financials,0.08553200000000001,0.10489000000000001,0.12287270056570884,16,5,0.8770174135054938
2020-10-30,Healthcare,0.05099,0.21607266666666666,0.08197926909611598,15,4,0.33668962144445774
2020-10-30,Industrials,0.06380285714285713,-0.063477,0.1152979526119439,20,4,0.5099659018759822
2020-10-30,Materials,0.0,0.08059200000000001,0.047423222556005076,0,0,0.0
2020-10-30,RealEstate,0.0,0.0,0.03393156328315339,1,1,0.03625384938440364
2020-10-30,Tech,0.05574,0.133836,0.08609475528773153,5,3,0.35117808823808755
2020-10-30,Utilities,0.08196,0.08317,0.07175847721438315,4,3,0.2936912191374818
2020-11-02,Comm,0.06413833333333332,0.14787999999999998,0.09179965381396786,19,5,0.685289614291115
2020-11-02,Consumer,0.17241722222222222,0.17318155555555556,0.12615811837968316,24,5,0.7616795542663527
2020-11-02,Energy,-0.08184083333333333,0.043351999999999995,0.04613800196794355,18,5,0.5946171960888249
2020-11-02,Financials,0.09402999999999999,0.08553200000000001,0.11947809142337167,13,4,0.5689009646610094
2020-11-02,Healthcare,0.06512555555555556,0.05099,0.07916206281465088,22,4,0.6374103566492199
2020-11-02,Industrials,0.12131750000000001,0.06380285714285713,0.11061658029657236,19,4,0.6475672502016959
2020-11-02,Materials,0.1041,0.0,0.04311202050545916,2,2,0.13187198158574429
2020-11-02,RealEstate,0.04019,0.0,0.03084687571195762,2,1,0.06593599079287214
2020-11-02,Tech,0.06340399999999999,0.05574,0.08333523207975593,19,4,0.6137811327998683
2020-11-02,Utilities,-0.014290000000000002,0.08196,0.07268588837671194,10,3,0.2620196111404203
2020-11-03,Comm,-0.06955933333333333,0.06413833333333332,0.08928498831572837,15,5,0.6382027152753152
2020-11-03,Consumer,0.14961866666666665,0.17241722222222222,0.13036349145627762,23,5,0.8515163884407948
2020-11-03,Energy,0.129825,-0.08184083333333333,0.0345035623951002,6,3,0.2795223152351191
2020-11-03,Financials,0.0670097619047619,0.09402999999999999,0.11716462856670151,19,4,0.573860408715324
2020-11-03,Healthcare,0.10387733333333334,0.06512555555555556,0.07788601670018766,10,4,0.48036928709077076
2020-11-03,Industrials,0.16295866666666664,0.12131750000000001,0.11158939117870215,16,4,0.663688853463617
2020-11-03,Materials,0.09152,0.1041,0.04865638227769015,1,1,0.03625384938440364
2020-11-03,RealEstate,0.0,0.04019,0.031696250647234206,1,1,0.03625384938440364
2020-11-03,Tech,0.07976000000000001,0.06340399999999999,0.08152330189068721,3,2,0.1624278110061505
2020-11-03,Utilities,0.05719,-0.014290000000000002,0.0647789894333745,2,1,0.06593599079287214
2020-11-04,Comm,0.06766599999999999,-0.06955933333333333,0.07484459543854094,12,3,0.422376176536531
2020-11-04,Consumer,0.02544114285714285,0.14961866666666665,0.13211396192994934,13,3,0.41719404075140687
2020-11-04,Energy,0.092334,0.129825,0.043169147631909266,17,4,0.5643537878413449
2020-11-04,Financials,0.1722325,0.0670097619047619,0.11260509523379791,24,5,0.7516574548681111
2020-11-04,Healthcare,0.18835777777777776,0.10387733333333334,0.08024886366683727,13,3,0.35156801186916314
2020-11-04,Industrials,0.18168666666666666,0.16295866666666664,0.11625932531397165,10,4,0.5764431445089249
2020-11-04,Materials,0.0,0.09152,0.05255307479790013,2,1,0.06593599079287214
2020-11-04,RealEstate,0.0,0.0,0.02881477331566746,2,2,0.13187198158574429
2020-11-04,Tech,0.10166266666666665,0.07976000000000001,0.08136300171880655,16,4,0.7222496346515831
2020-11-04,Utilities,0.009925,0.05719,0.06408908130306772,7,3,0.351588083493917
2020-11-05,Comm,0.022389666666666662,0.06766599999999999,0.07419199585321903,19,5,0.8304097679057042
2020-11-05,Consumer,0.15840928571428572,0.02544114285714285,0.12241643292333057,16,5,0.663688853463617
2020-11-05,Energy,0.10478666666666665,0.092334,0.047638679665372066,9,5,0.6439122862290618
2020-11-05,Financials,0.12442,0.1722325,0.11802576839436174,10,5,0.540415447977117
2020-11-05,Healthcare,0.059330000000000015,0.18835777777777776,0.09007694676783187,11,4,0.4781903015029227
2020-11-05,Industrials,0.09215666666666666,0.18168666666666666,0.12220726543694391,12,5,0.5455692280263525
2020-11-05,Materials,0.0,0.0,0.04777552254354557,0,0,0.0
2020-11-05,RealEstate,0.02679333333333333,0.0,0.026195248468788596,3,1,0.09023767278119472
2020-11-05,Tech,0.1017323076923077,0.10166266666666665,0.08320842580497564,20,4,0.42222983273602827
2020-11-05,Utilities,0.3234,0.009925,0.05916507391187975,6,4,0.5031401674232144
2020-11-06,Comm,0.09671144607843138,0.022389666666666662,0.06948269319989608,46,5,0.6803171063105186
2020-11-06,Consumer,0.07520357142857143,0.15840928571428572,0.12568851044978105,22,5,0.7135190559506194
2020-11-06,Energy,0.026895000000000002,0.10478666666666665,0.052833951210944294,4,1,0.1101342071765557
2020-11-06,Financials,0.1398,0.12442,0.11860706217669248,9,4,0.5408863204324119
2020-11-06,Healthcare,0.04215,0.059330000000000015,0.08728176978893805,3,2,0.1624278110061505
2020-11-06,Industrials,-0.009405714285714285,0.09215666666666666,0.11947539282146416,11,3,0.3647214164005342
2020-11-06,Materials,0.07832,0.0,0.04343229322140506,3,3,0.27071301834358413
2020-11-06,RealEstate,0.09966,0.02679333333333333,0.02624961982011085,4,4,0.4405368287062228
2020-11-06,Tech,0.12655,0.1017323076923077,0.08489241506746037,6,3,0.4192834728526787
2020-11-06,Utilities,0.14980000000000002,0.3234,0.0831864308289816,7,5,0.6712136139429324
2020-11-09,Comm,0.20570857142857144,0.09671144607843138,0.07195803437067202,18,5,0.7162434407433574
2020-11-09,Consumer,0.03833857142857143,0.07520357142857143,0.12109897053876198,22,5,0.43858510778616044
2020-11-09,Energy,0.1716980512820513,0.026895000000000002,0.050475864737222084,31,5,0.7077857691206787
2020-11-09,Financials,0.07978428571428572,0.1398,0.12053369288790225,24,4,0.7418956697399538
2020-11-09,Healthcare,0.20935333333333334,0.04215,0.08317888162630732,11,5,0.6941472118590813
2020-11-09,Industrials,0.21836666666666668,-0.009405714285714285,0.10775892853899338,31,5,0.44297908413788445
2020-11-09,Materials,0.0,0.07832,0.04660390292855006,0,0,0.0
2020-11-09,RealEstate,0.14476,0.09966,0.03292329074555531,3,3,0.27071301834358413
2020-11-09,Tech,-0.01575333333333333,0.12655,0.08867946824314579,16,4,0.6139121894538456
2020-11-09,Utilities,0.060571428571428575,0.14980000000000002,0.08924220984452871,8,2,0.20431449139336824
2020-11-10,Comm,0.02692500000000001,0.20570857142857144,0.08411717410320832,14,5,0.8003531640237274
2020-11-10,Consumer,0.09780488888888889,0.03833857142857143,0.11357529789238101,17,4,0.5033425675341725
2020-11-10,Energy,0.074815,0.1716980512820513,0.06149606351402474,15,5,0.7774469440626567
2020-11-10,Financials,0.1362,0.07978428571428572,0.11682920132666438,9,4,0.5879199135134913
2020-11-10,Healthcare,0.212596,0.20935333333333334,0.09464928632694605,10,5,0.540415447977117
2020-11-10,Industrials,0.11978233333333335,0.21836666666666668,0.11781417745969096,29,4,0.4544465184060373
2020-11-10,Materials,-0.068,0.0,0.04236718448050005,2,2,0.13187198158574429
2020-11-10,RealEstate,0.0,0.14476,0.043090264314141195,0,0,0.0
2020-11-10,Tech,-0.022237333333333338,-0.01575333333333333,0.0791855771907386,24,4,0.6800710305949577
2020-11-10,Utilities,0.05464,0.060571428571428575,0.08663577518333779,1,1,0.03625384938440364
2020-11-11,Comm,-0.101235,0.02692500000000001,0.0789178855483712,9,4,0.5408863204324119
2020-11-11,Consumer,0.08898266666666668,0.09780488888888889,0.11214162434660899,14,4,0.6817823249091012
2020-11-11,Energy,0.17864,0.074815,0.06270687592184068,7,3,0.2734573982730465
2020-11-11,Financials,0.16386019047619046,0.1362,0.11859018302424036,16,4,0.5846782756703292
2020-11-11,Healthcare,0.0,0.212596,0.10537171484267822,4,3,0.2936912191374818
2020-11-11,Industrials,0.039290000000000005,0.11978233333333335,0.11799310072093117,11,5,0.614816101932329
2020-11-11,Materials,0.049333333333333326,-0.068,0.03233380407318186,5,2,0.24312329185713755
2020-11-11,RealEstate,0.06124,0.0,0.03917296755831018,2,1,0.06593599079287214
2020-11-11,Tech,0.12945619047619047,-0.022237333333333338,0.06996531259764115,16,3,0.5224784591096558
2020-11-11,Utilities,0.05913999999999999,0.05464,0.08372706834848889,3,2,0.1624278110061505
2020-11-12,Comm,0.07258,-0.101235,0.06254035049851928,7,4,0.3885973554406451
2020-11-12,Consumer,0.0992534199134199,0.08898266666666668,0.11003626455752333,43,4,0.5934701728370815
2020-11-12,Energy,0.3424666666666667,0.17864,0.07324625083803697,11,5,0.7969838358382045
2020-11-12,Financials,0.1692842564102564,0.16386019047619046,0.1227056382471449,26,4,0.5745904294457826
2020-11-12,Healthcare,-0.01531,0.0,0.0957924680387984,3,2,0.1624278110061505
2020-11-12,Industrials,0.049170000000000005,0.039290000000000005,0.11083827338266469,14,5,0.6817823249091012
2020-11-12,Materials,0.04404,0.049333333333333326,0.03387921582410472,5,4,0.45151468487754115
2020-11-12,RealEstate,0.0,0.06124,0.04117906141664561,0,0,0.0
2020-11-12,Tech,0.18486666666666668,0.12945619047619047,0.07537357422296381,11,4,0.45784177803471326
2020-11-12,Utilities,0.18991000000000002,0.05913999999999999,0.08149188031680808,4,3,0.2936912191374818
2020-11-13,Comm,0.086965,0.07258,0.0634530459077448,13,3,0.3862907784735249
2020-11-13,Consumer,0.13441093167701862,0.0992534199134199,0.10905600595351392,31,3,0.3312779679304041
2020-11-13,Energy,0.11189333333333333,0.3424666666666667,0.09772083409518514,6,2,0.2795223152351191
2020-11-13,Financials,0.11451333333333333,0.1692842564102564,0.12694005808015504,11,4,0.4781903015029227
2020-11-13,Healthcare,0.17160000000000003,-0.01531,0.08569224367163489,4,3,0.2936912191374818
2020-11-13,Industrials,0.09176,0.049170000000000005,0.10523206671151338,11,5,0.7420194333666041
2020-11-13,Materials,0.24013999999999996,0.04404,0.03480292347645884,5,4,0.45151468487754115
2020-11-13,RealEstate,0.10533999999999999,0.0,0.03743551037876874,2,2,0.13187198158574429
2020-11-13,Tech,-0.006774666666666662,0.18486666666666668,0.08532749171784589,9,3,0.38634737173743705
2020-11-13,Utilities,0.0,0.18991000000000002,0.09134807301528008,0,0,0.0
2020-11-16,Comm,0.125346,0.086965,0.065590496279768,12,5,0.6891400775069715
2020-11-16,Consumer,0.18227977777777776,0.13441093167701862,0.11136099920110527,44,5,0.5514838121842209
2020-11-16,Energy,0.2627775,0.11189333333333333,0.09900924311683497,18,4,0.6302942278541545
2020-11-16,Financials,0.12498400000000001,0.11451333333333333,0.12581035583044398,19,4,0.7429982133893142
2020-11-16,Healthcare,0.029619000000000006,0.17160000000000003,0.09350203970148627,21,5,0.6075341966743627
2020-11-16,Industrials,0.11452142857142858,0.09176,0.10400733337410303,25,4,0.48689316323574233
2020-11-16,Materials,0.14817,0.24013999999999996,0.053469930433144394,4,3,0.2936912191374818
2020-11-16,RealEstate,0.0,0.10533999999999999,0.04360864579888067,3,3,0.27071301834358413
2020-11-16,Tech,0.28620666666666666,-0.006774666666666662,0.07695456822834475,7,4,0.49222331689148374
2020-11-16,Utilities,-0.07041,0.0,0.08304370274116371,8,3,0.26883485709653715
2020-11-17,Comm,0.115872,0.125346,0.07102281479978909,12,4,0.5692896292448896
2020-11-17,Consumer,0.3096205263157895,0.18227977777777776,0.11780816088989368,30,5,0.44225079952758634
2020-11-17,Energy,0.0,0.2627775,0.11389726646984996,3,2,0.1624278110061505
2020-11-17,Financials,-0.0314,0.12498400000000001,0.12573523257313088,11,4,0.55175804019568
2020-11-17,Healthcare,0.025965000000000005,0.029619000000000006,0.08769449063771478,10,4,0.5086263039784631
2020-11-17,Industrials,0.11739000000000002,0.11452142857142858,0.10496316021022353,9,4,0.5408863204324119
2020-11-17,Materials,0.08808,0.14817,0.06207902766649491,2,2,0.13187198158574429
2020-11-17,RealEstate,0.0,0.0,0.03964422345352788,0,0,0.0
2020-11-17,Tech,0.2277033333333333,0.28620666666666666,0.09597748626819219,8,3,0.4643511168031096
2020-11-17,Utilities,0.0,-0.07041,0.06909336612833064,0,0,0.0
2020-11-18,Comm,0.008979999999999998,0.115872,0.07510001345435371,11,5,0.6148161019323292
2020-11-18,Consumer,0.08789916666666667,0.3096205263157895,0.1352456486558842,19,3,0.5152177392115683
2020-11-18,Energy,0.05945333333333334,0.0,0.10354296951804542,8,3,0.3929124834487851
2020-11-18,Financials,0.11738833333333332,-0.0314,0.11145021143011898,11,4,0.6520776838676219
2020-11-18,Healthcare,0.15037333333333333,0.025965000000000005,0.0820827187615589,9,4,0.5879199135134913
2020-11-18,Industrials,-0.02584111111111111,0.11739000000000002,0.10609287291838505,26,5,0.3931408201471145
2020-11-18,Materials,0.0,0.08808,0.06444275242408629,0,0,0.0
2020-11-18,RealEstate,0.08808,0.0,0.0360402031395708,1,1,0.03625384938440364
2020-11-18,Tech,0.200415,0.2277033333333333,0.10795256327411411,9,4,0.5408863204324119
2020-11-18,Utilities,0.12498000000000001,0.0,0.06281215102575513,5,3,0.35117808823808755
2020-11-19,Comm,0.14894714285714286,0.008979999999999998,0.06908910314032154,10,3,0.3202461913938472
2020-11-19,Consumer,-0.02735666666666666,0.08789916666666667,0.13094142302050077,16,5,0.598938721418386
2020-11-19,Energy,0.08038,0.05945333333333334,0.09953482077398068,4,2,0.2202684143531114
2020-11-19,Financials,0.2288333333333333,0.11738833333333332,0.11199004069404754,13,5,0.6953234012523447
2020-11-19,Healthcare,0.05620333333333334,0.15037333333333333,0.08829095644990201,8,4,0.5675402538704672
2020-11-19,Industrials,0.019245714285714286,-0.02584111111111111,0.09409887437024902,10,3,0.3202461913938472
2020-11-19,Materials,0.08252000000000001,0.0,0.058584320385532976,3,3,0.27071301834358413
2020-11-19,RealEstate,0.0,0.08808,0.04077109376324618,1,1,0.03625384938440364
2020-11-19,Tech,-0.021269999999999994,0.200415,0.11635823934010374,5,4,0.45151468487754115
2020-11-19,Utilities,0.01406,0.12498000000000001,0.06846377365977738,5,4,0.45151468487754115
2020-11-20,Comm,-0.04008,0.14894714285714286,0.07634892493275985,15,5,0.5553192457590407
2020-11-20,Consumer,0.0778979761904762,-0.02735666666666666,0.11655068759439464,26,4,0.7228718305930814
2020-11-20,Energy,0.0,0.08038,0.09779347343089152,2,2,0.13187198158574429
2020-11-20,Financials,0.12572,0.2288333333333333,0.1226121582067099,15,5,0.8067845645933229
2020-11-20,Healthcare,0.0351975,0.05620333333333334,0.08537389980294122,13,4,0.4286240144706235
2020-11-20,Industrials,0.059929333333333334,0.019245714285714286,0.08729404163529132,9,3,0.38634737173743705
2020-11-20,Materials,0.0,0.08252000000000001,0.060760291259575425,0,0,0.0
2020-11-20,RealEstate,0.0,0.0,0.037064630693860165,0,0,0.0
2020-11-20,Tech,0.13829333333333332,-0.021269999999999994,0.10384658121827613,6,3,0.3593858338737245
2020-11-20,Utilities,0.02121333333333333,0.01406,0.06351797605434308,4,2,0.1762147314824891
2020-11-23,Comm,0.03452666666666667,-0.04008,0.06576447721159986,9,3,0.38634737173743705
2020-11-23,Consumer,0.17166674725274725,0.0778979761904762,0.11303680473949296,37,5,0.8471598730464481
2020-11-23,Energy,-0.02423785714285715,0.0,0.08890315766444683,17,4,0.6139673076515731
2020-11-23,Financials,0.028933999999999998,0.12572,0.12289468927882718,23,4,0.634766762292229
2020-11-23,Healthcare,0.1924425238095238,0.0351975,0.08081240891176475,20,5,0.7853474888890126
2020-11-23,Industrials,0.12892571428571428,0.059929333333333334,0.08480634088056786,22,5,0.6051364145403986
2020-11-23,Materials,0.04046,0.0,0.05523662841779584,9,5,0.4662813107175964
2020-11-23,RealEstate,0.0,0.0,0.03369511881260014,1,1,0.03625384938440364
2020-11-23,Tech,0.07102,0.13829333333333332,0.10697810413782678,11,4,0.5815827991251763
2020-11-23,Utilities,0.12288666666666667,0.02121333333333333,0.05967209944334219,4,2,0.1762147314824891
2020-11-24,Comm,0.09909333333333334,0.03452666666666667,0.06292467625296957,10,4,0.4117451032206606
2020-11-24,Consumer,0.0282875,0.17166674725274725,0.11836679951342517,15,4,0.5030539049817191
2020-11-24,Energy,-0.09852999999999999,-0.02423785714285715,0.07861761086378283,11,5,0.5004317108751517
2020-11-24,Financials,0.17926,0.028933999999999998,0.11435280843529742,16,5,0.8467754337294423
2020-11-24,Healthcare,0.12805,0.1924425238095238,0.0909606011751974,3,2,0.1624278110061505
2020-11-24,Industrials,0.0618547619047619,0.12892571428571428,0.08881719300830845,28,5,0.7100917044057067
2020-11-24,Materials,0.08808,0.04046,0.05389329856163259,1,1,0.03625384938440364
2020-11-24,RealEstate,0.06427000000000001,0.0,0.030631926193272863,4,3,0.2936912191374818
2020-11-24,Tech,0.0,0.07102,0.10370918557984252,1,1,0.03625384938440364
2020-11-24,Utilities,0.04046,0.12288666666666667,0.06541887828182621,1,1,0.03625384938440364
2020-11-25,Comm,0.042552,0.09909333333333334,0.0662127359875481,6,2,0.1935154490089286
2020-11-25,Consumer,0.15788666666666668,0.0282875,0.11017777228493197,15,4,0.6578397218991711
2020-11-25,Energy,0.12261249999999999,-0.09852999999999999,0.06251328260343894,13,4,0.4286240144706235
2020-11-25,Financials,0.0005153333333333343,0.17926,0.12025346221390673,13,4,0.6657351714118194
2020-11-25,Healthcare,0.04019,0.12805,0.0943323647047249,6,4,0.5031401674232144
2020-11-25,Industrials,0.22318666666666664,0.0618547619047619,0.08636606290798603,12,5,0.7702153807430859
2020-11-25,Materials,0.10717333333333331,0.08808,0.05700118051057508,4,2,0.1762147314824891
2020-11-25,RealEstate,0.0,0.06427000000000001,0.033689932902975325,0,0,0.0
2020-11-25,Tech,0.07454666666666668,0.0,0.09428107779985684,6,3,0.3593858338737245
2020-11-25,Utilities,0.15148,0.04046,0.06314988934711474,4,2,0.1762147314824891
2020-11-27,Comm,0.17606,0.042552,0.06406175998868009,3,3,0.27071301834358413
2020-11-27,Consumer,0.11065,0.15788666666666668,0.1145149445014533,32,5,0.8049595002773778
2020-11-27,Energy,0.05974250000000001,0.12261249999999999,0.06797684782130813,10,2,0.25431315198923155
2020-11-27,Financials,0.20613333333333334,0.0005153333333333343,0.10936817777021826,7,3,0.3885973554406451
2020-11-27,Healthcare,-0.03129333333333334,0.04019,0.0894103315497499,7,3,0.4343146913748387
2020-11-27,Industrials,0.10518571428571429,0.22318666666666664,0.09880429961332063,9,3,0.2651403531531431
2020-11-27,Materials,0.09176,0.10717333333333331,0.061562285312644,1,1,0.03625384938440364
2020-11-27,RealEstate,0.00506,0.0,0.030627211729977573,2,2,0.13187198158574429
2020-11-27,Tech,0.16755,0.07454666666666668,0.09248704042411227,5,3,0.35117808823808755
2020-11-27,Utilities,0.10533999999999999,0.15148,0.07117989940646795,1,1,0.03625384938440364
2020-11-30,Comm,0.06034666666666667,0.17606,0.07424341817152735,6,3,0.3593858338737245
2020-11-30,Consumer,0.11200000000000002,0.11065,0.11416358591041209,16,4,0.416211653867014
2020-11-30,Energy,0.2151790476190476,0.05974250000000001,0.06722827074664375,27,5,0.662746495427247
2020-11-30,Financials,0.022825000000000012,0.20613333333333334,0.1181650100941378,12,4,0.5692896292448897
2020-11-30,Healthcare,0.16828333333333334,-0.03129333333333334,0.07843727110583325,11,5,0.6941472118590813
2020-11-30,Industrials,0.09554457142857144,0.10518571428571429,0.09938442821990187,16,5,0.6139121894538456
2020-11-30,Materials,0.04046,0.09176,0.06430753210240364,2,2,0.13187198158574429
2020-11-30,RealEstate,0.15484,0.00506,0.028302919754525056,3,3,0.27071301834358413
2020-11-30,Tech,0.031301666666666665,0.16755,0.09931094584010207,10,4,0.5764431445089249
2020-11-30,Utilities,0.10889,0.10533999999999999,0.07428536309678904,7,4,0.49222331689148374
2020-12-01,Comm,0.08808,0.06034666666666667,0.07298007712563093,6,4,0.5031401674232144
2020-12-01,Consumer,0.14459,0.11200000000000002,0.11396689628219281,8,3,0.3929124834487851
2020-12-01,Energy,0.09315,0.2151790476190476,0.08067834137140774,12,5,0.5455692280263524
2020-12-01,Financials,0.31537,0.022825000000000012,0.10949773644921616,4,3,0.2936912191374818
2020-12-01,Healthcare,0.04019,0.16828333333333334,0.0866050949446969,5,3,0.35117808823808755
2020-12-01,Industrials,0.07636000000000001,0.09554457142857144,0.09903535032978092,10,4,0.4117451032206606
2020-12-01,Materials,0.12248,0.04046,0.062139574638548765,2,2,0.13187198158574429
2020-12-01,RealEstate,0.068,0.15484,0.039806290685931875,1,1,0.03625384938440364
2020-12-01,Tech,0.042069999999999996,0.031301666666666665,0.09312828409706249,11,4,0.45784177803471326
2020-12-01,Utilities,0.05464,0.10889,0.07743123917889913,1,1,0.03625384938440364
2020-12-02,Comm,-0.09878,0.08808,0.0743527973869372,2,2,0.13187198158574429
2020-12-02,Consumer,0.03224822222222223,0.14459,0.11675081480199345,26,5,0.8003223838709116
2020-12-02,Energy,0.14893133333333333,0.09315,0.08181212851946158,13,4,0.6135206481638337
2020-12-02,Financials,0.11765,0.31537,0.1282133967720147,9,4,0.5879199135134913
2020-12-02,Healthcare,0.207675,0.04019,0.08238554085881536,12,4,0.654683073631623
2020-12-02,Industrials,0.02137333333333333,0.07636000000000001,0.09697395484525538,11,3,0.40601063335153814
2020-12-02,Materials,0.09152,0.12248,0.06762506785322615,4,3,0.2936912191374818
2020-12-02,RealEstate,0.03818,0.068,0.042369355169028976,2,1,0.06593599079287214
2020-12-02,Tech,0.160195,0.042069999999999996,0.08848662190642043,8,4,0.4643511168031096
2020-12-02,Utilities,0.22591,0.05464,0.07535930834445374,7,4,0.3885973554406451
2020-12-03,Comm,0.027834285714285718,-0.09878,0.0586134521699429,8,2,0.20431449139336824
2020-12-03,Consumer,0.09779,0.03224822222222223,0.10906876093110515,26,4,0.5335482559139411
2020-12-03,Energy,0.012890000000000002,0.14893133333333333,0.08791387441163173,8,3,0.4256551904028505
2020-12-03,Financials,0.09838,0.11765,0.1272530879745588,11,4,0.45784177803471326
2020-12-03,Healthcare,0.12248999999999999,0.207675,0.09377549168983215,3,2,0.1624278110061505
2020-12-03,Industrials,0.11542369747899159,0.02137333333333333,0.09010117107144429,30,5,0.5100960926369321
2020-12-03,Materials,0.0,0.09152,0.06979733441202376,1,1,0.03625384938440364
2020-12-03,RealEstate,0.20356000000000002,0.03818,0.041988504699117246,3,3,0.27071301834358413
2020-12-03,Tech,0.04324333333333333,0.160195,0.0950055653694731,8,3,0.26883485709653715
2020-12-03,Utilities,0.0,0.22591,0.08904573485859432,0,0,0.0
2020-12-04,Comm,0.10051000000000002,0.027834285714285718,0.05581534612851953,10,3,0.3202461913938472
2020-12-04,Consumer,0.07866666666666666,0.09779,0.10804341902827741,10,4,0.4117451032206606
2020-12-04,Energy,0.003914126984126978,0.012890000000000002,0.08109352219239249,30,5,0.7013821273757814
2020-12-04,Financials,-0.021160000000000005,0.09838,0.12462826179505346,10,4,0.6651267052026055
2020-12-04,Healthcare,0.06748833333333334,0.12248999999999999,0.09638590153621104,8,3,0.3929124834487851
2020-12-04,Industrials,0.08516,0.11542369747899159,0.09240321892667586,14,5,0.4975168316904251
2020-12-04,Materials,0.0,0.0,0.06345212219274889,0,0,0.0
2020-12-04,RealEstate,0.0,0.20356000000000002,0.05667682245374295,1,1,0.03625384938440364
2020-12-04,Tech,0.15045,0.04324333333333333,0.09029990791164222,9,4,0.6439122862290618
2020-12-04,Utilities,0.09046000000000001,0.0,0.08095066805326756,2,2,0.13187198158574429
2020-12-07,Comm,0.039542222222222215,0.10051000000000002,0.0598784964804723,12,3,0.30450375517749906
2020-12-07,Consumer,0.10552142857142857,0.07866666666666666,0.10537280517722189,39,5,0.6511249649237567
2020-12-07,Energy,0.08032488888888888,0.003914126984126978,0.07407721353709562,33,4,0.6611055071167843
2020-12-07,Financials,0.06961566666666666,-0.021160000000000005,0.11137478345004861,24,4,0.5889274904121282
2020-12-07,Healthcare,-0.06024,0.06748833333333334,0.09375884988140397,7,3,0.3885973554406451
2020-12-07,Industrials,0.07504333333333332,0.08516,0.09174474447879623,20,4,0.4619691111111839
2020-12-07,Materials,0.0,0.0,0.05768374744795353,2,1,0.06593599079287214
2020-12-07,RealEstate,0.09534000000000001,0.0,0.051524384048857216,1,1,0.03625384938440364
2020-12-07,Tech,0.07000777777777778,0.15045,0.09576809810149292,25,4,0.36197596683706795
2020-12-07,Utilities,0.05464,0.09046000000000001,0.08181515277569777,1,1,0.03625384938440364
2020-12-08,Comm,0.07693818181818182,0.039542222222222215,0.058029744275176834,13,3,0.25438661021427245
2020-12-08,Consumer,0.07125083333333335,0.10552142857142857,0.10538631639487703,22,5,0.6208542434894997
2020-12-08,Energy,0.07621,0.08032488888888888,0.07464518402362227,7,3,0.351588083493917
2020-12-08,Financials,0.047122,0.06961566666666666,0.10757850010610479,17,5,0.7449469999505752
2020-12-08,Healthcare,0.06103333333333334,-0.06024,0.07975895443763997,6,3,0.3593858338737245
2020-12-08,Industrials,-0.0016377777777777768,0.07504333333333332,0.09022643437466324,19,4,0.555786065133739
2020-12-08,Materials,0.02121333333333333,0.0,0.05243977040723048,3,1,0.09023767278119472
2020-12-08,RealEstate,0.0,0.09534000000000001,0.05550762186259748,1,1,0.03625384938440364
2020-12-08,Tech,0.10759,0.07000777777777778,0.093426250799337,8,4,0.5675402538704672
2020-12-08,Utilities,0.20324,0.05464,0.07934468434154343,3,3,0.27071301834358413
2020-12-09,Comm,0.2199325,0.07693818181818182,0.05974869314272274,11,4,0.32117259056166453
2020-12-09,Consumer,0.015323515151515147,0.07125083333333335,0.10228309066200943,21,4,0.5463986800278859
2020-12-09,Energy,0.039928000000000005,0.07621,0.07478744002147479,12,3,0.48495042491231327
2020-12-09,Financials,0.08054333333333333,0.047122,0.10208245464191343,11,5,0.6941472118590813
2020-12-09,Healthcare,-0.04939,0.06103333333333334,0.07805662524633936,3,2,0.1624278110061505
2020-12-09,Industrials,-0.04326555555555556,-0.0016377777777777768,0.08187514236080497,23,5,0.6587202250202376
2020-12-09,Materials,0.05037333333333334,0.02121333333333333,0.04960100340051256,4,2,0.1762147314824891
2020-12-09,RealEstate,0.00258,0.0,0.05046147442054316,3,2,0.1624278110061505
2020-12-09,Tech,0.21740733333333334,0.10759,0.09471386436303364,13,4,0.6657351714118194
2020-12-09,Utilities,0.22949999999999998,0.20324,0.09060789485594857,2,2,0.13187198158574429
2020-12-10,Comm,0.15233750000000001,0.2199325,0.0743108574024752,12,4,0.37410461350378466
2020-12-10,Consumer,0.21859968253968254,0.015323515151515147,0.09437767470650996,23,5,0.6671115654663551
2020-12-10,Energy,0.277084,0.039928000000000005,0.07161840001952255,14,4,0.6136040924181909
2020-12-10,Financials,0.140775,0.08054333333333333,0.1001243527047698,15,5,0.806784564593323
2020-12-10,Healthcare,0.06313500000000001,-0.04939,0.06647056840576306,12,4,0.6235076891729743
2020-12-10,Industrials,0.00019066666666667578,-0.04326555555555556,0.07049871527749946,13,5,0.6953234012523447
2020-12-10,Materials,0.059199999999999996,0.05037333333333334,0.049671215212587175,1,1,0.03625384938440364
2020-12-10,RealEstate,0.0,0.00258,0.04610861310958468,1,1,0.03625384938440364
2020-12-10,Tech,0.2561333333333333,0.21740733333333334,0.10586781608760634,10,4,0.5764431445089249
2020-12-10,Utilities,0.05004666666666666,0.22949999999999998,0.10323444986904415,4,2,0.1762147314824891
2020-12-11,Comm,0.04853142857142857,0.15233750000000001,0.08140418854770473,10,4,0.3325633526013029
2020-12-11,Consumer,0.14347326315789474,0.21859968253968254,0.10567058450952564,29,5,0.4223948747904982
2020-12-11,Energy,-0.233304,0.277084,0.09029709092683867,14,5,0.6574329561623474
2020-12-11,Financials,0.09013499999999999,0.140775,0.10381986609524527,16,5,0.7441359872167826
2020-12-11,Healthcare,0.301453,0.06313500000000001,0.06616733491433005,13,5,0.6657351714118194
2020-12-11,Industrials,-0.07586066666666669,0.00019066666666667578,0.06410707449469646,18,5,0.5252451898784619
2020-12-11,Materials,0.0,0.059199999999999996,0.05053746837507924,1,1,0.03625384938440364
2020-12-11,RealEstate,0.0,0.0,0.041916921008713345,5,4,0.45151468487754115
2020-12-11,Tech,0.06469233333333334,0.2561333333333333,0.1195283176553997,24,4,0.4498107603935153
2020-12-11,Utilities,0.028099999999999997,0.05004666666666666,0.0983991968506462,3,1,0.09023767278119472
2020-12-14,Comm,0.0482675,0.04853142857142857,0.07841575582258872,31,4,0.6128113208680638
2020-12-14,Consumer,0.055359666666666675,0.14347326315789474,0.10910719165937736,35,5,0.7625438907116485
2020-12-14,Energy,0.12277,-0.233304,0.060878809933489694,13,4,0.5689009646610094
2020-12-14,Financials,0.12006666666666668,0.09013499999999999,0.10257578735931387,7,4,0.49222331689148385
2020-12-14,Healthcare,0.184265,0.301453,0.08755694083120913,12,5,0.8183538420395288
2020-12-14,Industrials,0.09333297619047619,-0.07586066666666669,0.051382734389118,24,4,0.7231135008857779
2020-12-14,Materials,0.0,0.0,0.045943153068253854,0,0,0.0
2020-12-14,RealEstate,0.015271999999999999,0.0,0.03810629182610305,6,2,0.1935154490089286
2020-12-14,Tech,0.07591600000000001,0.06469233333333334,0.11454322817157547,13,4,0.6135206481638337
2020-12-14,Utilities,0.07998999999999999,0.028099999999999997,0.09200836077331472,4,3,0.2936912191374818
2020-12-15,Comm,0.09427571428571428,0.0482675,0.07567500529326246,9,2,0.25513505680774146
2020-12-15,Consumer,0.16740190476190478,0.055359666666666675,0.10422105302367639,20,5,0.7699485185186398
2020-12-15,Energy,0.20113333333333333,0.12277,0.0665052817577179,6,3,0.3593858338737245
2020-12-15,Financials,0.211165,0.12006666666666668,0.10416586729634594,12,4,0.6235076891729743
2020-12-15,Healthcare,0.22720666666666664,0.184265,0.09634858257382647,7,3,0.3885973554406451
2020-12-15,Industrials,0.19887000000000002,0.09333297619047619,0.05519639273469602,7,4,0.3885973554406451
2020-12-15,Materials,0.0,0.0,0.04176650278932169,3,2,0.1624278110061505
2020-12-15,RealEstate,0.08424000000000001,0.015271999999999999,0.03603044711463913,5,4,0.45151468487754115
2020-12-15,Tech,0.064346,0.07591600000000001,0.1110316619741595,10,3,0.4117451032206606
2020-12-15,Utilities,0.0,0.07998999999999999,0.0909157825211952,0,0,0.0
2020-12-16,Comm,0.0,0.09427571428571428,0.07736597883803081,6,1,0.13976115761755956
2020-12-16,Consumer,0.27887399999999996,0.16740190476190478,0.10996476681806078,17,5,0.48583499996776647
2020-12-16,Energy,0.008926666666666671,0.20113333333333333,0.0787441955373193,5,2,0.24312329185713755
2020-12-16,Financials,0.3079866666666667,0.211165,0.11389306117849632,9,5,0.7116925268847526
2020-12-16,Healthcare,0.11327499999999999,0.22720666666666664,0.10824477203681196,9,2,0.32980873197098287
2020-12-16,Industrials,0.12286000000000001,0.19887000000000002,0.06825762975881457,14,4,0.40906939494546063
2020-12-16,Materials,0.0,0.0,0.03796954799029244,2,2,0.13187198158574429
2020-12-16,RealEstate,0.15158,0.08424000000000001,0.040413133740581024,4,3,0.2936912191374818
2020-12-16,Tech,0.04046,0.064346,0.10678751088559954,5,3,0.2873275267402535
2020-12-16,Utilities,0.0,0.0,0.08265071138290472,1,1,0.03625384938440364
2020-12-17,Comm,0.017132500000000002,0.0,0.07033270803457346,8,1,0.15962069640106893
2020-12-17,Consumer,0.17273999999999998,0.27887399999999996,0.1253201516527825,16,5,0.7222496346515831
2020-12-17,Energy,0.11717999999999999,0.008926666666666671,0.07239714745816905,8,5,0.5107862284834206
2020-12-17,Financials,0.26285933333333333,0.3079866666666667,0.1315379344046936,20,4,0.7699485185186398
2020-12-17,Healthcare,0.05570533333333333,0.11327499999999999,0.10870206548801087,13,5,0.7276640245664072
2020-12-17,Industrials,0.1413625,0.12286000000000001,0.07322148159892232,14,3,0.4489786042084325
2020-12-17,Materials,0.17238,0.0,0.03451777090026585,3,3,0.27071301834358413
2020-12-17,RealEstate,0.0,0.15158,0.050519212491437294,2,2,0.13187198158574429
2020-12-17,Tech,0.2327142857142857,0.04046,0.10075773716872687,11,4,0.3912466103205731
2020-12-17,Utilities,0.12379,0.0,0.0751370103480952,6,3,0.3593858338737245
2020-12-18,Comm,0.006408,0.017132500000000002,0.06549632548597586,8,4,0.3648473060595861
2020-12-18,Consumer,0.26330933333333334,0.17273999999999998,0.129631046957075,26,5,0.7727250602891559
2020-12-18,Energy,0.036699999999999997,0.11717999999999999,0.07646831587106277,5,3,0.2873275267402535
2020-12-18,Financials,0.0,0.26285933333333333,0.1434762433982063,3,3,0.27071301834358413
2020-12-18,Healthcare,0.17505,0.05570533333333333,0.10388418074667653,4,3,0.2936912191374818
2020-12-18,Industrials,0.026724499999999995,0.1413625,0.07941611963538393,18,4,0.5946171960888249
2020-12-18,Materials,0.09069999999999999,0.17238,0.047050700818423496,7,4,0.49222331689148374
2020-12-18,RealEstate,0.03637,0.0,0.045926556810397534,2,1,0.06593599079287214
2020-12-18,Tech,0.19258000000000003,0.2327142857142857,0.11275378703650493,11,4,0.6148161019323292
2020-12-18,Utilities,0.05464,0.12379,0.07956000940735927,2,1,0.06593599079287214
2020-12-21,Comm,0.062107333333333334,0.006408,0.060124659532705335,18,4,0.5166346129952084
2020-12-21,Consumer,0.1392918961038961,0.26330933333333334,0.14178361844582577,60,5,0.7610946893944034
2020-12-21,Energy,0.13405733333333333,0.036699999999999997,0.07285301442823888,14,5,0.7670051155227386
2020-12-21,Financials,-0.029942657894736845,0.0,0.13043294854382392,50,5,0.6023822891989382
2020-12-21,Healthcare,0.27162,0.17505,0.11035380067879685,6,5,0.6289252092790181
2020-12-21,Industrials,0.22704149999999998,0.026724499999999995,0.07462597239580357,38,5,0.5704653549921391
2020-12-21,Materials,0.15333000000000002,0.09069999999999999,0.05101881892583955,5,4,0.45151468487754115
2020-12-21,RealEstate,0.02732,0.03637,0.04505777891854322,5,4,0.45151468487754115
2020-12-21,Tech,0.07558971428571429,0.19258000000000003,0.12001071548773176,13,3,0.417194040751407
2020-12-21,Utilities,0.16894,0.05464,0.07729455400669025,5,4,0.45151468487754115
2020-12-22,Comm,-0.004289999999999997,0.062107333333333334,0.060304902605489694,7,3,0.351588083493917
2020-12-22,Consumer,0.086088,0.1392918961038961,0.14155709823292306,16,5,0.701613930804395
2020-12-22,Energy,-0.018831999999999995,0.13405733333333333,0.07841704341961112,21,5,0.730062101885999
2020-12-22,Financials,0.14948,-0.029942657894736845,0.11585334795850022,5,3,0.35117808823808755
2020-12-22,Healthcare,0.040535999999999996,0.27162,0.12501436425345167,18,4,0.4848417137339649
2020-12-22,Industrials,0.15338333333333334,0.22704149999999998,0.08848192945073052,11,4,0.4781903015029227
2020-12-22,Materials,0.0,0.15333000000000002,0.060319835387126854,2,2,0.13187198158574429
2020-12-22,RealEstate,0.0,0.02732,0.04344525356231201,0,0,0.0
2020-12-22,Tech,0.16148,0.07558971428571429,0.11597244265118474,7,4,0.49222331689148385
2020-12-22,Utilities,0.029599999999999998,0.16894,0.08562595818790023,2,1,0.06593599079287214
2020-12-23,Comm,0.027115,-0.004289999999999997,0.05443263873226336,5,2,0.185917811420164
2020-12-23,Consumer,0.13125683333333332,0.086088,0.13651445293902098,22,5,0.8242375301498532
2020-12-23,Energy,0.09534000000000001,-0.018831999999999995,0.06957622129055555,4,3,0.2936912191374818
2020-12-23,Financials,0.16838,0.14948,0.11891031632590927,10,4,0.5764431445089249
2020-12-23,Healthcare,0.053412222222222215,0.040535999999999996,0.11733451295768334,15,3,0.4233621972618429
2020-12-23,Industrials,0.2863866666666667,0.15338333333333334,0.0943820570764217,10,4,0.4117451032206606
2020-12-23,Materials,0.0,0.0,0.05483621398829715,0,0,0.0
2020-12-23,RealEstate,0.0,0.0,0.03949568505664729,2,2,0.13187198158574429
2020-12-23,Tech,0.12294000000000001,0.16148,0.12010949331925884,6,3,0.4192834728526787
2020-12-23,Utilities,0.05464,0.029599999999999998,0.08053268926172746,2,2,0.13187198158574429
2020-12-24,Comm,0.016390000000000002,0.027115,0.05194921702933033,4,1,0.1101342071765557
2020-12-24,Consumer,0.19487114285714285,0.13125683333333332,0.1360364875203221,21,4,0.7554555662994249
2020-12-24,Energy,0.045566666666666665,0.09534000000000001,0.07191838299141415,9,3,0.32980873197098287
2020-12-24,Financials,0.19669999999999999,0.16838,0.12340756029628117,6,4,0.4192834728526787
2020-12-24,Healthcare,0.21546000000000004,0.053412222222222215,0.11152339561809596,3,3,0.27071301834358413
2020-12-24,Industrials,0.12240999999999999,0.2863866666666667,0.11183702158462579,4,2,0.2202684143531114
2020-12-24,Materials,0.0,0.0,0.049851103625724674,0,0,0.0
2020-12-24,RealEstate,0.08808,0.0,0.035905168233315715,2,2,0.13187198158574429
2020-12-24,Tech,0.10528333333333333,0.12294000000000001,0.12036681210841713,6,3,0.3593858338737245
2020-12-24,Utilities,0.0,0.05464,0.07817880841975225,0,0,0.0
2020-12-28,Comm,0.18002249999999997,0.016390000000000002,0.04871656093575484,10,3,0.2620196111404203
2020-12-28,Consumer,0.24526172727272727,0.19487114285714285,0.14138509255094217,26,5,0.738759123573149
2020-12-28,Energy,0.04997999999999999,0.045566666666666665,0.06952277241643709,13,4,0.49665957232310337
2020-12-28,Financials,0.10080111111111112,0.19669999999999999,0.1300705093602556,21,5,0.6840739379876684
2020-12-28,Healthcare,0.14919,0.21546000000000004,0.1209721778346327,10,4,0.4117451032206606
2020-12-28,Industrials,0.20212857142857144,0.12240999999999999,0.11279820144056889,12,4,0.4515055680218089
2020-12-28,Materials,0.0,0.0,0.045319185114295155,2,2,0.13187198158574429
2020-12-28,RealEstate,-0.02054,0.08808,0.04064833475755974,1,1,0.03625384938440364
2020-12-28,Tech,0.1459091666666667,0.10528333333333333,0.11899558676522767,16,3,0.47224014573372747
2020-12-28,Utilities,0.27189,0.0,0.07107164401795658,4,3,0.2936912191374818
2020-12-29,Comm,0.1016,0.18002249999999997,0.06065346448704985,7,3,0.351588083493917
2020-12-29,Consumer,0.16010577777777776,0.24526172727272727,0.15082842298019533,22,5,0.7243299507377496
2020-12-29,Energy,0.05727,0.04997999999999999,0.06774615674221554,6,2,0.2515700837116072
2020-12-29,Financials,-0.33083999999999997,0.10080111111111112,0.12740965497396975,5,4,0.45151468487754115
2020-12-29,Healthcare,0.013486666666666666,0.14919,0.12353743439512063,7,3,0.4343146913748387
2020-12-29,Industrials,0.199215,0.20212857142857144,0.12091914416675094,20,5,0.302056726495774
2020-12-29,Materials,0.09534000000000001,0.0,0.04119925919481378,3,2,0.1624278110061505
2020-12-29,RealEstate,0.0,-0.02054,0.035085758870508854,1,1,0.03625384938440364
2020-12-29,Tech,-0.039791999999999994,0.1459091666666667,0.12144227584717668,13,2,0.3515680118691631
2020-12-29,Utilities,0.0,0.27189,0.08932785819814235,0,0,0.0
2020-12-30,Comm,0.06124,0.1016,0.06437587680640895,4,2,0.2202684143531114
2020-12-30,Consumer,0.35562,0.16010577777777776,0.15167181887088463,10,4,0.5764431445089249
2020-12-30,Energy,0.025820000000000003,0.05727,0.06679377885655957,6,3,0.2795223152351191
2020-12-30,Financials,0.03512,-0.33083999999999997,0.08575059543088157,4,4,0.4405368287062228
2020-12-30,Healthcare,0.12083999999999999,0.013486666666666666,0.11353281914707936,2,2,0.13187198158574429
2020-12-30,Industrials,0.072314,0.199215,0.12803694924250086,11,5,0.6148161019323292
2020-12-30,Materials,0.06364,0.09534000000000001,0.046121144722557975,1,1,0.03625384938440364
2020-12-30,RealEstate,0.0,0.0,0.03189614442773532,5,5,0.6321205588285576
2020-12-30,Tech,0.169955,-0.039791999999999994,0.10678461440652424,17,4,0.6007637096375607
2020-12-30,Utilities,0.0,0.0,0.08120714381649304,1,1,0.03625384938440364
2020-12-31,Comm,0.060379047619047624,0.06124,0.0640907970967354,11,3,0.3647214164005343
2020-12-31,Consumer,0.3254826666666667,0.35562,0.17021256260989512,21,5,0.695019120995471
2020-12-31,Energy,0.04671333333333334,0.025820000000000003,0.0630688898695996,12,4,0.5237464589052984
2020-12-31,Financials,0.30639066666666664,0.03512,0.08114781402807417,12,4,0.5951664305742027
2020-12-31,Healthcare,0.13089666666666666,0.12083999999999999,0.11419710831552668,8,3,0.4643511168031096
2020-12-31,Industrials,0.10445866666666666,0.072314,0.12297122658409168,10,4,0.48036928709077076
2020-12-31,Materials,0.08038,0.06364,0.04771376792959816,1,1,0.03625384938440364
2020-12-31,RealEstate,0.04074,0.0,0.028996494934304833,3,1,0.09023767278119472
2020-12-31,Tech,0.12261,0.169955,0.11252737673320387,5,3,0.35117808823808755
2020-12-31,Utilities,0.08808,0.0,0.07382467619681185,1,1,0.03625384938440364
2021-01-04,Comm,0.017933333333333336,0.060379047619047624,0.06375336532603652,10,3,0.3759411812014728
2021-01-04,Consumer,0.09786533333333336,0.3254826666666667,0.18432802661505615,27,5,0.7931228551834267
2021-01-04,Energy,0.06635833333333332,0.04671333333333334,0.0615820210935754,14,4,0.7363249109018293
2021-01-04,Financials,0.19774166666666665,0.30639066666666664,0.10162443699521892,13,4,0.6953234012523447
2021-01-04,Healthcare,0.14343,0.13089666666666666,0.11571524998381214,12,4,0.654683073631623
2021-01-04,Industrials,0.054850555555555555,0.10445866666666666,0.1212882665915985,13,2,0.3225727119211909
2021-01-04,Materials,0.08619,0.08038,0.05068342539054378,6,3,0.3593858338737245
2021-01-04,RealEstate,0.0,0.04074,0.030064086303913485,2,1,0.06593599079287214
2021-01-04,Tech,0.13137,0.12261,0.11344397884836714,14,3,0.3408911624545505
2021-01-04,Utilities,0.039224999999999996,0.08808,0.0751206147243744,4,1,0.1101342071765557
2021-01-05,Comm,0.084705,0.017933333333333336,0.059587907872154414,17,5,0.6421956896125648
2021-01-05,Consumer,0.09015666666666668,0.09786533333333336,0.17646778177126318,18,5,0.8517489565596683
2021-01-05,Energy,0.12317666666666667,0.06635833333333332,0.062016231297189764,15,5,0.6787235225943828
2021-01-05,Financials,0.14169,0.19774166666666665,0.11036236696535054,13,3,0.5489395273044826
2021-01-05,Healthcare,0.18424999999999997,0.14343,0.11823477271255649,6,3,0.3593858338737245
2021-01-05,Industrials,0.0811511111111111,0.054850555555555555,0.11524847467923094,14,3,0.39166218664990904
2021-01-05,Materials,0.12264,0.08619,0.05391129580958526,3,3,0.27071301834358413
2021-01-05,RealEstate,0.0,0.0,0.027330987549012253,5,4,0.45151468487754115
2021-01-05,Tech,0.05659499999999999,0.13137,0.11507361713487922,14,4,0.472003148013993
2021-01-05,Utilities,0.12738,0.039224999999999996,0.07185737702215854,3,3,0.27071301834358413
2021-01-06,Comm,0.11120171428571428,0.084705,0.06187127988377674,13,3,0.417194040751407
2021-01-06,Consumer,0.11086666666666667,0.09015666666666668,0.1686213167617544,16,5,0.7673902368173071
2021-01-06,Energy,-0.019253333333333334,0.12317666666666667,0.06757627087623311,16,5,0.6821246549487173
2021-01-06,Financials,0.17318916666666667,0.14169,0.11321033360486413,18,4,0.5836057665316244
2021-01-06,Healthcare,0.04191,0.18424999999999997,0.124236157011415,6,4,0.5031401674232144
2021-01-06,Industrials,0.17658133333333334,0.0811511111111111,0.11214871435485643,20,5,0.8726083209877918
2021-01-06,Materials,0.0843,0.12264,0.060159359826895686,1,1,0.03625384938440364
2021-01-06,RealEstate,0.029599999999999998,0.0,0.02484635231728387,2,1,0.06593599079287214
2021-01-06,Tech,0.09353066666666668,0.05659499999999999,0.10975737921352655,12,3,0.5237464589052984
2021-01-06,Utilities,0.0,0.12738,0.07690488820196231,0,0,0.0
2021-01-07,Comm,0.201,0.11120171428571428,0.06635586482940742,10,5,0.786058833421261
2021-01-07,Consumer,0.094941,0.11086666666666667,0.16337089402583732,19,5,0.9411310702931314
2021-01-07,Energy,0.05487333333333333,-0.019253333333333334,0.05968267049354525,6,3,0.3593858338737245
2021-01-07,Financials,0.03955714285714286,0.17318916666666667,0.11866295479230071,17,4,0.6139673076515731
2021-01-07,Healthcare,-0.005550000000000005,0.04191,0.11675196091946816,12,5,0.8729107648421642
2021-01-07,Industrials,-0.07347333333333333,0.17658133333333334,0.11800622517108157,14,5,0.6817823249091012
2021-01-07,Materials,-0.06824,0.0843,0.06235396347899608,2,2,0.13187198158574429
2021-01-07,RealEstate,0.0,0.029599999999999998,0.0252785021066217,3,3,0.27071301834358413
2021-01-07,Tech,0.018994,0.09353066666666668,0.10828222352744839,9,3,0.4097623639639484
2021-01-07,Utilities,0.05464,0.0,0.06991353472905665,5,2,0.185917811420164
2021-01-08,Comm,0.0,0.201,0.07859624075400674,4,3,0.2936912191374818
2021-01-08,Consumer,0.208589,0.094941,0.15714999456894302,15,5,0.806784564593323
2021-01-08,Energy,0.09342071428571429,0.05487333333333333,0.05924545802443507,14,4,0.5259463649298779
2021-01-08,Financials,0.08542000000000001,0.03955714285714286,0.11147151734364999,10,3,0.48036928709077065
2021-01-08,Healthcare,0.0,-0.005550000000000005,0.10563360083588014,2,2,0.13187198158574429
2021-01-08,Industrials,-0.008386666666666664,-0.07347333333333333,0.10059899257977115,15,5,0.4597804507897433
2021-01-08,Materials,0.010928,-0.06824,0.05048178498090552,6,2,0.1935154490089286
2021-01-08,RealEstate,0.05464,0.0,0.02298045646056518,1,1,0.03625384938440364
2021-01-08,Tech,0.03439333333333333,0.018994,0.10016511229768035,9,4,0.6439122862290618
2021-01-08,Utilities,0.10117000000000001,0.05464,0.06852503157186968,7,3,0.4343146913748387
2021-01-11,Comm,0.21936999999999998,0.0,0.07145112795818795,13,4,0.5903689255916134
2021-01-11,Consumer,0.19771238095238095,0.208589,0.16182626778994819,15,5,0.6382027152753152
2021-01-11,Energy,0.12099,0.09342071428571429,0.06235229950273319,10,5,0.786058833421261
2021-01-11,Financials,0.009414637681159422,0.08542000000000001,0.10910319758513636,30,3,0.31723290566819795
2021-01-11,Healthcare,-0.10957285714285714,0.0,0.09603054621443649,15,5,0.6022476327245933
2021-01-11,Industrials,0.15615249999999997,-0.008386666666666664,0.0906912053755495,20,4,0.29975094995763835
2021-01-11,Materials,0.13232,0.010928,0.04688598634627774,6,4,0.4192834728526786
2021-01-11,RealEstate,0.17246,0.05464,0.025858596782331978,3,3,0.27071301834358413
2021-01-11,Tech,0.13370138888888888,0.03439333333333333,0.09418585966455789,23,4,0.6124942443170629
2021-01-11,Utilities,0.13816,0.10117000000000001,0.07149275597442697,3,2,0.1624278110061505
2021-01-12,Comm,-0.033755,0.21936999999999998,0.08489829814380723,6,3,0.2795223152351191
2021-01-12,Consumer,0.14030083333333335,0.19771238095238095,0.16508864171380572,20,5,0.6889013060429935
2021-01-12,Energy,0.005892666666666662,0.12099,0.06768299954793926,18,4,0.7329002649466911
2021-01-12,Financials,0.038448833333333335,0.009414637681159422,0.10004060123022936,25,4,0.6936187520956106
2021-01-12,Healthcare,0.159785,-0.10957285714285714,0.07733932772740978,12,4,0.6891400775069715
2021-01-12,Industrials,0.08173777777777777,0.15615249999999997,0.09664223215959047,15,4,0.4501008623520644
2021-01-12,Materials,0.0,0.13232,0.05465271486025249,2,2,0.13187198158574429
2021-01-12,RealEstate,0.015253333333333332,0.17246,0.039185997074847254,7,2,0.19954999333438533
2021-01-12,Tech,0.04046,0.13370138888888888,0.09777818050313343,7,2,0.19954999333438533
2021-01-12,Utilities,0.24381,0.13816,0.07755341452220633,4,3,0.2936912191374818
2021-01-13,Comm,-0.04492999999999999,-0.033755,0.07411163467618838,10,4,0.5764431445089249
2021-01-13,Consumer,0.12171999999999998,0.14030083333333335,0.16283520458830822,15,4,0.6197040858470453
2021-01-13,Energy,0.040125,0.005892666666666662,0.06206569655873266,9,2,0.20803320016631227
2021-01-13,Financials,0.08364833333333334,0.038448833333333335,0.0944413496032388,15,4,0.5151756858246519
2021-01-13,Healthcare,0.15412,0.159785,0.08483438884309981,10,4,0.5764431445089249
2021-01-13,Industrials,0.23322363636363636,0.08173777777777777,0.09528728176124386,15,4,0.33668962144445774
2021-01-13,Materials,0.0,0.0,0.04968428623659318,2,2,0.13187198158574429
2021-01-13,RealEstate,0.12507333333333331,0.015253333333333332,0.037010300371073265,4,2,0.1762147314824891
2021-01-13,Tech,0.0712023602484472,0.04046,0.09256743682103039,36,4,0.43312121230513173
2021-01-13,Utilities,0.12496666666666667,0.24381,0.09266764956564212,5,3,0.2873275267402535
2021-01-14,Comm,0.045872,-0.04492999999999999,0.06328966788744397,12,4,0.6235076891729743
2021-01-14,Consumer,0.06798000000000001,0.12171999999999998,0.15909745871664382,17,5,0.6731448794734116
2021-01-14,Energy,0.038355,0.040125,0.060071087780666055,8,3,0.3929124834487851
2021-01-14,Financials,-0.00903285714285713,0.08364833333333334,0.09346016630597467,20,4,0.37757090811971766
2021-01-14,Healthcare,0.120255,0.15412,0.09113308076645436,7,4,0.3885973554406451
2021-01-14,Industrials,0.16112666666666667,0.23322363636363636,0.10782695036146135,8,3,0.3929124834487851
2021-01-14,Materials,0.0,0.0,0.04516753294235743,1,1,0.03625384938440364
2021-01-14,RealEstate,0.0,0.12507333333333331,0.04501603064036963,1,1,0.03625384938440364
2021-01-14,Tech,0.12327999999999999,0.0712023602484472,0.09062515713261374,16,3,0.3897855171135528
2021-01-14,Utilities,-0.07636,0.12496666666666667,0.09560392384755345,1,1,0.03625384938440364
2021-01-15,Comm,0.04418333333333333,0.045872,0.06170624353403997,6,1,0.13976115761755956
2021-01-15,Consumer,0.15279666666666666,0.06798000000000001,0.1508140533787671,21,5,0.7425417959353323
2021-01-15,Energy,0.16174307692307693,0.038355,0.05809689798242368,18,4,0.3540978808169407
2021-01-15,Financials,0.22857155844155846,-0.00903285714285713,0.08414261871971722,35,4,0.4426339763443746
2021-01-15,Healthcare,0.1204,0.120255,0.09378052796950397,5,3,0.35117808823808755
2021-01-15,Industrials,0.08051,0.16112666666666667,0.11267237911648001,11,5,0.6941472118590813
2021-01-15,Materials,0.0,0.0,0.0410613935839613,6,3,0.3593858338737245
2021-01-15,RealEstate,0.18456999999999998,0.0,0.04092366421851785,5,4,0.45151468487754115
2021-01-15,Tech,0.072098,0.12327999999999999,0.09359377921146703,15,4,0.6382027152753154
2021-01-15,Utilities,0.08808,-0.07636,0.07997083986141221,1,1,0.03625384938440364
2021-01-19,Comm,0.042885999999999994,0.04418333333333333,0.0601132516976121,14,4,0.34732307118010813
2021-01-19,Consumer,0.0835878787878788,0.15279666666666666,0.15099429095039435,58,5,0.6921747253664311
2021-01-19,Energy,0.26505,0.16174307692307693,0.06751927788611942,12,4,0.6891400775069715
2021-01-19,Financials,0.12009755555555554,0.22857155844155846,0.09727252233079371,31,4,0.44710942524872715
2021-01-19,Healthcare,0.10955,0.1204,0.09620047997227633,12,5,0.6891400775069715
2021-01-19,Industrials,0.029585882352941174,0.08051,0.10974852646952729,25,5,0.40180503762172914
2021-01-19,Materials,-0.17012000000000002,0.0,0.037328539621782994,2,2,0.13187198158574429
2021-01-19,RealEstate,0.0,0.18456999999999998,0.05398242201683441,2,2,0.13187198158574429
2021-01-19,Tech,0.06089938461538461,0.072098,0.09163961746497003,21,4,0.43656979962027076
2021-01-19,Utilities,0.02732,0.08808,0.08070803623764747,4,3,0.2936912191374818
2021-01-20,Comm,-0.2,0.042885999999999994,0.05854713790692009,6,4,0.5031401674232144
2021-01-20,Consumer,-0.06014600000000001,0.0835878787878788,0.14486643529925655,17,4,0.46174400823382766
2021-01-20,Energy,-0.01909,0.26505,0.08547661626010856,4,1,0.1101342071765557
2021-01-20,Financials,0.07765537815126052,0.12009755555555554,0.0993475253512266,35,5,0.6260270816328367
2021-01-20,Healthcare,0.34577,0.10955,0.0974140727020694,4,3,0.2936912191374818
2021-01-20,Industrials,0.093832,0.029585882352941174,0.10246101336801945,12,5,0.6891400775069715
2021-01-20,Materials,0.09176,-0.17012000000000002,0.018469581474348178,1,1,0.03625384938440364
2021-01-20,RealEstate,0.0025499999999999967,0.0,0.0490749291062131,5,4,0.45151468487754115
2021-01-20,Tech,0.10948666666666666,0.06089938461538461,0.08884505084228043,14,4,0.4975168316904251
2021-01-20,Utilities,0.06611,0.02732,0.07585457839786133,3,2,0.1624278110061505
2021-01-21,Comm,-0.04365466666666667,-0.2,0.03504285264265462,10,4,0.48036928709077076
2021-01-21,Consumer,-0.050777,-0.06014600000000001,0.1262289411811423,17,4,0.5759899484153932
2021-01-21,Energy,-0.23058499999999998,-0.01909,0.07597056023646234,8,5,0.5107862284834206
2021-01-21,Financials,0.08057166666666668,0.07765537815126052,0.0973755119694115,14,5,0.8765772748831302
2021-01-21,Healthcare,0.02023,0.34577,0.11999188427460854,4,3,0.2936912191374818
2021-01-21,Industrials,0.008169999999999993,0.093832,0.1016765576072904,4,2,0.2202684143531114
2021-01-21,Materials,0.050780000000000006,0.09176,0.02513234679486198,4,4,0.4405368287062228
2021-01-21,RealEstate,0.0,0.0025499999999999967,0.04484539009655736,0,0,0.0
2021-01-21,Tech,0.17520166666666664,0.10948666666666666,0.09072156137177009,19,4,0.4330357685397843
2021-01-21,Utilities,0.0,0.06611,0.07496870763441939,1,1,0.03625384938440364
2021-01-22,Comm,0.078155,-0.04365466666666667,0.027888532705443593,12,3,0.36371281868423505
2021-01-22,Consumer,0.020655,-0.050777,0.11013749198285665,19,4,0.5307130095637959
2021-01-22,Energy,0.050005,-0.23058499999999998,0.048101872942238486,18,5,0.6431573753613821
2021-01-22,Financials,0.045916,0.08057166666666668,0.09584788966916195,10,4,0.5086263039784631
2021-01-22,Healthcare,0.0,0.02023,0.11092262206782592,2,2,0.13187198158574429
2021-01-22,Industrials,0.06634999999999999,0.008169999999999993,0.0931759614611731,3,2,0.1624278110061505
2021-01-22,Materials,0.07224,0.050780000000000006,0.027463951631692705,1,1,0.03625384938440364
2021-01-22,RealEstate,0.0,0.0,0.040768536451415774,0,0,0.0
2021-01-22,Tech,0.13180333333333333,0.17520166666666664,0.09840157094403341,19,4,0.30556203580945823
2021-01-22,Utilities,0.09966,0.0,0.06815337057674489,3,3,0.27071301834358413
2021-01-25,Comm,0.0754752380952381,0.078155,0.032458211550403265,26,5,0.546561628009403
2021-01-25,Consumer,0.050129999999999994,0.020655,0.10200271998441512,25,5,0.7908137364656963
2021-01-25,Energy,0.11744000000000002,0.050005,0.04827488449294408,5,3,0.2873275267402535
2021-01-25,Financials,0.18912833333333331,0.045916,0.09130862697196543,17,4,0.6277643258010465
2021-01-25,Healthcare,0.1874665,0.0,0.10083874733438722,25,5,0.432605423780886
2021-01-25,Industrials,0.2363,0.06634999999999999,0.09073723769197553,26,5,0.7817102354087972
2021-01-25,Materials,-0.0448,0.07224,0.03153450148335701,3,3,0.27071301834358413
2021-01-25,RealEstate,0.08300666666666667,0.0,0.03706230586492343,7,3,0.4343146913748387
2021-01-25,Tech,0.12362,0.13180333333333333,0.10143809479760615,24,4,0.4533806870633052
2021-01-25,Utilities,0.11417000000000002,0.09966,0.07101760961522263,9,3,0.32980873197098287
2021-01-26,Comm,-0.04890142857142857,0.0754752380952381,0.03636885032720643,10,3,0.3202461913938472
2021-01-26,Consumer,0.10952111111111111,0.050129999999999994,0.0972870181676501,26,5,0.7727250602891561
2021-01-26,Energy,0.37005999999999994,0.11744000000000002,0.054562622266312796,8,5,0.7296946121191722
2021-01-26,Financials,0.1872361111111111,0.18912833333333331,0.10020132755027158,16,4,0.48149975643438875
2021-01-26,Healthcare,-0.003666666666666668,0.1874665,0.10871399757671565,16,4,0.663688853463617
2021-01-26,Industrials,0.10963103212576897,0.2363,0.10397021608361412,38,4,0.5425854692218465
2021-01-26,Materials,-0.008533333333333334,-0.0448,0.024595001348506368,3,1,0.09023767278119472
2021-01-26,RealEstate,0.019733333333333332,0.08300666666666667,0.041239065937809176,5,2,0.24312329185713755
2021-01-26,Tech,0.14701,0.12362,0.1034546316341874,22,3,0.4928430592648608
2021-01-26,Utilities,0.0524225,0.11417000000000002,0.07494055419565694,8,1,0.15962069640106893
2021-01-27,Comm,0.021483999999999996,-0.04890142857142857,0.028617006790966883,11,2,0.2130550848280349
2021-01-27,Consumer,0.024555357142857143,0.10952111111111111,0.09839920843523747,22,5,0.7135190559506194
2021-01-27,Energy,0.12439333333333333,0.37005999999999994,0.08324420206028435,9,3,0.32980873197098287
2021-01-27,Financials,0.0007266666666666643,0.1872361111111111,0.108113580601257,9,5,0.7116925268847526
2021-01-27,Healthcare,0.10022,-0.003666666666666668,0.09849757355458998,12,4,0.4364553824210819
2021-01-27,Industrials,0.06868231884057971,0.10963103212576897,0.10448483572381,32,4,0.3587012510007965
2021-01-27,Materials,0.0,-0.008533333333333334,0.021583334559248213,3,2,0.1624278110061505
2021-01-27,RealEstate,0.14077333333333336,0.019733333333333332,0.03928399933740228,4,2,0.1762147314824891
2021-01-27,Tech,0.22504833333333335,0.14701,0.107414210576534,8,3,0.3929124834487851
2021-01-27,Utilities,0.29754,0.0524225,0.07289345835968812,4,3,0.2936912191374818
2021-01-28,Comm,0.18225666666666665,0.021483999999999996,0.027968551628151712,24,4,0.5289441349071893
2021-01-28,Consumer,0.13928409523809523,0.024555357142857143,0.09168613104502107,23,5,0.6425553115228084
2021-01-28,Energy,0.07949833333333332,0.12439333333333333,0.08698503217601608,13,4,0.5489395273044826
2021-01-28,Financials,0.04896944444444444,0.0007266666666666643,0.0983511338799306,16,4,0.48149975643438875
2021-01-28,Healthcare,0.18121199999999998,0.10022,0.09865415777689998,8,4,0.3648473060595861
2021-01-28,Industrials,0.1171835,0.06868231884057971,0.10123006146169818,20,5,0.7139522626263751
2021-01-28,Materials,0.12092,0.0,0.019621213235680193,14,4,0.5938104120176042
2021-01-28,RealEstate,0.0,0.14077333333333336,0.04851030242794147,4,2,0.2202684143531114
2021-01-28,Tech,-0.0830511111111111,0.22504833333333335,0.11810822173624302,14,4,0.40906939494546063
2021-01-28,Utilities,0.18616,0.29754,0.09331587123608011,5,3,0.2873275267402535
2021-01-29,Comm,0.058776666666666665,0.18225666666666665,0.04199474390438034,17,5,0.8338958954670619
2021-01-29,Consumer,0.12376833333333334,0.13928409523809523,0.0960132186989369,17,4,0.5221591121148893
2021-01-29,Energy,-0.20244833333333334,0.07949833333333332,0.08630442319031764,19,3,0.41766171758570914
2021-01-29,Financials,0.098247,0.04896944444444444,0.09386188938579548,16,4,0.701613930804395
2021-01-29,Healthcare,-0.032086666666666666,0.18121199999999998,0.10615941616081817,6,4,0.4192834728526786
2021-01-29,Industrials,0.12358833333333334,0.1171835,0.10268037405608924,19,4,0.7276786625977819
2021-01-29,Materials,0.04046,0.12092,0.028830193850618357,2,2,0.13187198158574429
2021-01-29,RealEstate,-0.028210000000000002,0.0,0.04410027493449224,3,2,0.1624278110061505
2021-01-29,Tech,0.105405,-0.0830511111111111,0.09982100965921084,7,4,0.3885973554406451
2021-01-29,Utilities,0.11356,0.18616,0.10175624657825463,3,3,0.27071301834358413
2021-02-01,Comm,0.41345333333333334,0.058776666666666665,0.043520373246406376,11,5,0.5004317108751517
2021-02-01,Consumer,0.07755583333333334,0.12376833333333334,0.0985364109384275,20,5,0.7699485185186398
2021-02-01,Energy,0.09498969696969697,-0.20244833333333334,0.06005417259725846,30,5,0.6367156901000002
2021-02-01,Financials,0.049519,0.098247,0.09426053580526861,18,4,0.7329002649466911
2021-02-01,Healthcare,0.23296999999999998,-0.032086666666666666,0.09359159044922863,11,5,0.7420194333666041
2021-02-01,Industrials,-0.04230342857142857,0.12358833333333334,0.10458109762674779,19,5,0.6988597056632162
2021-02-01,Materials,0.14801599999999998,0.04046,0.029887448955107598,10,4,0.48036928709077076
2021-02-01,RealEstate,0.12498000000000001,-0.028210000000000002,0.03752661357681113,3,3,0.27071301834358413
2021-02-01,Tech,0.2274197142857143,0.105405,0.10032864514473712,15,4,0.5412605306765332
2021-02-01,Utilities,0.10162,0.11356,0.10282931507114057,2,1,0.06593599079287214
2021-02-02,Comm,0.12638333333333335,0.41345333333333334,0.07715064234521792,18,5,0.7003269198379494
2021-02-02,Consumer,0.19279333333333332,0.07755583333333334,0.09662908570160074,14,5,0.6817823249091012
2021-02-02,Energy,0.00043824561403509044,0.09498969696969697,0.06323012935838924,23,3,0.2823086678658161
2021-02-02,Financials,0.24018333333333333,0.049519,0.0901931234593351,16,4,0.62965352764497
2021-02-02,Healthcare,0.0533725,0.23296999999999998,0.1062623549538442,16,3,0.5115934912115381
2021-02-02,Industrials,0.04036115384615384,-0.04230342857142857,0.09122795888145901,20,4,0.41334078362579607
2021-02-02,Materials,0.0,0.14801599999999998,0.0406264081410069,1,1,0.03625384938440364
2021-02-02,RealEstate,0.04046,0.12498000000000001,0.045476921433464663,6,3,0.3593858338737245
2021-02-02,Tech,0.32508,0.2274197142857143,0.11188237870300777,6,4,0.5031401674232144
2021-02-02,Utilities,0.05464,0.10162,0.10271937733740052,1,1,0.03625384938440364
2021-02-03,Comm,0.009293333333333334,0.12638333333333335,0.08162634152595569,10,3,0.5086263039784631
2021-02-03,Consumer,-0.01653111111111111,0.19279333333333332,0.10537129003175824,19,4,0.555786065133739
2021-02-03,Energy,0.04151299999999999,0.00043824561403509044,0.05752177629072068,11,3,0.4781903015029227
2021-02-03,Financials,0.2330286666666667,0.24018333333333333,0.10382859708424404,13,4,0.49665957232310337
2021-02-03,Healthcare,0.14139266666666667,0.0533725,0.10145418632167655,24,4,0.5889274904121282
2021-02-03,Industrials,0.03704999999999999,0.04036115384615384,0.08660370387824945,9,4,0.5879199135134913
2021-02-03,Materials,0.02064,0.0,0.036933098310006275,3,3,0.27071301834358413
2021-02-03,RealEstate,0.11442000000000001,0.04046,0.045020837666786065,4,2,0.1762147314824891
2021-02-03,Tech,0.14838749999999998,0.32508,0.13126398063909797,14,3,0.438288637441565
2021-02-03,Utilities,0.06614333333333333,0.05464,0.09834852485218229,6,3,0.3593858338737245
2021-02-04,Comm,0.02307499999999999,0.009293333333333334,0.07505061350844455,9,4,0.5008206670670481
2021-02-04,Consumer,0.2132893333333333,-0.01653111111111111,0.09428925356422467,16,5,0.701613930804395
2021-02-04,Energy,0.12944,0.04151299999999999,0.056066432991564254,8,4,0.4643511168031096
2021-02-04,Financials,-0.020971999999999998,0.2330286666666667,0.11557405795537337,11,4,0.5004317108751516
2021-02-04,Healthcare,0.10124318181818182,0.14139266666666667,0.10508495726213019,19,5,0.4936002116922017
2021-02-04,Industrials,0.05927,0.03704999999999999,0.0820988217074995,5,3,0.35117808823808755
2021-02-04,Materials,0.0,0.02064,0.03545190755455116,0,0,0.0
2021-02-04,RealEstate,0.0,0.11442000000000001,0.051329852424350966,2,2,0.13187198158574429
2021-02-04,Tech,0.07438164502164503,0.14838749999999998,0.13282066421736177,21,3,0.4853485481811948
2021-02-04,Utilities,0.056179999999999994,0.06614333333333333,0.09542078016865055,3,1,0.09023767278119472
2021-02-05,Comm,0.068705,0.02307499999999999,0.0703255577349496,12,5,0.5951664305742027
2021-02-05,Consumer,-0.20338833333333334,0.2132893333333333,0.10510744263414362,14,5,0.8765772748831302
2021-02-05,Energy,0.03696133333333333,0.12944,0.06273675726505841,11,4,0.55175804019568
2021-02-05,Financials,0.08035666666666666,-0.020971999999999998,0.10316077995943033,9,4,0.5879199135134913
2021-02-05,Healthcare,0.2649746666666667,0.10124318181818182,0.10473570494904397,10,4,0.48036928709077076
2021-02-05,Industrials,-0.015460000000000002,0.05927,0.080023474279545,5,4,0.45151468487754115
2021-02-05,Materials,0.0,0.0,0.03222900686777378,3,2,0.1624278110061505
2021-02-05,RealEstate,0.05719,0.0,0.04666350220395542,2,1,0.06593599079287214
2021-02-05,Tech,0.17195333333333335,0.07438164502164503,0.12750802610866024,8,4,0.5675402538704672
2021-02-05,Utilities,0.06764,0.056179999999999994,0.09185343651695504,3,3,0.27071301834358413
2021-02-08,Comm,-0.007988333333333333,0.068705,0.07017823430449963,21,5,0.8601721794498404
2021-02-08,Consumer,0.09790980952380952,-0.20338833333333334,0.07706237209164572,38,5,0.5615865167821446
2021-02-08,Energy,0.11955750000000001,0.03696133333333333,0.06039353690762885,25,5,0.8332735343967403
2021-02-08,Financials,-0.007614095238095234,0.08035666666666666,0.10108767875099726,16,4,0.5846782756703292
2021-02-08,Healthcare,-0.03992,0.2649746666666667,0.11930288328700966,4,4,0.4405368287062228
2021-02-08,Industrials,0.17795904761904763,-0.015460000000000002,0.07134315843595,19,4,0.685289614291115
2021-02-08,Materials,0.08928,0.0,0.02929909715252162,3,2,0.1624278110061505
2021-02-08,RealEstate,0.15821999999999997,0.05719,0.04762045654905038,4,3,0.2936912191374818
2021-02-08,Tech,0.07726999999999999,0.17195333333333335,0.13154850858363054,5,2,0.185917811420164
2021-02-08,Utilities,0.08726,0.06764,0.08965221501541368,3,2,0.1624278110061505
2021-02-09,Comm,0.017104285714285714,-0.007988333333333333,0.06307218270106027,26,4,0.5211401569391982
2021-02-09,Consumer,0.05041428571428571,0.09790980952380952,0.07895759367638788,19,5,0.775657475516317
2021-02-09,Energy,0.01591,0.11955750000000001,0.06577207900693532,4,1,0.1101342071765557
2021-02-09,Financials,0.010079999999999995,-0.007614095238095234,0.0912056992974434,7,4,0.5679499810286353
2021-02-09,Healthcare,0.18605,-0.03992,0.10482807571546333,7,4,0.49222331689148385
2021-02-09,Industrials,0.05908666666666666,0.17795904761904763,0.08103551199804979,12,4,0.6235076891729743
2021-02-09,Materials,0.13048,0.08928,0.03475190650229239,8,2,0.2553931142417103
2021-02-09,RealEstate,0.0,0.15821999999999997,0.05767496049913671,1,1,0.03625384938440364
2021-02-09,Tech,0.034,0.07726999999999999,0.12661409871239138,6,3,0.3593858338737245
2021-02-09,Utilities,0.05464,0.08726,0.08943474092310334,1,1,0.03625384938440364
2021-02-10,Comm,-0.023785333333333335,0.017104285714285714,0.05889328297498986,10,3,0.4550866930333618
2021-02-10,Consumer,0.1083047619047619,0.05041428571428571,0.07636274749801496,23,4,0.7645001151694727
2021-02-10,Energy,-0.11750000000000001,0.01591,0.061239162733577567,3,3,0.27071301834358413
2021-02-10,Financials,0.02322,0.010079999999999995,0.08383063572494853,11,4,0.6148161019323292
2021-02-10,Healthcare,0.19983599999999999,0.18605,0.11221188701405757,14,5,0.7363249109018292
2021-02-10,Industrials,0.09015142857142858,0.05908666666666666,0.0790401624224695,15,4,0.6022476327245933
2021-02-10,Materials,0.04588,0.13048,0.04345446045662944,3,2,0.1624278110061505
2021-02-10,RealEstate,0.0,0.0,0.052431782271942465,0,0,0.0
2021-02-10,Tech,-0.011450000000000002,0.034,0.11819463519308307,4,2,0.2202684143531114
2021-02-10,Utilities,0.08463000000000001,0.05464,0.08627158265736666,4,2,0.2202684143531114
2021-02-11,Comm,0.120215,-0.023785333333333335,0.05137704512877865,11,5,0.7420194333666041
2021-02-11,Consumer,0.10288666666666668,0.1083047619047619,0.07926656698953741,30,5,0.49058422024098375
2021-02-11,Energy,0.043355000000000005,-0.11750000000000001,0.04499014793961596,9,4,0.5408863204324119
2021-02-11,Financials,0.166265,0.02322,0.0783205779317714,6,3,0.2795223152351191
2021-02-11,Healthcare,0.09619000000000003,0.19983599999999999,0.12017771546732506,8,4,0.5675402538704672
2021-02-11,Industrials,-0.052669999999999995,0.09015142857142858,0.08005027752692032,9,4,0.5879199135134913
2021-02-11,Materials,0.0,0.04588,0.04367496405148131,0,0,0.0
2021-02-11,RealEstate,0.08808,0.0,0.047665256610856785,5,5,0.6321205588285576
2021-02-11,Tech,0.011865999999999998,-0.011450000000000002,0.10640875926643915,18,3,0.47749562716223815
2021-02-11,Utilities,-0.009659999999999998,0.08463000000000001,0.08612234787033334,6,4,0.5031401674232144
2021-02-12,Comm,0.153,0.120215,0.05763504102616242,2,2,0.13187198158574429
2021-02-12,Consumer,0.0007636666666666625,0.10288666666666668,0.08141384877836735,26,5,0.5211401569391982
2021-02-12,Energy,-0.05308999999999999,0.043355000000000005,0.044841498126923604,14,5,0.8003531640237274
2021-02-12,Financials,0.0,0.166265,0.08631552539251945,5,3,0.35117808823808755
2021-02-12,Healthcare,0.07707000000000001,0.09619000000000003,0.1179970140612046,7,4,0.49222331689148374
2021-02-12,Industrials,0.17535333333333333,-0.052669999999999995,0.06798479775174575,11,4,0.6148161019323292
2021-02-12,Materials,0.0,0.0,0.03970451277407391,0,0,0.0
2021-02-12,RealEstate,0.42962000000000006,0.08808,0.051339324191687984,4,4,0.4405368287062228
2021-02-12,Tech,0.09473333333333335,0.011865999999999998,0.09781396296949013,8,4,0.5675402538704672
2021-02-12,Utilities,0.11191999999999999,-0.009659999999999998,0.07741486170030303,7,3,0.2734573982730465
2021-02-16,Comm,0.10841757575757578,0.153,0.06630458275105673,26,5,0.7307291330995279
2021-02-16,Consumer,0.06202557142857144,0.0007636666666666625,0.07408201404094,39,5,0.7939304402595152
2021-02-16,Energy,0.09949250000000001,-0.05308999999999999,0.035938634660839644,18,4,0.6302942278541545
2021-02-16,Financials,0.1003685,0.0,0.07846865944774495,24,5,0.6277578743953457
2021-02-16,Healthcare,-0.03931,0.07707000000000001,0.1142763764192769,5,3,0.35117808823808755
2021-02-16,Industrials,-0.18483285714285713,0.17535333333333333,0.07774557371370824,12,4,0.4515055680218089
2021-02-16,Materials,0.08116000000000001,0.0,0.036095011612794464,3,3,0.27071301834358413
2021-02-16,RealEstate,0.05719,0.42962000000000006,0.08572847653789817,2,1,0.06593599079287214
2021-02-16,Tech,0.03869,0.09473333333333335,0.09753390572983951,7,4,0.5679499810286353
2021-02-16,Utilities,0.33837,0.11191999999999999,0.08055169245482094,9,4,0.4361986455100096
2021-02-17,Comm,0.022020000000000005,0.10841757575757578,0.07013303666074028,5,3,0.2873275267402534
2021-02-17,Consumer,0.10958166666666666,0.06202557142857144,0.07298597380345195,18,5,0.9549912543244764
2021-02-17,Energy,-0.02203018181818182,0.09949250000000001,0.04171625878258149,16,2,0.33639024079662777
2021-02-17,Financials,0.175466,0.1003685,0.08045955404340449,17,4,0.642195689612565
2021-02-17,Healthcare,0.11289333333333333,-0.03931,0.10031397856297901,14,3,0.39166218664990904
2021-02-17,Industrials,0.02665714285714286,-0.18483285714285713,0.053874807272202306,9,2,0.25513505680774146
2021-02-17,Materials,0.07400999999999999,0.08116000000000001,0.040191828738904055,4,3,0.2936912191374818
2021-02-17,RealEstate,0.0,0.05719,0.0831340695799074,2,2,0.13187198158574429
2021-02-17,Tech,0.1284013333333333,0.03869,0.09218445975439955,9,3,0.38634737173743705
2021-02-17,Utilities,0.2889,0.33837,0.10398972041347357,7,5,0.6712136139429324
2021-02-18,Comm,0.11839999999999999,0.022020000000000005,0.06575912423703661,6,3,0.2795223152351191
2021-02-18,Consumer,0.19757695238095238,0.10958166666666666,0.0763128549728351,31,5,0.40211728182747175
2021-02-18,Energy,0.11680666666666666,-0.02203018181818182,0.035921127818875735,7,3,0.3885973554406451
2021-02-18,Financials,0.061040000000000004,0.175466,0.08909650367582227,11,4,0.6520776838676219
2021-02-18,Healthcare,0.11442000000000001,0.11289333333333333,0.10145755626937485,9,5,0.7116925268847526
2021-02-18,Industrials,0.08548428571428571,0.02665714285714286,0.05140047414356054,14,5,0.5938104120176041
2021-02-18,Materials,0.12200166666666667,0.07400999999999999,0.043266207944458235,10,2,0.33256335260130276
2021-02-18,RealEstate,0.0,0.0,0.07557642689082492,0,0,0.0
2021-02-18,Tech,0.07062,0.1284013333333333,0.09547690280702989,9,4,0.5879199135134913
2021-02-18,Utilities,0.21747333333333332,0.2889,0.12079974583043052,6,4,0.4192834728526787
2021-02-19,Comm,0.1272,0.11839999999999999,0.07054465839730602,6,4,0.5031401674232144
2021-02-19,Consumer,0.09890333333333334,0.19757695238095238,0.08733686382811849,10,3,0.3759411812014728
2021-02-19,Energy,0.26348,0.11680666666666666,0.04327435862322036,9,4,0.5408863204324119
2021-02-19,Financials,0.12478,0.061040000000000004,0.0865459124325657,7,4,0.5679499810286353
2021-02-19,Healthcare,0.10251333333333335,0.11442000000000001,0.10263596024488622,4,2,0.1762147314824891
2021-02-19,Industrials,0.21553133333333335,0.08548428571428571,0.05449900246817192,13,4,0.6657351714118194
2021-02-19,Materials,0.061309999999999996,0.12200166666666667,0.05042397691920446,4,3,0.2936912191374818
2021-02-19,RealEstate,0.034,0.0,0.06870584262802265,6,4,0.5031401674232144
2021-02-19,Tech,0.15548,0.07062,0.09321718437002717,9,4,0.5008206670670481
2021-02-19,Utilities,0.2403,0.21747333333333332,0.12958825378523986,2,2,0.13187198158574429
2021-02-22,Comm,0.147552,0.1272,0.07569514399755092,8,4,0.3648473060595861
2021-02-22,Consumer,0.059426,0.09890333333333334,0.08838836105586528,20,4,0.45134913154540957
2021-02-22,Energy,0.10807388888888889,0.26348,0.06329305329383669,18,4,0.5729947525946859
2021-02-22,Financials,-0.02732,0.12478,0.09002173857505973,12,4,0.4515055680218089
2021-02-22,Healthcare,0.191966,0.10251333333333335,0.10262481234383596,10,5,0.540415447977117
2021-02-22,Industrials,0.10063333333333332,0.21553133333333335,0.06913830527409567,22,5,0.5624209029257824
2021-02-22,Materials,0.010286666666666666,0.061309999999999996,0.05141361538109496,8,4,0.5107862284834206
2021-02-22,RealEstate,0.08038,0.034,0.06555076602547513,3,3,0.27071301834358413
2021-02-22,Tech,0.18841999999999998,0.15548,0.09887744033638834,9,4,0.4361986455100096
2021-02-22,Utilities,0.16392,0.2403,0.13965295798658167,5,3,0.2873275267402535
2021-02-23,Comm,0.14768666666666666,0.147552,0.08222758545231901,7,3,0.3885973554406451
2021-02-23,Consumer,0.09059285714285714,0.059426,0.08575541914169571,14,4,0.5578219021983555
2021-02-23,Energy,0.23780333333333337,0.10807388888888889,0.06736403834793234,12,4,0.4849504249123133
2021-02-23,Financials,-0.03427222222222224,-0.02732,0.07935430779550884,16,4,0.501152807717425
2021-02-23,Healthcare,0.05736,0.191966,0.11074673849439631,9,4,0.5879199135134913
2021-02-23,Industrials,0.05137333333333334,0.10063333333333332,0.07200148964311728,9,3,0.4662813107175965
2021-02-23,Materials,0.05545,0.010286666666666666,0.04767480186160148,5,4,0.45151468487754115
2021-02-23,RealEstate,0.04046,0.08038,0.06689887820497739,3,3,0.27071301834358413
2021-02-23,Tech,0.21879833333333334,0.18841999999999998,0.1070176730330803,13,4,0.6953234012523447
2021-02-23,Utilities,0.16433999999999999,0.16392,0.14185905271507426,5,3,0.2873275267402534
2021-02-24,Comm,-0.019178571428571434,0.14768666666666666,0.0881784110172597,13,4,0.49665957232310337
2021-02-24,Consumer,0.037637500000000004,0.09059285714285714,0.08619518623271039,11,4,0.3211725905616644
2021-02-24,Energy,-0.025846333333333325,0.23780333333333337,0.08285851971024152,17,5,0.7072281645100398
2021-02-24,Financials,0.038974999999999996,-0.03427222222222224,0.06902462324844236,14,4,0.6817823249091012
2021-02-24,Healthcare,0.11243,0.05736,0.10589339863126938,5,3,0.35117808823808755
2021-02-24,Industrials,-0.08522166666666668,0.05137333333333334,0.0701262027058642,21,5,0.4964422292824792
2021-02-24,Materials,0.0,0.05545,0.04838163805600134,3,2,0.1624278110061505
2021-02-24,RealEstate,0.10304666666666666,0.04046,0.06449534382270672,6,4,0.4192834728526786
2021-02-24,Tech,0.13489,0.21879833333333334,0.11717955124219422,7,3,0.4343146913748387
2021-02-24,Utilities,-0.03188,0.16433999999999999,0.14390277519552205,4,3,0.2936912191374818
2021-02-25,Comm,0.0044977777777777785,-0.019178571428571434,0.07841868534036596,16,4,0.49112975156307653
2021-02-25,Consumer,0.12287166666666667,0.037637500000000004,0.0817808511206458,25,5,0.8222367988418166
2021-02-25,Energy,0.10586999999999999,-0.025846333333333325,0.0729762603426438,6,4,0.5031401674232144
2021-02-25,Financials,0.14685133333333336,0.038974999999999996,0.06629283931676579,16,4,0.7441359872167826
2021-02-25,Healthcare,0.17182250000000002,0.11243,0.10648763511933579,9,2,0.20803320016631227
2021-02-25,Industrials,0.11347888888888888,-0.08522166666666668,0.0560036691265432,14,4,0.40906939494546063
2021-02-25,Materials,0.0,0.0,0.04398330732363758,4,3,0.2936912191374818
2021-02-25,RealEstate,0.031408000000000005,0.10304666666666666,0.06800000953579399,7,3,0.2734573982730465
2021-02-25,Tech,-0.006279999999999999,0.13489,0.11878959203835837,6,4,0.5031401674232144
2021-02-25,Utilities,0.0,-0.03188,0.12792252290502004,5,3,0.2873275267402535
2021-02-26,Comm,0.08715500000000001,0.0044977777777777785,0.07169860283467613,9,3,0.40976236396394844
2021-02-26,Consumer,0.1821105,0.12287166666666667,0.0855163798066477,18,5,0.6302942278541545
2021-02-26,Energy,0.01366,0.10586999999999999,0.07596660031149437,8,3,0.3929124834487851
2021-02-26,Financials,0.056620000000000004,0.14685133333333336,0.07361633877281738,8,4,0.5675402538704672
2021-02-26,Healthcare,-0.11718500000000001,0.17182250000000002,0.11242716829030527,6,3,0.2795223152351191
2021-02-26,Industrials,0.011261666666666675,0.11347888888888888,0.06122868910493826,12,3,0.35388274250358004
2021-02-26,Materials,0.029599999999999998,0.0,0.03998482483967053,4,3,0.2936912191374818
2021-02-26,RealEstate,0.07034,0.031408000000000005,0.06467346321435816,2,2,0.13187198158574429
2021-02-26,Tech,0.09306166666666668,-0.006279999999999999,0.10741962912578033,8,3,0.3929124834487851
2021-02-26,Utilities,-0.059199999999999996,0.0,0.11629320264092731,3,3,0.27071301834358413
2021-03-01,Comm,0.016930000000000004,0.08715500000000001,0.07310372984970556,13,4,0.5489395273044826
2021-03-01,Consumer,0.18115833333333334,0.1821105,0.09429766346058881,17,4,0.5321049999646966
2021-03-01,Energy,0.2517376666666667,0.01366,0.07030236391954034,28,5,0.6055045541444011
2021-03-01,Financials,0.001716000000000001,0.056620000000000004,0.07207121706619761,17,5,0.6731448794734114
2021-03-01,Healthcare,0.12715,-0.11718500000000001,0.09155333480936842,7,4,0.5679499810286353
2021-03-01,Industrials,-0.04041875,0.011261666666666675,0.05668623251964085,25,5,0.432605423780886
2021-03-01,Materials,0.0026699999999999944,0.029599999999999998,0.03904074985424593,5,4,0.45151468487754115
2021-03-01,RealEstate,0.3785,0.07034,0.06518860292214379,5,4,0.45151468487754115
2021-03-01,Tech,0.06284333333333333,0.09306166666666668,0.10611435981131545,9,4,0.5879199135134913
2021-03-01,Utilities,-0.012379999999999992,-0.059199999999999996,0.10033927512811573,3,3,0.27071301834358413
2021-03-02,Comm,0.16122,0.016930000000000004,0.06799702713609597,7,3,0.4343146913748387
2021-03-02,Consumer,0.03705,0.18115833333333334,0.10219408799447467,10,4,0.5086263039784631
2021-03-02,Energy,-0.053190666666666664,0.2517376666666667,0.08679648235109727,8,2,0.3004624873431886
2021-03-02,Financials,0.2616466666666667,0.001716000000000001,0.06567528824199784,12,4,0.5237464589052984
2021-03-02,Healthcare,0.06078,0.12715,0.09478939528124403,8,3,0.4643511168031096
2021-03-02,Industrials,0.014700000000000001,-0.04041875,0.04785850683603713,9,3,0.4097623639639484
2021-03-02,Materials,0.09176,0.0026699999999999944,0.035734318049314484,4,2,0.1762147314824891
2021-03-02,RealEstate,0.0,0.3785,0.0936714572019489,1,1,0.03625384938440364
2021-03-02,Tech,-0.04197333333333332,0.06284333333333333,0.10218063013149889,7,4,0.49222331689148374
2021-03-02,Utilities,-0.05671999999999999,-0.012379999999999992,0.09009206829828702,6,4,0.5031401674232144
2021-03-03,Comm,0.056625999999999996,0.16122,0.07647184285099631,9,4,0.4361986455100096
2021-03-03,Consumer,0.03649595238095238,0.03705,0.09627189817679516,25,5,0.588425386848883
2021-03-03,Energy,0.004489090909090906,-0.053190666666666664,0.07407037789493691,15,2,0.31211373666749
2021-03-03,Financials,0.011080476190476191,0.2616466666666667,0.0834908680987859,19,5,0.685289614291115
2021-03-03,Healthcare,0.19836,0.06078,0.0916976320738582,6,3,0.2795223152351191
2021-03-03,Industrials,0.03332714285714286,0.014700000000000001,0.044844097123670115,16,4,0.598938721418386
2021-03-03,Materials,0.0,0.09176,0.04082756186301316,0,0,0.0
2021-03-03,RealEstate,0.00172,0.0,0.0851558701835899,5,3,0.2873275267402535
2021-03-03,Tech,0.13616,-0.04197333333333332,0.08907572436196869,2,2,0.13187198158574429
2021-03-03,Utilities,0.04046,-0.05671999999999999,0.07674551663480637,1,1,0.03625384938440364
2021-03-04,Comm,0.154,0.056625999999999996,0.07466767531908756,5,4,0.45151468487754115
2021-03-04,Consumer,-0.08179681818181818,0.03649595238095238,0.090837721286264,22,4,0.5032187026178051
2021-03-04,Energy,0.10244499999999998,0.004489090909090906,0.0677448063507691,12,5,0.6891400775069717
2021-03-04,Financials,0.13841199999999998,0.011080476190476191,0.07690810519803047,13,4,0.5689009646610094
2021-03-04,Healthcare,-0.019427499999999997,0.19836,0.10139421097623473,12,4,0.37410461350378466
2021-03-04,Industrials,0.061549999999999994,0.03332714285714286,0.04379710128125855,9,4,0.5008206670670481
2021-03-04,Materials,0.059199999999999996,0.0,0.03711596533001197,1,1,0.03625384938440364
2021-03-04,RealEstate,0.11148,0.00172,0.07757079107599082,1,1,0.03625384938440364
2021-03-04,Tech,0.05234,0.13616,0.09335611305633516,6,3,0.2795223152351191
2021-03-04,Utilities,0.11126,0.04046,0.07344683330436944,1,1,0.03625384938440364
2021-03-05,Comm,0.09299733333333333,0.154,0.08187970483553415,12,5,0.654683073631623
2021-03-05,Consumer,0.1252625,-0.08179681818181818,0.07514367224371106,17,3,0.4331087209014973
2021-03-05,Energy,0.11253333333333333,0.10244499999999998,0.07089936940979008,17,5,0.6139673076515731
2021-03-05,Financials,0.128544,0.13841199999999998,0.08249936836184588,12,4,0.5951664305742027
2021-03-05,Healthcare,-0.01999,-0.019427499999999997,0.09041041906930429,6,4,0.5031401674232144
2021-03-05,Industrials,0.03994285714285715,0.061549999999999994,0.045411001164780494,10,4,0.3325633526013029
2021-03-05,Materials,0.068,0.059199999999999996,0.03912360484546542,2,2,0.13187198158574429
2021-03-05,RealEstate,0.0,0.11148,0.08065344643271892,3,3,0.27071301834358413
2021-03-05,Tech,0.05286,0.05234,0.08962737550575925,12,3,0.4676307668797307
2021-03-05,Utilities,0.038939999999999995,0.11126,0.07688439391306312,3,1,0.09023767278119472
2021-03-08,Comm,-0.068966,0.09299733333333333,0.08289039833533407,10,5,0.540415447977117
2021-03-08,Consumer,0.10533833333333334,0.1252625,0.0796999293124646,23,4,0.46139434263532064
2021-03-08,Energy,0.10406866666666667,0.11253333333333333,0.07468427522102128,14,4,0.5578219021983555
2021-03-08,Financials,0.133695,0.128544,0.08668524396531443,10,4,0.5764431445089249
2021-03-08,Healthcare,0.039439999999999996,-0.01999,0.08037401733573117,9,4,0.4361986455100096
2021-03-08,Industrials,0.12299833333333332,0.03994285714285715,0.044913897162787465,23,5,0.5541614591440094
2021-03-08,Materials,0.059693333333333334,0.068,0.04174873167769584,7,3,0.3885973554406451
2021-03-08,RealEstate,0.22386,0.0,0.07332131493883538,3,3,0.27071301834358413
2021-03-08,Tech,0.21138200000000001,0.05286,0.08628488682341748,9,4,0.4361986455100096
2021-03-08,Utilities,-0.04019,0.038939999999999995,0.07343490355733011,3,2,0.1624278110061505
2021-03-09,Comm,0.15458,-0.068966,0.06908527121394006,5,4,0.45151468487754115
2021-03-09,Consumer,0.09810533333333335,0.10533833333333334,0.08203069331436176,23,4,0.6505373650820979
2021-03-09,Energy,-0.10365238095238097,0.10406866666666667,0.07735558353426178,11,3,0.3647214164005342
2021-03-09,Financials,-0.016952000000000002,0.133695,0.09095885815028586,11,4,0.55175804019568
2021-03-09,Healthcare,0.0,0.039439999999999996,0.07665274303248289,6,3,0.3593858338737245
2021-03-09,Industrials,0.08130333333333332,0.12299833333333332,0.05201248226920072,15,3,0.4233621972618429
2021-03-09,Materials,0.0,0.059693333333333334,0.043380059100935606,1,1,0.03625384938440364
2021-03-09,RealEstate,0.0,0.22386,0.0870066499443958,0,0,0.0
2021-03-09,Tech,-0.010104999999999998,0.21138200000000001,0.09765735165765226,8,4,0.4643511168031096
2021-03-09,Utilities,-0.03412,-0.04019,0.06310536687030009,2,2,0.13187198158574429
2021-03-10,Comm,0.1099375,0.15458,0.07685751928540005,13,4,0.4171940407514068
2021-03-10,Consumer,0.15128748051948052,0.09810533333333335,0.08349202422517735,25,5,0.6302424194168239
2021-03-10,Energy,0.11134999999999999,-0.10365238095238097,0.060900314035476064,10,4,0.6176176548309908
2021-03-10,Financials,0.25866333333333336,-0.016952000000000002,0.0811487801366235,6,3,0.3593858338737245
2021-03-10,Healthcare,0.08512,0.0,0.0696843118477117,5,3,0.35117808823808755
2021-03-10,Industrials,0.06894615384615385,0.08130333333333332,0.054675286911394595,27,4,0.4607666111065622
2021-03-10,Materials,0.04278,0.0,0.03943641736448692,2,1,0.06593599079287214
2021-03-10,RealEstate,0.03558,0.0,0.07909695449490528,1,1,0.03625384938440364
2021-03-10,Tech,0.12498000000000001,-0.010104999999999998,0.08786077423422933,3,3,0.27071301834358413
2021-03-10,Utilities,0.15676,-0.03412,0.054266697154818265,2,2,0.13187198158574429
2021-03-11,Comm,0.13156600000000002,0.1099375,0.07986479025945459,9,3,0.4097623639639484
2021-03-11,Consumer,0.08439571428571428,0.15128748051948052,0.08965524752465945,23,5,0.5263141496392854
2021-03-11,Energy,0.17562333333333333,0.11134999999999999,0.06548664912316006,7,3,0.4343146913748387
2021-03-11,Financials,0.07462666666666666,0.25866333333333336,0.09728646679086984,11,4,0.6148161019323292
2021-03-11,Healthcare,0.039616,0.08512,0.07108755622519244,18,5,0.7686514973831152
2021-03-11,Industrials,0.24921733333333335,0.06894615384615385,0.05597263845091817,21,5,0.5910026539077133
2021-03-11,Materials,0.12827,0.04278,0.03974037942226084,3,2,0.1624278110061505
2021-03-11,RealEstate,0.0,0.03558,0.07514086772264114,2,2,0.13187198158574429
2021-03-11,Tech,0.07936857142857143,0.12498000000000001,0.09123524930384483,14,4,0.48442428348804556
2021-03-11,Utilities,0.0,0.15676,0.06358427014074389,0,0,0.0
2021-03-12,Comm,0.15660857142857143,0.13156600000000002,0.0845649002358678,10,4,0.3325633526013029
2021-03-12,Consumer,0.14918285714285714,0.08439571428571428,0.0891771081393008,18,5,0.6705257743129303
2021-03-12,Energy,0.09534000000000001,0.17562333333333333,0.07549907496044854,1,1,0.03625384938440364
2021-03-12,Financials,0.07102333333333335,0.07462666666666666,0.09522648496139682,9,5,0.7116925268847526
2021-03-12,Healthcare,-0.02408,0.039616,0.06822650565926587,3,1,0.09023767278119472
2021-03-12,Industrials,0.13777,0.24921733333333335,0.07354033798568317,11,3,0.43915435852309226
2021-03-12,Materials,0.059199999999999996,0.12827,0.047788526747509844,2,2,0.13187198158574429
2021-03-12,RealEstate,0.08768000000000001,0.0,0.06830987974785559,3,3,0.27071301834358413
2021-03-12,Tech,0.14107,0.07936857142857143,0.09015646040609271,4,3,0.2936912191374818
2021-03-12,Utilities,0.1127,0.0,0.0578038819461308,2,2,0.13187198158574429
2021-03-15,Comm,0.08673833333333333,0.15660857142857143,0.09111432488974995,14,4,0.4720031480139931
2021-03-15,Consumer,0.24421984126984125,0.14918285714285714,0.09463217623053319,35,5,0.7136343700246038
2021-03-15,Energy,0.08874333333333333,0.09534000000000001,0.07730279541858957,13,4,0.5689009646610094
2021-03-15,Financials,0.208765,0.07102333333333335,0.09302619844975468,12,4,0.6891400775069715
2021-03-15,Healthcare,0.20649314285714288,-0.02408,0.059835005144787144,19,5,0.6988597056632162
2021-03-15,Industrials,0.21511333333333332,0.13777,0.07937939816880288,14,4,0.5578219021983555
2021-03-15,Materials,0.0,0.059199999999999996,0.04882593340682713,3,2,0.1624278110061505
2021-03-15,RealEstate,0.28554666666666667,0.08768000000000001,0.0700707997707778,6,4,0.4192834728526787
2021-03-15,Tech,0.025907999999999997,0.14107,0.09478496400553882,10,3,0.4550866930333618
2021-03-15,Utilities,0.14944,0.1127,0.06279443813284617,5,3,0.35117808823808755
2021-03-16,Comm,0.038728,0.08673833333333333,0.09071650747553026,10,3,0.4550866930333618
2021-03-16,Consumer,0.1937245,0.24421984126984125,0.10823105487047029,22,5,0.7837012581752703
2021-03-16,Energy,-0.05992333333333333,0.08874333333333333,0.07834284431992991,5,2,0.24312329185713755
2021-03-16,Financials,0.07153499999999999,0.208765,0.10354790768159514,12,5,0.6891400775069715
2021-03-16,Healthcare,0.11543999999999999,0.20649314285714288,0.07316756311863767,6,4,0.5031401674232144
2021-03-16,Industrials,-0.007659999999999995,0.21511333333333332,0.09171884682012384,8,3,0.3929124834487851
2021-03-16,Materials,0.0,0.0,0.04438721218802466,1,1,0.03625384938440364
2021-03-16,RealEstate,0.01845333333333333,0.28554666666666667,0.08965951494313133,6,4,0.4192834728526787
2021-03-16,Tech,-0.016768,0.025907999999999997,0.08852342182321711,12,4,0.5036023643320177
2021-03-16,Utilities,0.03833333333333333,0.14944,0.07067130739349652,5,3,0.2873275267402535
2021-03-17,Comm,0.1295,0.038728,0.08599027952320933,8,5,0.6384827856042757
2021-03-17,Consumer,0.09070249999999999,0.1937245,0.11600318624588209,17,5,0.6277643258010467
2021-03-17,Energy,0.006846666666666666,-0.05992333333333333,0.0657731918059969,6,2,0.2795223152351191
2021-03-17,Financials,0.15256999999999998,0.07153499999999999,0.10063764334690468,10,5,0.6651267052026054
2021-03-17,Healthcare,0.07621,0.11543999999999999,0.07701051192603424,9,3,0.40976236396394844
2021-03-17,Industrials,-0.012004999999999998,-0.007659999999999995,0.08268440620011258,7,4,0.3885973554406451
2021-03-17,Materials,0.02732,0.0,0.04035201108002242,2,1,0.06593599079287214
2021-03-17,RealEstate,-0.01027,0.01845333333333333,0.08318622570587697,7,4,0.5679499810286353
2021-03-17,Tech,0.1967,-0.016768,0.07895147438474283,7,3,0.3885973554406451
2021-03-17,Utilities,0.0,0.03833333333333333,0.06773149156984531,0,0,0.0
2021-03-18,Comm,-0.007813333333333328,0.1295,0.08994570865746303,9,4,0.5879199135134913
2021-03-18,Consumer,0.16501266666666664,0.09070249999999999,0.11370312385989279,20,5,0.7699485185186398
2021-03-18,Energy,-0.03853333333333335,0.006846666666666666,0.06041623497514868,9,4,0.6439122862290618
2021-03-18,Financials,0.036512499999999996,0.15256999999999998,0.10535876667900426,13,3,0.3862907784735249
2021-03-18,Healthcare,0.11881333333333333,0.07621,0.07693773811457658,7,4,0.49222331689148374
2021-03-18,Industrials,-0.09712999999999998,-0.012004999999999998,0.07407627836373872,14,5,0.4975168316904251
2021-03-18,Materials,0.0,0.02732,0.03916728280002038,0,0,0.0
2021-03-18,RealEstate,0.19480000000000003,-0.01027,0.07469020518716088,4,4,0.4405368287062228
2021-03-18,Tech,0.11353333333333333,0.1967,0.08965588580431166,5,3,0.2873275267402535
2021-03-18,Utilities,0.068,0.0,0.061574083245313924,2,2,0.13187198158574429
2021-03-19,Comm,0.11760666666666668,-0.007813333333333328,0.08105852302193609,10,5,0.43233235838169365
2021-03-19,Consumer,0.05675666666666668,0.16501266666666664,0.1183676277514177,25,5,0.54695046971416
2021-03-19,Energy,0.16752000000000003,-0.03853333333333335,0.051420819674377595,6,3,0.3593858338737245
2021-03-19,Financials,-0.015564000000000005,0.036512499999999996,0.09910001516273113,18,4,0.6179355175040729
2021-03-19,Healthcare,0.17922000000000002,0.11881333333333333,0.08074461040719082,6,3,0.4192834728526787
2021-03-19,Industrials,-0.060149999999999995,-0.09712999999999998,0.05851207123976245,3,2,0.1624278110061505
2021-03-19,Materials,0.068,0.0,0.03560662072729125,2,2,0.13187198158574429
2021-03-19,RealEstate,0.0,0.19480000000000003,0.08560927744287353,0,0,0.0
2021-03-19,Tech,0.059199999999999996,0.11353333333333333,0.09182656285240454,2,2,0.13187198158574429
2021-03-19,Utilities,0.0,0.068,0.06215825749573993,0,0,0.0
2021-03-22,Comm,-0.002485,0.11760666666666668,0.08438108153509341,6,3,0.2795223152351191
2021-03-22,Consumer,0.087212,0.05675666666666668,0.1127666312891676,17,5,0.7449469999505752
2021-03-22,Energy,0.006773333333333337,0.16752000000000003,0.06197529061307054,13,4,0.5489395273044826
2021-03-22,Financials,0.262805,-0.015564000000000005,0.08867601378430104,12,5,0.6891400775069715
2021-03-22,Healthcare,0.004674000000000006,0.17922000000000002,0.08969691855199166,9,3,0.4097623639639484
2021-03-22,Industrials,0.05023999999999999,-0.060149999999999995,0.04772461021796587,8,4,0.4643511168031096
2021-03-22,Materials,0.04046,0.068,0.0385514733884466,3,2,0.1624278110061505
2021-03-22,RealEstate,0.0,0.0,0.07782661585715775,0,0,0.0
2021-03-22,Tech,0.07941099999999998,0.059199999999999996,0.08886051168400413,13,4,0.6135206481638334
2021-03-22,Utilities,0.0,0.0,0.056507506814309015,0,0,0.0
2021-03-23,Comm,0.022164,-0.002485,0.0764841650319031,6,2,0.1935154490089286
2021-03-23,Consumer,0.163071,0.087212,0.11044348299015234,10,3,0.4117451032206606
2021-03-23,Energy,-0.12369277777777779,0.006773333333333337,0.05695693086036715,27,5,0.8108462709417156
2021-03-23,Financials,0.22003500000000004,0.262805,0.10450592162209185,14,4,0.5938104120176042
2021-03-23,Healthcare,0.07651,0.004674000000000006,0.0819675623199924,4,3,0.2936912191374818
2021-03-23,Industrials,0.11825000000000001,0.05023999999999999,0.04795328201633261,6,4,0.5031401674232144
2021-03-23,Materials,-0.05,0.04046,0.03872497580767872,3,2,0.1624278110061505
2021-03-23,RealEstate,0.0,0.0,0.07075146896105249,2,2,0.13187198158574429
2021-03-23,Tech,0.2441066666666667,0.07941099999999998,0.08800146516727647,13,4,0.5489395273044826
2021-03-23,Utilities,0.02732,0.0,0.051370460740280934,3,2,0.1624278110061505
2021-03-24,Comm,0.18495,0.022164,0.07154596821082099,7,4,0.49222331689148374
2021-03-24,Consumer,0.17302515151515152,0.163071,0.11522780271832031,24,4,0.5889274904121283
2021-03-24,Energy,-0.013957333333333332,-0.12369277777777779,0.040534230075081244,11,4,0.55175804019568
2021-03-24,Financials,0.08981333333333333,0.22003500000000004,0.11500856511099258,11,3,0.43915435852309226
2021-03-24,Healthcare,0.17994000000000002,0.07651,0.08147142029090218,6,4,0.4192834728526787
2021-03-24,Industrials,0.09499333333333333,0.11825000000000001,0.05434389274212056,8,4,0.5107862284834206
2021-03-24,Materials,0.05464,-0.05,0.030659068916071563,2,2,0.13187198158574429
2021-03-24,RealEstate,0.0,0.0,0.06431951723732043,0,0,0.0
2021-03-24,Tech,-0.005610000000000002,0.2441066666666667,0.10219284712176649,24,4,0.368554623032106
2021-03-24,Utilities,0.0,0.02732,0.0491840552184372,0,0,0.0
2021-03-25,Comm,-0.002475999999999998,0.18495,0.0818554256462009,9,4,0.4361986455100096
2021-03-25,Consumer,0.08411571428571428,0.17302515151515152,0.12048210715439586,32,5,0.6271770339584478
2021-03-25,Energy,0.14115333333333333,-0.013957333333333332,0.0355804515834072,9,4,0.5008206670670481
2021-03-25,Financials,0.015588000000000001,0.08981333333333333,0.11271808949484174,19,4,0.685289614291115
2021-03-25,Healthcare,0.14908000000000002,0.17994000000000002,0.09042310935536561,4,4,0.4405368287062228
2021-03-25,Industrials,-0.041206666666666676,0.09499333333333333,0.058039296432230804,5,3,0.2873275267402535
2021-03-25,Materials,0.10568999999999999,0.05464,0.03283915356006506,4,2,0.2202684143531114
2021-03-25,RealEstate,0.11968000000000001,0.0,0.05847228839756404,3,2,0.1624278110061505
2021-03-25,Tech,0.022220000000000018,-0.005610000000000002,0.09239258829251498,13,4,0.6657351714118194
2021-03-25,Utilities,0.17795999999999998,0.0,0.044712777471306545,4,2,0.1762147314824891
2021-03-26,Comm,0.034595,-0.002475999999999998,0.07418893240563718,6,2,0.2515700837116072
2021-03-26,Consumer,-0.013422380952380953,0.08411571428571428,0.1171760714390612,26,4,0.6790614166177432
2021-03-26,Energy,0.19800233333333334,0.14115333333333333,0.045177986287945934,12,3,0.5237464589052984
2021-03-26,Financials,0.210324,0.015588000000000001,0.10388808135894703,14,5,0.7670051155227386
2021-03-26,Healthcare,0.012458333333333332,0.14908000000000002,0.0957555539594233,8,3,0.3929124834487851
2021-03-26,Industrials,0.07932142857142857,-0.041206666666666676,0.04901693615051285,11,2,0.331054824117408
2021-03-26,Materials,-0.11839999999999999,0.10568999999999999,0.039461957781877326,5,3,0.2873275267402535
2021-03-26,RealEstate,0.0,0.11968000000000001,0.06403662581596731,0,0,0.0
2021-03-26,Tech,0.10220500000000002,0.022220000000000018,0.08601326208410454,12,4,0.6235076891729743
2021-03-26,Utilities,0.059199999999999996,0.17795999999999998,0.056826161337551404,1,1,0.03625384938440364
2021-03-29,Comm,0.11353444444444442,0.034595,0.0705894840051247,17,4,0.5321049999646966
2021-03-29,Consumer,0.2614518831168831,-0.013422380952380953,0.10530348485802099,31,5,0.84497772436874
2021-03-29,Energy,0.13676,0.19800233333333334,0.059071108746617515,8,4,0.3648473060595861
2021-03-29,Financials,0.018072444444444443,0.210324,0.11356407396267912,30,5,0.7481409358675002
2021-03-29,Healthcare,0.28385666666666665,0.012458333333333332,0.08818307935705147,12,5,0.8729107648421642
2021-03-29,Industrials,0.2643603333333333,0.07932142857142857,0.05177189000695973,22,5,0.5371435589740617
2021-03-29,Materials,0.0,-0.11839999999999999,0.025110870710797567,0,0,0.0
2021-03-29,RealEstate,0.06455,0.0,0.05821511437815209,5,4,0.45151468487754115
2021-03-29,Tech,0.203395,0.10220500000000002,0.08748523825827684,12,4,0.654683073631623
2021-03-29,Utilities,0.18943499999999996,0.059199999999999996,0.05704196485231946,5,2,0.185917811420164
2021-03-30,Comm,0.12869000000000003,0.11353444444444442,0.07449357131779014,7,4,0.49222331689148374
2021-03-30,Consumer,0.105048,0.2614518831168831,0.11949879379064483,15,5,0.7247386766685783
2021-03-30,Energy,0.2677733333333333,0.13676,0.06613373522419774,7,4,0.49222331689148374
2021-03-30,Financials,0.02265807692307693,0.018072444444444443,0.1048830167337487,30,5,0.6959450566209304
2021-03-30,Healthcare,-0.04795,0.28385666666666665,0.10597158729428921,7,4,0.3885973554406451
2021-03-30,Industrials,0.16586666666666666,0.2643603333333333,0.07109811212753915,10,4,0.4117451032206606
2021-03-30,Materials,0.0,0.0,0.02282806428254324,0,0,0.0
2021-03-30,RealEstate,0.07636,0.06455,0.05879101307104736,3,3,0.27071301834358413
2021-03-30,Tech,0.21305333333333332,0.203395,0.09802248932570622,5,3,0.2873275267402535
2021-03-30,Utilities,0.0,0.18943499999999996,0.06907769532029043,1,1,0.03625384938440364
2021-03-31,Comm,0.0,0.12869000000000003,0.07942051937980919,5,3,0.2873275267402535
2021-03-31,Consumer,0.125685,0.105048,0.11818508526422256,13,5,0.8022962322142437
2021-03-31,Energy,0.16796333333333333,0.2677733333333333,0.0844646077795737,12,4,0.4849504249123133
2021-03-31,Financials,0.063425,0.02265807692307693,0.09740802220550579,14,5,0.5414153756631096
2021-03-31,Healthcare,0.050409999999999996,-0.04795,0.09197871572208109,9,5,0.7954210594594292
2021-03-31,Industrials,0.06729833333333332,0.16586666666666666,0.07971343526745982,11,3,0.40601063335153814
2021-03-31,Materials,0.059199999999999996,0.0,0.020752785711402946,2,2,0.13187198158574429
2021-03-31,RealEstate,0.0,0.07636,0.06038819370095214,1,1,0.03625384938440364
2021-03-31,Tech,0.05668666666666666,0.21305333333333332,0.10847983878094505,9,3,0.38634737173743705
2021-03-31,Utilities,0.05464,0.0,0.06279790483662764,2,2,0.13187198158574429
2021-04-01,Comm,0.06819,0.0,0.07220047216346291,9,4,0.4361986455100096
2021-04-01,Consumer,0.023636666666666667,0.125685,0.11886689569474777,15,5,0.700976752843379
2021-04-01,Energy,-0.2929,0.16796333333333333,0.09205540101173366,9,5,0.7954210594594292
2021-04-01,Financials,0.15350199999999997,0.063425,0.09431865655045982,12,5,0.654683073631623
2021-04-01,Healthcare,0.02037000000000001,0.050409999999999996,0.08819974156552828,7,5,0.6712136139429324
2021-04-01,Industrials,0.12918333333333334,0.06729833333333332,0.07858478963708468,8,4,0.5675402538704672
2021-04-01,Materials,0.0,0.059199999999999996,0.02424798701036631,5,3,0.35117808823808755
2021-04-01,RealEstate,-0.05884,0.0,0.054898357909956494,1,1,0.03625384938440364
2021-04-01,Tech,0.002878000000000014,0.05668666666666666,0.10377136858873792,9,4,0.4361986455100096
2021-04-01,Utilities,0.042293333333333336,0.05464,0.06205627712420696,5,3,0.2873275267402534
2021-04-05,Comm,0.344484,0.06819,0.07183588378496628,21,5,0.5910026539077133
2021-04-05,Consumer,0.17037833333333335,0.023636666666666667,0.1102096021467404,27,5,0.6944568540601297
2021-04-05,Energy,0.06448400000000001,-0.2929,0.05705945546521242,12,4,0.5951664305742027
2021-04-05,Financials,0.16381264069264068,0.15350199999999997,0.09969896050041802,23,4,0.5723306873126653
2021-04-05,Healthcare,0.10567533333333334,0.02037000000000001,0.08203340142320752,13,4,0.6135206481638334
2021-04-05,Industrials,0.25413199999999997,0.12918333333333334,0.08318465724583457,14,4,0.6347628542257148
2021-04-05,Materials,0.12109,0.0,0.022043624554878467,3,2,0.1624278110061505
2021-04-05,RealEstate,-0.04327333333333334,-0.05884,0.04455850719086953,3,1,0.09023767278119472
2021-04-05,Tech,0.13720307692307693,0.002878000000000014,0.09459924417157992,19,3,0.3734647104337822
2021-04-05,Utilities,0.053239999999999996,0.042293333333333336,0.06025964587049117,6,3,0.3593858338737245
2021-04-06,Comm,0.09397428571428572,0.344484,0.09662207616815117,9,3,0.26514035315314305
2021-04-06,Consumer,0.12824200000000002,0.17037833333333335,0.11567948680006704,23,4,0.6936193097895217
2021-04-06,Energy,0.026503999999999993,0.06448400000000001,0.05773441405928401,13,4,0.6385623072725615
2021-04-06,Financials,-0.02278800000000001,0.16381264069264068,0.10552747688152916,21,4,0.5991544146512682
2021-04-06,Healthcare,0.07364,0.10567533333333334,0.08418266796049169,6,3,0.4192834728526787
2021-04-06,Industrials,0.032325,0.25413199999999997,0.09872532476894051,13,5,0.6657351714118194
2021-04-06,Materials,0.03558,0.12109,0.031047840504434966,1,1,0.03625384938440364
2021-04-06,RealEstate,0.09534000000000001,-0.04327333333333334,0.036573794415941996,1,1,0.03625384938440364
2021-04-06,Tech,-0.04551066666666667,0.13720307692307693,0.09847231987626145,9,3,0.38634737173743705
2021-04-06,Utilities,0.0,0.053239999999999996,0.05962149624590106,3,2,0.1624278110061505
2021-04-07,Comm,0.01686,0.09397428571428572,0.09638136794507249,7,2,0.25459826735766405
2021-04-07,Consumer,-0.07609066666666667,0.12824200000000002,0.11682153345460637,12,5,0.654683073631623
2021-04-07,Energy,-0.04108,0.026503999999999993,0.054895285508440014,5,3,0.35117808823808755
2021-04-07,Financials,0.118085,-0.02278800000000001,0.09386243352866287,9,4,0.5008206670670481
2021-04-07,Healthcare,0.19962,0.07364,0.08322424360044699,4,3,0.2936912191374818
2021-04-07,Industrials,0.06357333333333333,0.032325,0.09268893160812773,9,4,0.5879199135134913
2021-04-07,Materials,-0.06364,0.03558,0.03145985500403179,2,2,0.13187198158574429
2021-04-07,RealEstate,0.08038,0.09534000000000001,0.04191617674176545,1,1,0.03625384938440364
2021-04-07,Tech,0.07943,-0.04551066666666667,0.08538295746326799,4,3,0.2936912191374818
2021-04-07,Utilities,0.05464,0.0,0.054201360223546415,2,2,0.13187198158574429
2021-04-08,Comm,0.2307666666666667,0.01686,0.08915215267733863,11,5,0.5004317108751517
2021-04-08,Consumer,0.29276928571428573,-0.07609066666666667,0.09928406071630883,22,5,0.8852921620128054
2021-04-08,Energy,0.07392,-0.04108,0.04617025955312728,6,5,0.6289252092790181
2021-04-08,Financials,0.013633333333333334,0.118085,0.09606448502605716,15,4,0.6578397218991711
2021-04-08,Healthcare,0.18567799999999998,0.19962,0.09380567600040635,10,4,0.5086263039784631
2021-04-08,Industrials,0.06529333333333333,0.06357333333333333,0.09004205903769189,6,4,0.4192834728526787
2021-04-08,Materials,0.13013999999999998,-0.06364,0.0228144136400289,5,4,0.45151468487754115
2021-04-08,RealEstate,0.0,0.08038,0.0454128879470595,1,1,0.03625384938440364
2021-04-08,Tech,0.0522,0.07943,0.08484177951206182,12,4,0.6235076891729743
2021-04-08,Utilities,0.23976000000000003,0.05464,0.054241236566860376,3,3,0.27071301834358413
2021-04-09,Comm,0.058573999999999994,0.2307666666666667,0.10202619940364117,12,4,0.5692896292448896
2021-04-09,Consumer,0.14809714285714284,0.29276928571428573,0.1168736266252158,14,4,0.5578219021983555
2021-04-09,Energy,-0.15111,0.07392,0.04869296323011571,5,4,0.45151468487754115
2021-04-09,Financials,0.02396190476190476,0.013633333333333334,0.08857074396308226,21,4,0.695019120995471
2021-04-09,Healthcare,0.13896999999999998,0.18567799999999998,0.10215770545491484,4,3,0.2936912191374818
2021-04-09,Industrials,0.18125761904761906,0.06529333333333333,0.08779217488275019,16,5,0.701613930804395
2021-04-09,Materials,0.0,0.13013999999999998,0.032571285127298996,0,0,0.0
2021-04-09,RealEstate,0.0,0.0,0.0412844435882359,1,1,0.03625384938440364
2021-04-09,Tech,0.12588166666666667,0.0522,0.08187434501096527,9,3,0.4662813107175965
2021-04-09,Utilities,0.05464,0.23976000000000003,0.0711065786971458,1,1,0.03625384938440364
2021-04-12,Comm,-0.11116,0.058573999999999994,0.0980759994578556,8,3,0.34052415232228034
2021-04-12,Consumer,0.17996428571428572,0.14809714285714284,0.11971212810084556,22,5,0.796762945811525
2021-04-12,Energy,0.14817,-0.15111,0.03052905748192337,3,2,0.1624278110061505
2021-04-12,Financials,0.19945612698412699,0.02396190476190476,0.08269721312661157,40,5,0.5816230035619476
2021-04-12,Healthcare,0.10846833333333335,0.13896999999999998,0.10550427768628623,12,5,0.7274256373684701
2021-04-12,Industrials,0.13004,0.18125761904761906,0.09628903344319281,6,3,0.4192834728526787
2021-04-12,Materials,0.04046,0.0,0.02961025920663545,4,3,0.2936912191374818
2021-04-12,RealEstate,0.19771999999999998,0.0,0.03753131235294173,2,2,0.13187198158574429
2021-04-12,Tech,0.07679499999999999,0.12588166666666667,0.08587501061602903,16,4,0.3274198343753844
2021-04-12,Utilities,0.26880000000000004,0.05464,0.06960961699740528,3,3,0.27071301834358413
2021-04-13,Comm,0.196944,-0.11116,0.07905454496168692,7,3,0.2734573982730465
2021-04-13,Consumer,0.14032833333333333,0.17996428571428572,0.12518959697479465,16,5,0.5846782756703292
2021-04-13,Energy,0.14788666666666667,0.14817,0.04122368861993034,8,3,0.26883485709653715
2021-04-13,Financials,0.24116333333333334,0.19945612698412699,0.09331165984093116,31,5,0.5865747505556695
2021-04-13,Healthcare,-0.0027966666666666695,0.10846833333333335,0.10577373729056325,12,4,0.6235076891729743
2021-04-13,Industrials,0.24263500000000002,0.13004,0.09935730313017528,7,3,0.351588083493917
2021-04-13,Materials,0.0,0.04046,0.030596599278759507,0,0,0.0
2021-04-13,RealEstate,0.0,0.19771999999999998,0.05209392032085612,1,1,0.03625384938440364
2021-04-13,Tech,0.08186333333333333,0.07679499999999999,0.08504955510548094,8,3,0.4643511168031096
2021-04-13,Utilities,0.045533333333333335,0.26880000000000004,0.08771783363400479,6,3,0.3593858338737245
2021-04-14,Comm,0.16172,0.196944,0.0897717681469881,14,5,0.6347628542257148
2021-04-14,Consumer,0.002474166666666669,0.14032833333333333,0.1265658457346618,21,5,0.730062101885999
2021-04-14,Energy,0.06063333333333334,0.14788666666666667,0.05092032298781546,10,4,0.5764431445089249
2021-04-14,Financials,0.22722486803519062,0.24116333333333334,0.10675272106751317,60,5,0.4891274294613489
2021-04-14,Healthcare,-0.01144666666666666,-0.0027966666666666695,0.0959037005671787,12,5,0.8183538420395288
2021-04-14,Industrials,0.08647166666666666,0.24263500000000002,0.11238254830015934,13,4,0.5489395273044826
2021-04-14,Materials,0.11750000000000001,0.0,0.02781509025341773,4,4,0.4405368287062228
2021-04-14,RealEstate,0.0,0.0,0.04735810938259647,2,2,0.13187198158574429
2021-04-14,Tech,0.07398666666666667,0.08186333333333333,0.08475989858074026,8,4,0.5675402538704672
2021-04-14,Utilities,0.34237,0.045533333333333335,0.08388287906121647,5,4,0.45151468487754115
2021-04-15,Comm,0.01089,0.16172,0.09631251649726191,7,2,0.19954999333438533
2021-04-15,Consumer,-0.013320571428571432,0.002474166666666669,0.1152847840012077,17,4,0.642195689612565
2021-04-15,Energy,0.0017400000000000083,0.06063333333333334,0.05180332392831708,6,5,0.6289252092790181
2021-04-15,Financials,0.08502400000000002,0.22722486803519062,0.11770473442821112,29,4,0.5256763802251654
2021-04-15,Healthcare,0.10661000000000001,-0.01144666666666666,0.08614457627319275,9,5,0.5879199135134913
2021-04-15,Industrials,0.15460000000000002,0.08647166666666666,0.11002701360620545,6,3,0.3593858338737245
2021-04-15,Materials,0.0,0.11750000000000001,0.035968263866743386,0,0,0.0
2021-04-15,RealEstate,0.09176,0.0,0.04305282671145134,5,4,0.45151468487754115
2021-04-15,Tech,0.16139,0.07398666666666667,0.08378051386127902,10,4,0.5086263039784631
2021-04-15,Utilities,0.07200999999999999,0.34237,0.10738170823746954,2,1,0.06593599079287214
2021-04-16,Comm,0.09808,0.01089,0.08854683317932902,4,2,0.2202684143531114
2021-04-16,Consumer,0.1554375,-0.013320571428571432,0.10359338805304594,20,4,0.6889013060429935
2021-04-16,Energy,0.08471333333333333,0.0017400000000000083,0.04725211266210644,10,4,0.6176176548309908
2021-04-16,Financials,0.20477904761904764,0.08502400000000002,0.11473375857110102,36,5,0.6196327391350928
2021-04-16,Healthcare,-0.05,0.10661000000000001,0.08800506933926613,2,2,0.13187198158574429
2021-04-16,Industrials,0.006326666666666664,0.15460000000000002,0.1140791032783686,8,3,0.26883485709653715
2021-04-16,Materials,0.0,0.0,0.032698421697039445,2,2,0.13187198158574429
2021-04-16,RealEstate,0.0,0.09176,0.04748075155586485,1,1,0.03625384938440364
2021-04-16,Tech,0.012846000000000002,0.16139,0.09083592169207184,8,3,0.34052415232228034
2021-04-16,Utilities,0.0,0.07200999999999999,0.10416609839769957,0,0,0.0
2021-04-19,Comm,-0.026015,0.09808,0.08941348470848091,8,4,0.4643511168031096
2021-04-19,Consumer,0.0697868954248366,0.1554375,0.10830648913913268,40,5,0.7303485204545005
2021-04-19,Energy,0.04048500000000001,0.08471333333333333,0.05065767817767253,11,3,0.40601063335153814
2021-04-19,Financials,0.18873535714285714,0.20477904761904764,0.12291969393909616,22,5,0.7135190559506192
2021-04-19,Healthcare,0.044012857142857145,-0.05,0.07545915394478739,15,5,0.6382027152753152
2021-04-19,Industrials,0.15152700000000002,0.006326666666666664,0.10428342722275932,13,4,0.6385623072725615
2021-04-19,Materials,0.20092,0.0,0.029725837906399495,3,3,0.27071301834358413
2021-04-19,RealEstate,0.036004999999999995,0.0,0.04316431959624077,5,2,0.185917811420164
2021-04-19,Tech,0.04011695238095238,0.012846000000000002,0.0837459288109744,25,4,0.5194885214439929
2021-04-19,Utilities,0.04523,0.0,0.09469645308881777,7,2,0.25459826735766405
2021-04-20,Comm,0.012779999999999996,-0.026015,0.078919986098619,12,4,0.4364553824210819
2021-04-20,Consumer,0.03207309523809524,0.0697868954248366,0.10480470789237847,26,5,0.8198424420141046
2021-04-20,Energy,0.15418,0.04048500000000001,0.04973288925242956,6,3,0.3593858338737245
2021-04-20,Financials,0.26226,0.18873535714285714,0.12890293604852898,16,5,0.7222496346515831
2021-04-20,Healthcare,0.08759333333333333,0.044012857142857145,0.07260039969006646,13,4,0.3596500351305232
2021-04-20,Industrials,-0.021778181818181818,0.15152700000000002,0.10857829747523576,16,4,0.3720679936083913
2021-04-20,Materials,-0.00516,0.20092,0.04528894355127227,1,1,0.03625384938440364
2021-04-20,RealEstate,0.0,0.036004999999999995,0.04251347236021888,0,0,0.0
2021-04-20,Tech,0.0495675,0.04011695238095238,0.07977965822642694,12,3,0.35388274250358004
2021-04-20,Utilities,0.19656,0.04523,0.09019950280801617,4,3,0.2936912191374818
2021-04-21,Comm,0.0497688888888889,0.012779999999999996,0.07290726008965363,18,3,0.5002335141699638
2021-04-21,Consumer,0.08473666666666667,0.03207309523809524,0.09819274310562545,11,5,0.860742542705261
2021-04-21,Energy,0.028655000000000003,0.15418,0.05922808113857233,11,4,0.5815827991251763
2021-04-21,Financials,0.07459333333333333,0.26226,0.1410263054986627,13,4,0.5903689255916134
2021-04-21,Healthcare,0.33873,0.08759333333333333,0.07396339365763618,8,5,0.6384827856042757
2021-04-21,Industrials,0.03623666666666666,-0.021778181818181818,0.0967277084485614,8,5,0.6384827856042757
2021-04-21,Materials,0.19538000000000003,-0.00516,0.04070267595570206,5,4,0.45151468487754115
2021-04-21,RealEstate,0.04019,0.0,0.038648611236562616,3,2,0.1624278110061505
2021-04-21,Tech,0.027980000000000005,0.0495675,0.07703309838766084,12,4,0.5237464589052984
2021-04-21,Utilities,0.08154857142857143,0.19656,0.09986863891637832,8,2,0.20431449139336824
2021-04-22,Comm,0.07428969696969696,0.0497688888888889,0.07080377179867502,26,3,0.27217441394800235
2021-04-22,Consumer,0.19145833333333334,0.08473666666666667,0.09696946342935647,15,4,0.6578397218991711
2021-04-22,Energy,0.02112,0.028655000000000003,0.05644871012597484,10,3,0.4550866930333618
2021-04-22,Financials,0.10907666666666667,0.07459333333333333,0.13498694439272368,17,4,0.6573061764269782
2021-04-22,Healthcare,0.060575000000000004,0.33873,0.09803308514330562,9,5,0.5879199135134913
2021-04-22,Industrials,0.09017,0.03623666666666666,0.09122852283202552,10,5,0.540415447977117
2021-04-22,Materials,0.041075714285714285,0.19538000000000003,0.054764250868820065,11,2,0.331054824117408
2021-04-22,RealEstate,0.08038,0.04019,0.0387887374877842,4,3,0.2936912191374818
2021-04-22,Tech,0.13453299999999999,0.027980000000000005,0.0725737258069644,28,4,0.3633027324866407
2021-04-22,Utilities,0.098845,0.08154857142857143,0.0982031782356686,7,3,0.351588083493917
2021-04-23,Comm,0.136241,0.07428969696969696,0.07112067408694975,10,3,0.4117451032206606
2021-04-23,Consumer,0.11434333333333332,0.19145833333333334,0.10555936069335436,22,5,0.9019957877111602
2021-04-23,Energy,-0.0372525,0.02112,0.053237009205431673,16,5,0.5710811064686936
2021-04-23,Financials,0.18975333333333336,0.10907666666666667,0.13263146459944575,10,4,0.6176176548309908
2021-04-23,Healthcare,0.11148,0.060575000000000004,0.09462780467573237,2,2,0.13187198158574429
2021-04-23,Industrials,0.061919999999999996,0.09017,0.09113229348365956,10,3,0.3202461913938472
2021-04-23,Materials,0.04404,0.041075714285714285,0.053519838452174076,3,2,0.1624278110061505
2021-04-23,RealEstate,0.15566,0.08038,0.042569761352531085,1,1,0.03625384938440364
2021-04-23,Tech,0.0925823076923077,0.13453299999999999,0.07820638709724037,22,4,0.45529311189229976
2021-04-23,Utilities,0.05464,0.098845,0.09826152566878962,3,3,0.27071301834358413
2021-04-26,Comm,-0.03693666666666666,0.136241,0.07704070371540886,9,4,0.34672200027718714
2021-04-26,Consumer,0.1505521568627451,0.11434333333333332,0.10635790366062518,31,5,0.546467075304
2021-04-26,Energy,-0.015539999999999993,-0.0372525,0.04501069018675606,13,5,0.7276640245664072
2021-04-26,Financials,0.22928833333333337,0.18975333333333336,0.13782436175707188,21,5,0.730062101885999
2021-04-26,Healthcare,0.241355,0.11148,0.09615982243248397,15,5,0.7247386766685783
2021-04-26,Industrials,0.06953333333333332,0.061919999999999996,0.08847663043969052,14,3,0.4975168316904251
2021-04-26,Materials,0.0,0.04404,0.052658034956521896,1,1,0.03625384938440364
2021-04-26,RealEstate,0.0636,0.15566,0.052850692138664626,7,4,0.5679499810286353
2021-04-26,Tech,0.10218,0.0925823076923077,0.07951328896951922,15,3,0.43191496892369813
2021-04-26,Utilities,0.11396999999999999,0.05464,0.09429593242617239,5,3,0.35117808823808755
2021-04-27,Comm,0.031104444444444445,-0.03693666666666666,0.06667912458976563,11,3,0.25925980201965687
2021-04-27,Consumer,0.034887714285714286,0.1505521568627451,0.11037556304263607,22,4,0.42305997122735833
2021-04-27,Energy,0.039466666666666664,-0.015539999999999993,0.03950608198796006,5,3,0.2873275267402535
2021-04-27,Financials,0.17128085714285718,0.22928833333333337,0.14613926826400475,16,4,0.598938721418386
2021-04-27,Healthcare,0.22128166666666668,0.241355,0.1093593840295309,14,5,0.6347628542257148
2021-04-27,Industrials,0.12682906746031747,0.06953333333333332,0.08675451252093078,52,4,0.682807502668168
2021-04-27,Materials,0.0684,0.0,0.04787094086956535,5,2,0.24312329185713755
2021-04-27,RealEstate,0.0,0.0636,0.053827901944240565,0,0,0.0
2021-04-27,Tech,0.147788,0.10218,0.08157389906319928,8,4,0.3648473060595861
2021-04-27,Utilities,0.04525,0.11396999999999999,0.09608448402379308,4,3,0.2936912191374818
2021-04-28,Comm,0.21570666666666666,0.031104444444444445,0.06344506275837278,10,4,0.4117451032206606
2021-04-28,Consumer,0.16601349999999998,0.034887714285714286,0.10351303133746137,18,5,0.6302942278541545
2021-04-28,Energy,0.23017600000000002,0.039466666666666664,0.03950249877693338,8,3,0.34052415232228034
2021-04-28,Financials,0.04529999999999999,0.17128085714285718,0.1484248672529913,15,4,0.6022476327245933
2021-04-28,Healthcare,0.1388272380952381,0.22128166666666668,0.11953413699654322,32,5,0.42595773556344574
2021-04-28,Industrials,-0.017862315789473678,0.12682906746031747,0.09039765387905684,31,5,0.46443085576683774
2021-04-28,Materials,0.11148,0.0684,0.049737218972332145,1,1,0.03625384938440364
2021-04-28,RealEstate,0.13888,0.0,0.04893445631294597,7,3,0.3885973554406451
2021-04-28,Tech,0.061484155844155855,0.147788,0.08759336278472661,26,4,0.6111552749559688
2021-04-28,Utilities,0.10695999999999999,0.04525,0.09146316729435734,4,3,0.2936912191374818
2021-04-29,Comm,0.150757,0.21570666666666666,0.07728702675003588,12,4,0.5692896292448896
2021-04-29,Consumer,0.09932466666666666,0.16601349999999998,0.10919489212496487,13,4,0.6135206481638334
2021-04-29,Energy,0.12039333333333332,0.23017600000000002,0.05683645343357581,8,3,0.4643511168031096
2021-04-29,Financials,0.16775,0.04529999999999999,0.13904987932090118,11,3,0.4781903015029227
2021-04-29,Healthcare,0.20279723809523809,0.1388272380952381,0.12128805527824275,35,5,0.5627048021113543
2021-04-29,Industrials,0.005193461538461541,-0.017862315789473678,0.08055583845464497,21,5,0.4548554456776642
2021-04-29,Materials,0.019733333333333332,0.11148,0.055350199065756486,4,2,0.1762147314824891
2021-04-29,RealEstate,0.11534200000000001,0.13888,0.05711132392085997,14,4,0.5578219021983555
2021-04-29,Tech,0.12114857142857142,0.061484155844155855,0.085219798517402,12,4,0.4364553824210819
2021-04-29,Utilities,0.04019,0.10695999999999999,0.09287197026759758,2,1,0.06593599079287214
2021-04-30,Comm,0.10788666666666666,0.150757,0.08396611522730534,10,3,0.3759411812014728
2021-04-30,Consumer,0.08240666666666666,0.09932466666666666,0.1082975989014832,23,4,0.6845523907073057
2021-04-30,Energy,0.21352785714285716,0.12039333333333332,0.06261435160628104,33,5,0.4780301359152132
2021-04-30,Financials,0.06891499999999999,0.16775,0.14165898120081927,12,3,0.5237464589052984
2021-04-30,Healthcare,0.17153907692307693,0.20279723809523809,0.1286979809888787,23,5,0.510909833064477
2021-04-30,Industrials,0.043036000000000005,0.005193461538461541,0.07370471328044648,10,4,0.5086263039784631
2021-04-30,Materials,-0.04526,0.019733333333333332,0.05211230218099074,1,1,0.03625384938440364
2021-04-30,RealEstate,0.1698,0.11534200000000001,0.06240502174623634,5,3,0.2873275267402534
2021-04-30,Tech,-0.004823333333333335,0.12114857142857142,0.08848605060023558,8,2,0.2553931142417103
2021-04-30,Utilities,0.197405,0.04019,0.08808270024327053,10,5,0.6651267052026054
2021-05-03,Comm,0.15644666666666668,0.10788666666666666,0.08614071081270182,19,5,0.7930879805840994
2021-05-03,Consumer,0.07941866666666667,0.08240666666666666,0.10594387778922716,19,5,0.7589766695912349
2021-05-03,Energy,0.09553500000000001,0.21352785714285716,0.07633376120051523,12,4,0.5692896292448897
2021-05-03,Financials,0.22597499999999998,0.06891499999999999,0.13504589200074477,14,5,0.8003531640237274
2021-05-03,Healthcare,0.22702933333333336,0.17153907692307693,0.13259262607380579,17,5,0.8868416666078278
2021-05-03,Industrials,0.029850476190476188,0.043036000000000005,0.07091664843676952,15,5,0.6197040858470453
2021-05-03,Materials,0.02732,-0.04526,0.04326027470999159,5,3,0.35117808823808755
2021-05-03,RealEstate,0.22361,0.1698,0.07216820158748757,4,3,0.2936912191374818
2021-05-03,Tech,0.02965416666666667,-0.004823333333333335,0.0800033793335475,17,3,0.5125782109751665
2021-05-03,Utilities,0.1341,0.197405,0.09802109113024593,3,2,0.1624278110061505
2021-05-04,Comm,0.263486,0.15644666666666668,0.09253216134488043,10,4,0.5086263039784631
2021-05-04,Consumer,0.12166183333333333,0.07941866666666667,0.10353249495990349,18,4,0.6179355175040729
2021-05-04,Energy,0.06513757142857143,0.09553500000000001,0.07807932836410475,16,3,0.5456997239589739
2021-05-04,Financials,0.14647642857142856,0.22597499999999998,0.1433121745461316,20,5,0.7408938574424647
2021-05-04,Healthcare,0.18469,0.22702933333333336,0.14117778127921737,11,5,0.7420194333666041
2021-05-04,Industrials,0.100888,0.029850476190476188,0.06718336005074285,16,4,0.5224784591096558
2021-05-04,Materials,-0.012937500000000001,0.02732,0.04181115882726508,11,4,0.3211725905616644
2021-05-04,RealEstate,0.0,0.22361,0.08593563780680688,0,0,0.0
2021-05-04,Tech,-0.008705000000000001,0.02965416666666667,0.07542617818201287,8,3,0.3929124834487851
2021-05-04,Utilities,0.21564,0.1341,0.10130099193658722,4,3,0.2936912191374818
2021-05-05,Comm,0.13028800000000001,0.263486,0.10807341940443675,17,4,0.46950441173355584
2021-05-05,Consumer,0.029853333333333332,0.12166183333333333,0.10518061663021527,18,3,0.5433570929777194
2021-05-05,Energy,0.09801666666666667,0.06513757142857143,0.07690280500632898,12,4,0.6235076891729743
2021-05-05,Financials,0.05547799999999999,0.14647642857142856,0.1435998340029768,10,4,0.5086263039784631
2021-05-05,Healthcare,0.22193000000000002,0.18469,0.14513343752656124,8,5,0.6384827856042757
2021-05-05,Industrials,0.19239699999999998,0.100888,0.07024741822794804,25,5,0.7711661902181012
2021-05-05,Materials,0.17182,-0.012937500000000001,0.03683400802478643,1,1,0.03625384938440364
2021-05-05,RealEstate,0.0,0.0,0.07812330709709717,5,4,0.45151468487754115
2021-05-05,Tech,0.14187666666666668,-0.008705000000000001,0.06777788925637533,8,3,0.26883485709653715
2021-05-05,Utilities,0.04424,0.21564,0.11169544721507929,5,3,0.2873275267402535
2021-05-06,Comm,-0.006366666666666665,0.13028800000000001,0.11009292673130615,5,2,0.24312329185713755
2021-05-06,Consumer,0.13727833333333334,0.029853333333333332,0.0983326817850442,20,5,0.8726083209877918
2021-05-06,Energy,0.20032999999999998,0.09801666666666667,0.0788222469754506,10,4,0.4117451032206606
2021-05-06,Financials,0.083508,0.05547799999999999,0.13558875818452437,11,4,0.5004317108751516
2021-05-06,Healthcare,0.0,0.22193000000000002,0.15211494320596478,5,2,0.185917811420164
2021-05-06,Industrials,0.19809000000000002,0.19239699999999998,0.08135192566177094,8,4,0.5675402538704672
2021-05-06,Materials,0.12442,0.17182,0.04910546184071494,5,4,0.45151468487754115
2021-05-06,RealEstate,-0.0121,0.0,0.07102118827008834,2,1,0.06593599079287214
2021-05-06,Tech,0.11095,0.14187666666666668,0.07451414174821999,6,3,0.4192834728526787
2021-05-06,Utilities,0.0,0.04424,0.10556313383189024,1,1,0.03625384938440364
2021-05-07,Comm,0.08235333333333333,-0.006366666666666665,0.09950569096785407,8,4,0.5675402538704672
2021-05-07,Consumer,-0.06119,0.13727833333333334,0.10187319556216139,9,3,0.4097623639639484
2021-05-07,Energy,-0.037505,0.20032999999999998,0.08986840634131872,6,2,0.2515700837116072
2021-05-07,Financials,0.03286333333333333,0.083508,0.13085414380411303,10,4,0.5764431445089249
2021-05-07,Healthcare,0.068,0.0,0.1382863120054225,2,2,0.13187198158574429
2021-05-07,Industrials,0.03246857142857143,0.19809000000000002,0.09196447787433723,9,3,0.2651403531531431
2021-05-07,Materials,0.0,0.12442,0.05595223803701358,0,0,0.0
2021-05-07,RealEstate,0.0,-0.0121,0.06346471660917122,0,0,0.0
2021-05-07,Tech,0.15118666666666666,0.11095,0.07782649249838182,8,3,0.3929124834487851
2021-05-07,Utilities,0.11383999999999998,0.0,0.0959664853017184,4,3,0.2936912191374818
2021-05-10,Comm,-0.11144033333333334,0.08235333333333333,0.09794638572835218,14,5,0.7080047220209895
2021-05-10,Consumer,0.09880000000000001,-0.06119,0.08704926869287398,16,5,0.7673902368173071
2021-05-10,Energy,0.11302133333333333,-0.037505,0.07828900576483519,28,5,0.7889907826730075
2021-05-10,Financials,0.043842000000000006,0.03286333333333333,0.12194588830676942,9,3,0.4097623639639484
2021-05-10,Healthcare,0.08046266666666667,0.068,0.13189664727765682,13,5,0.6953234012523447
2021-05-10,Industrials,0.19173,0.03246857142857143,0.08655575910654033,7,4,0.49222331689148374
2021-05-10,Materials,0.15298,0.0,0.05086567094273962,5,4,0.45151468487754115
2021-05-10,RealEstate,0.0,0.0,0.057695196917428374,0,0,0.0
2021-05-10,Tech,0.07957333333333334,0.15118666666666666,0.08449559924095316,7,3,0.3885973554406451
2021-05-10,Utilities,0.3546714285714286,0.11383999999999998,0.09759135027428947,10,4,0.3325633526013029
2021-05-11,Comm,0.20482,-0.11144033333333334,0.07891122945001713,15,5,0.8384231749695317
2021-05-11,Consumer,0.03266299999999999,0.09880000000000001,0.0881175169935218,17,5,0.8868416666078278
2021-05-11,Energy,-0.042772000000000004,0.11302133333333333,0.08144649008924412,17,4,0.7072281645100398
2021-05-11,Financials,0.0022799999999999986,0.043842000000000006,0.11484553482433583,5,3,0.35117808823808755
2021-05-11,Healthcare,0.08038,0.08046266666666667,0.12722083085847588,3,3,0.27071301834358413
2021-05-11,Industrials,0.04725750000000001,0.19173,0.09611705373321848,13,3,0.40635783190072094
2021-05-11,Materials,0.06808,0.15298,0.06014879176612693,2,1,0.06593599079287214
2021-05-11,RealEstate,0.059199999999999996,0.0,0.05245017901584398,1,1,0.03625384938440364
2021-05-11,Tech,0.0018399999999999992,0.07957333333333334,0.08404812052207863,13,4,0.6657351714118194
2021-05-11,Utilities,0.0,0.3546714285714286,0.12096226648312029,0,0,0.0
2021-05-12,Comm,0.08715,0.20482,0.09035748131819739,13,5,0.6385623072725615
2021-05-12,Consumer,0.009050000000000002,0.03266299999999999,0.08307619726683799,11,4,0.6520776838676219
2021-05-12,Energy,0.08828666666666667,-0.042772000000000004,0.07015390008113101,13,4,0.5903689255916134
2021-05-12,Financials,0.03330333333333334,0.0022799999999999986,0.10461230438575986,15,4,0.7501681039201075
2021-05-12,Healthcare,0.4131600000000001,0.08038,0.12296257350770534,5,4,0.45151468487754115
2021-05-12,Industrials,0.08220857142857144,0.04725750000000001,0.09167527612110771,13,5,0.5303314077348392
2021-05-12,Materials,0.09878,0.06808,0.060869810696479024,1,1,0.03625384938440364
2021-05-12,RealEstate,0.13957999999999998,0.059199999999999996,0.053063799105312705,2,2,0.13187198158574429
2021-05-12,Tech,0.13212000000000002,0.0018399999999999992,0.07657465502007148,4,3,0.2936912191374818
2021-05-12,Utilities,0.22677999999999998,0.0,0.10996569680283663,4,3,0.2936912191374818
2021-05-13,Comm,0.0,0.08715,0.09006589210745217,1,1,0.03625384938440364
2021-05-13,Consumer,0.231862,0.009050000000000002,0.07634654296985272,16,3,0.3897855171135528
2021-05-13,Energy,0.0,0.08828666666666667,0.07180233340708879,6,3,0.3593858338737245
2021-05-13,Financials,0.10682,0.03330333333333334,0.09812967065372107,9,4,0.5879199135134913
2021-05-13,Healthcare,-0.017186666666666663,0.4131600000000001,0.1493441577342776,9,3,0.4662813107175965
2021-05-13,Industrials,0.07377,0.08220857142857144,0.0908146666036044,13,3,0.297995743393862
2021-05-13,Materials,0.0,0.09878,0.06431619154225365,2,1,0.06593599079287214
2021-05-13,RealEstate,0.0,0.13957999999999998,0.060928908277557,3,3,0.27071301834358413
2021-05-13,Tech,-0.02023,0.13212000000000002,0.08162423183642861,5,4,0.45151468487754115
2021-05-13,Utilities,0.07636,0.22677999999999998,0.12058517891166967,2,2,0.13187198158574429
2021-05-14,Comm,0.0,0.0,0.08187808373404742,2,2,0.13187198158574429
2021-05-14,Consumer,-0.02414807971014492,0.231862,0.09048431179077521,36,4,0.4274034405255261
2021-05-14,Energy,-0.017033333333333334,0.0,0.0652748485518989,6,3,0.3593858338737245
2021-05-14,Financials,0.06492833333333334,0.10682,0.09891970059429187,15,4,0.6578397218991708
2021-05-14,Healthcare,0.13678,-0.017186666666666663,0.13420499187964627,6,4,0.4192834728526787
2021-05-14,Industrials,0.030299999999999994,0.07377,0.08926515145782218,7,2,0.2953339901348903
2021-05-14,Materials,0.059199999999999996,0.0,0.05846926503841241,2,2,0.13187198158574429
2021-05-14,RealEstate,0.0,0.0,0.05538991661596091,0,0,0.0
2021-05-14,Tech,0.08216,-0.02023,0.0723647562149351,9,3,0.32980873197098287
2021-05-14,Utilities,0.10212000000000002,0.07636,0.11656470810151787,1,1,0.03625384938440364
2021-05-17,Comm,0.00817589743589744,0.0,0.07443462157640675,40,5,0.41761442814500155
2021-05-17,Consumer,0.030628854489164088,-0.02414807971014492,0.08006318529069155,39,4,0.4642371887318998
2021-05-17,Energy,0.18345533333333336,-0.017033333333333334,0.05779228656233233,14,4,0.5578219021983555
2021-05-17,Financials,0.31721857142857146,0.06492833333333334,0.0958295762978411,18,5,0.7162434407433574
2021-05-17,Healthcare,0.123194,0.13678,0.13443908352695116,13,5,0.6657351714118194
2021-05-17,Industrials,0.15174142857142858,0.030299999999999994,0.0839046831434747,11,4,0.3912466103205731
2021-05-17,Materials,0.11369599999999999,0.059199999999999996,0.05853569548946582,6,2,0.1935154490089286
2021-05-17,RealEstate,0.0,0.0,0.050354469650873555,1,1,0.03625384938440364
2021-05-17,Tech,0.030506666666666665,0.08216,0.07325523292266828,5,2,0.24312329185713755
2021-05-17,Utilities,0.05464,0.10212000000000002,0.1152515528195617,3,2,0.1624278110061505
2021-05-18,Comm,0.0013776666666666631,0.00817589743589744,0.0684111011999968,32,5,0.46257853635849316
2021-05-18,Consumer,0.11670035714285713,0.030628854489164088,0.07556915521782541,39,4,0.35647755992895
2021-05-18,Energy,-0.011774999999999999,0.18345533333333336,0.0692161999051506,8,2,0.31924139280213787
2021-05-18,Financials,0.17260166666666665,0.31721857142857146,0.11595584858245296,8,3,0.3929124834487851
2021-05-18,Healthcare,0.06572,0.123194,0.13341680320631927,6,3,0.4192834728526787
2021-05-18,Industrials,0.007116,0.15174142857142858,0.09007166000056141,11,5,0.6148161019323292
2021-05-18,Materials,0.05904,0.11369599999999999,0.06355026862678712,5,3,0.2873275267402535
2021-05-18,RealEstate,0.0,0.0,0.04577679059170323,1,1,0.03625384938440364
2021-05-18,Tech,0.14354,0.030506666666666665,0.06936899962666812,3,2,0.1624278110061505
2021-05-18,Utilities,0.07224,0.05464,0.109741411654147,2,2,0.13187198158574429
2021-05-19,Comm,0.02379,0.0013776666666666631,0.062317152606057705,21,3,0.43222582151459643
2021-05-19,Consumer,0.082607,0.11670035714285713,0.0793083553928283,23,5,0.4240344768348897
2021-05-19,Energy,-0.047685,-0.011774999999999999,0.06185336355013691,6,2,0.2515700837116072
2021-05-19,Financials,0.15763666666666667,0.17260166666666665,0.12110546840829055,10,3,0.5086263039784631
2021-05-19,Healthcare,-0.068,0.06572,0.12726254836938114,2,2,0.13187198158574429
2021-05-19,Industrials,0.029969999999999997,0.007116,0.08253023636414675,6,2,0.2515700837116072
2021-05-19,Materials,-0.08038,0.05904,0.0631402442061701,2,2,0.13187198158574429
2021-05-19,RealEstate,0.0,0.0,0.04161526417427566,1,1,0.03625384938440364
2021-05-19,Tech,-0.11640857142857144,0.14354,0.07611181784242557,15,3,0.43191496892369824
2021-05-19,Utilities,0.13816,0.07224,0.10633219241286089,1,1,0.03625384938440364
2021-05-20,Comm,0.109577,0.02379,0.05881468418732518,17,5,0.7869158450182133
2021-05-20,Consumer,0.213855,0.082607,0.07960823217529846,22,5,0.7837012581752703
2021-05-20,Energy,0.04046,-0.047685,0.05189533050012446,2,2,0.13187198158574429
2021-05-20,Financials,0.06271666666666667,0.15763666666666667,0.1244264864317793,11,3,0.43915435852309226
2021-05-20,Healthcare,0.07164666666666666,-0.068,0.10951140760852829,6,2,0.2795223152351191
2021-05-20,Industrials,0.13894,0.029969999999999997,0.07775203305831521,3,3,0.27071301834358413
2021-05-20,Materials,0.0,-0.08038,0.05009294927833645,3,2,0.1624278110061505
2021-05-20,RealEstate,0.0,0.0,0.0378320583402506,0,0,0.0
2021-05-20,Tech,0.13196466666666667,-0.11640857142857144,0.05860996427233493,14,4,0.6817823249091012
2021-05-20,Utilities,0.19334999999999997,0.13816,0.10922562946623718,7,5,0.6712136139429324
2021-05-21,Comm,0.21222285714285713,0.109577,0.06342944017029561,14,5,0.5938104120176041
2021-05-21,Consumer,0.09479619047619046,0.213855,0.09181248379572586,15,4,0.5701277589792815
2021-05-21,Energy,0.02989,0.04046,0.05085575500011315,10,4,0.5086263039784631
2021-05-21,Financials,-0.0015766666666666694,0.06271666666666667,0.11881650281676906,11,4,0.6520776838676219
2021-05-21,Healthcare,0.24296,0.07164666666666666,0.10606915843199542,7,5,0.6712136139429324
2021-05-21,Industrials,0.16063,0.13894,0.0833145755075593,4,2,0.2202684143531114
2021-05-21,Materials,0.03182,0.0,0.04553904479848768,2,1,0.06593599079287214
2021-05-21,RealEstate,0.0,0.0,0.03439278030931873,0,0,0.0
2021-05-21,Tech,0.22671999999999998,0.13196466666666667,0.06527857358091053,5,4,0.45151468487754115
2021-05-21,Utilities,0.12738,0.19334999999999997,0.11687329951476107,3,3,0.27071301834358413
2021-05-24,Comm,-0.015649999999999997,0.21222285714285713,0.07695611444052848,15,5,0.3996222609667862
2021-05-24,Consumer,0.1670268888888889,0.09479619047619046,0.09208372985758628,32,5,0.757258196557237
2021-05-24,Energy,0.11589333333333333,0.02989,0.04894977727283013,13,5,0.8022962322142437
2021-05-24,Financials,0.031190000000000002,-0.0015766666666666694,0.1078716692273658,16,4,0.48149975643438875
2021-05-24,Healthcare,0.2500886666666667,0.24296,0.11851378039272312,13,4,0.6135206481638334
2021-05-24,Industrials,0.145455,0.16063,0.09034325046141753,7,3,0.351588083493917
2021-05-24,Materials,0.08449999999999999,0.03182,0.04429185890771607,5,4,0.45151468487754115
2021-05-24,RealEstate,0.04632,0.0,0.03126616391756248,4,2,0.2202684143531114
2021-05-24,Tech,0.20259,0.22671999999999998,0.07995506689173684,9,3,0.4662813107175965
2021-05-24,Utilities,0.16822,0.12738,0.11782845410432823,5,3,0.2873275267402535
2021-05-25,Comm,0.25390999999999997,-0.015649999999999997,0.06853737676411681,13,4,0.30378206850830597
2021-05-25,Consumer,0.1364838888888889,0.1670268888888889,0.09889674431497743,15,4,0.43191496892369824
2021-05-25,Energy,0.13534277777777776,0.11589333333333333,0.05503555509651224,15,4,0.43191496892369824
2021-05-25,Financials,0.12618666666666667,0.031190000000000002,0.10090060838851436,14,3,0.5414153756631097
2021-05-25,Healthcare,0.17548,0.2500886666666667,0.13047513369035432,6,4,0.5031401674232144
2021-05-25,Industrials,0.0,0.145455,0.09535340951037959,2,2,0.13187198158574429
2021-05-25,Materials,0.08038,0.08449999999999999,0.047947144461560065,3,3,0.27071301834358413
2021-05-25,RealEstate,0.23349000000000003,0.04632,0.03263469447051134,3,2,0.1624278110061505
2021-05-25,Tech,-0.028803999999999996,0.20259,0.09110369717430623,12,3,0.422376176536531
2021-05-25,Utilities,0.05464,0.16822,0.12240950373120749,1,1,0.03625384938440364
2021-05-26,Comm,0.04462857142857143,0.25390999999999997,0.08538943342192437,9,3,0.26514035315314305
2021-05-26,Consumer,0.07906878787878788,0.1364838888888889,0.10231375745806029,21,4,0.5202238929606818
2021-05-26,Energy,0.309022,0.13534277777777776,0.06233621170390001,19,5,0.6596713109531295
2021-05-26,Financials,-0.016735000000000014,0.12618666666666667,0.1031993409592555,10,4,0.5764431445089249
2021-05-26,Healthcare,0.0,0.17548,0.1345664851730494,6,3,0.3593858338737245
2021-05-26,Industrials,0.03629666666666666,0.0,0.0866849177367087,7,3,0.4343146913748387
2021-05-26,Materials,0.0,0.08038,0.05089558587414551,2,2,0.13187198158574429
2021-05-26,RealEstate,0.0,0.23349000000000003,0.05089426770046486,3,3,0.27071301834358413
2021-05-26,Tech,0.26042,-0.028803999999999996,0.08020299743118749,6,4,0.5031401674232144
2021-05-26,Utilities,0.0743,0.05464,0.11624863975564317,2,1,0.06593599079287214
2021-05-27,Comm,0.139106,0.04462857142857143,0.08168390051343773,14,5,0.6574329561623474
2021-05-27,Consumer,0.2477575,0.07906878787878788,0.10020057840539916,20,5,0.7699485185186395
2021-05-27,Energy,0.06648133333333332,0.309022,0.08476219245809091,14,3,0.3346931413190133
2021-05-27,Financials,0.009452499999999997,-0.016735000000000014,0.09229621905386862,14,4,0.4720031480139931
2021-05-27,Healthcare,0.15024333333333334,0.0,0.12233316833913581,10,4,0.6651267052026055
2021-05-27,Industrials,0.07439777777777777,0.03629666666666666,0.08210416763943215,15,4,0.4597804507897433
2021-05-27,Materials,0.14282,0.0,0.04626871443104137,3,3,0.27071301834358413
2021-05-27,RealEstate,-0.01027,0.0,0.04626751609133169,2,1,0.06593599079287214
2021-05-27,Tech,0.18085199999999996,0.26042,0.09658636130107953,11,4,0.5004317108751516
2021-05-27,Utilities,0.14538,0.0743,0.1124351270505847,2,2,0.13187198158574429
2021-05-28,Comm,0.4097436666666667,0.139106,0.08690409137585248,15,5,0.7774469440626567
2021-05-28,Consumer,0.34120666666666666,0.2477575,0.11361484400490833,11,5,0.6941472118590813
2021-05-28,Energy,-0.025832000000000004,0.06648133333333332,0.08310029617402205,12,4,0.5692896292448896
2021-05-28,Financials,0.20167666666666667,0.009452499999999997,0.08476497186715329,11,5,0.860742542705261
2021-05-28,Healthcare,0.06472666666666667,0.15024333333333334,0.12487045606588103,4,2,0.1762147314824891
2021-05-28,Industrials,0.07224,0.07439777777777777,0.08140358674291812,4,4,0.4405368287062228
2021-05-28,Materials,0.08954,0.14282,0.05504610402821943,5,3,0.35117808823808755
2021-05-28,RealEstate,0.20112000000000002,-0.01027,0.04112774190121062,2,2,0.13187198158574429
2021-05-28,Tech,0.11633,0.18085199999999996,0.1042468739100723,12,4,0.654683073631623
2021-05-28,Utilities,0.05464,0.14538,0.11543011550053153,2,1,0.06593599079287214
2021-06-01,Comm,0.154908,0.4097436666666667,0.1162531436750174,11,2,0.2130550848280349
2021-06-01,Consumer,0.25186628205128203,0.34120666666666666,0.13430500970143183,27,5,0.633805600430424
2021-06-01,Energy,0.08505438095238096,-0.025832000000000004,0.07319736015820186,35,5,0.5627048021113543
2021-06-01,Financials,0.07843955555555555,0.20167666666666667,0.09539330775801814,18,4,0.5433570929777193
2021-06-01,Healthcare,0.16207066666666664,0.06472666666666667,0.11940283884777063,28,5,0.570146623975385
2021-06-01,Industrials,0.14226,0.07224,0.08057053340265283,9,4,0.5408863204324119
2021-06-01,Materials,0.07872,0.08954,0.05818191275292676,4,2,0.1762147314824891
2021-06-01,RealEstate,0.0797,0.20112000000000002,0.055672492637464197,5,3,0.35117808823808755
2021-06-01,Tech,0.056664000000000006,0.11633,0.10534533991824753,9,3,0.4097623639639484
2021-06-01,Utilities,0.12061,0.05464,0.10990374136411955,4,3,0.2936912191374818
2021-06-02,Comm,0.12601,0.154908,0.1197672215227431,8,5,0.5107862284834206
2021-06-02,Consumer,0.15471809523809524,0.25186628205128203,0.14499239809687275,15,5,0.6382027152753152
2021-06-02,Energy,0.13728400000000002,0.08505438095238096,0.07427527113949087,21,4,0.5991544146512682
2021-06-02,Financials,0.16560400000000003,0.07843955555555555,0.09385205755779427,17,5,0.7449469999505752
2021-06-02,Healthcare,0.15079,0.16207066666666664,0.12328173228585208,6,4,0.5031401674232144
2021-06-02,Industrials,0.04078,0.14226,0.08617866672968438,2,2,0.13187198158574429
2021-06-02,Materials,0.0,0.07872,0.06004901159356977,2,1,0.06593599079287214
2021-06-02,RealEstate,0.11438,0.0797,0.05785681148860381,1,1,0.03625384938440364
2021-06-02,Tech,0.10558666666666668,0.056664000000000006,0.10091976356204321,9,4,0.5879199135134913
2021-06-02,Utilities,0.26078,0.12061,0.11087703760374505,3,3,0.27071301834358413
2021-06-03,Comm,0.0027133333333333306,0.12601,0.12033474683885736,4,2,0.1762147314824891
2021-06-03,Consumer,0.24860000000000002,0.15471809523809524,0.1458765523824384,12,5,0.8729107648421642
2021-06-03,Energy,0.22661000000000003,0.13728400000000002,0.08000333739953715,12,5,0.5692896292448897
2021-06-03,Financials,-0.005325000000000002,0.16560400000000003,0.1003749614161766,12,5,0.7702153807430859
2021-06-03,Healthcare,0.17524,0.15079,0.12578248389622917,14,5,0.6817823249091012
2021-06-03,Industrials,0.19268833333333332,0.04078,0.08205151520880398,9,4,0.5008206670670481
2021-06-03,Materials,0.16076,0.0,0.05459001053960888,5,4,0.45151468487754115
2021-06-03,RealEstate,0.10102,0.11438,0.062995283171458,3,3,0.27071301834358413
2021-06-03,Tech,0.049510000000000005,0.10558666666666668,0.10134402748064533,8,3,0.4643511168031096
2021-06-03,Utilities,0.0,0.26078,0.12450457963976824,5,4,0.45151468487754115
2021-06-04,Comm,0.295435,0.0027133333333333306,0.1096418910656279,11,5,0.7420194333666041
2021-06-04,Consumer,0.11211533333333334,0.24860000000000002,0.15521504762039856,18,5,0.8080695228899415
2021-06-04,Energy,0.0,0.22661000000000003,0.09333121581776103,6,3,0.3593858338737245
2021-06-04,Financials,0.27615,-0.005325000000000002,0.09076587401470601,8,4,0.5675402538704672
2021-06-04,Healthcare,-0.01202,0.17524,0.1302786217238447,2,2,0.13187198158574429
2021-06-04,Industrials,0.13876,0.19268833333333332,0.09210940776557937,9,4,0.5879199135134913
2021-06-04,Materials,0.0,0.16076,0.0642418277632808,2,1,0.06593599079287214
2021-06-04,RealEstate,0.059199999999999996,0.10102,0.06645207561041637,1,1,0.03625384938440364
2021-06-04,Tech,0.090086,0.049510000000000005,0.09663184316422302,8,3,0.34052415232228034
2021-06-04,Utilities,0.12493000000000001,0.0,0.11318598149069839,2,1,0.06593599079287214
2021-06-07,Comm,0.2459111111111111,0.295435,0.12653217369602537,16,5,0.5115934912115381
2021-06-07,Consumer,0.08687416666666667,0.11211533333333334,0.1512968917761199,24,5,0.705258846542919
2021-06-07,Energy,-0.2298,0.0,0.08484655983432822,13,5,0.8939872301815861
2021-06-07,Financials,0.21601809523809523,0.27615,0.10761897637700546,16,5,0.6821246549487173
2021-06-07,Healthcare,0.08859999999999998,-0.01202,0.11734238338531336,7,5,0.5679499810286351
2021-06-07,Industrials,0.23135500000000003,0.13876,0.09635037069598125,7,4,0.3885973554406451
2021-06-07,Materials,0.08467,0.0,0.058401661602982546,9,4,0.5008206670670481
2021-06-07,RealEstate,0.09329000000000001,0.059199999999999996,0.06579279600946943,2,1,0.06593599079287214
2021-06-07,Tech,0.215326,0.090086,0.09603676651293003,19,4,0.6475672502016959
2021-06-07,Utilities,0.0,0.12493000000000001,0.11425361953699853,0,0,0.0
2021-06-08,Comm,0.2827266666666667,0.2459111111111111,0.13738480437012407,7,4,0.49222331689148385
2021-06-08,Consumer,0.05634866666666667,0.08687416666666667,0.14544028040253323,17,4,0.5643537878413449
2021-06-08,Energy,0.14079999999999998,-0.2298,0.05624232712211656,4,3,0.2936912191374818
2021-06-08,Financials,0.14422666666666667,0.21601809523809523,0.11747344172801362,8,4,0.5675402538704672
2021-06-08,Healthcare,0.09878,0.08859999999999998,0.11472943944119396,4,4,0.4405368287062228
2021-06-08,Industrials,0.056909999999999995,0.23135500000000003,0.1086235188145284,5,3,0.35117808823808755
2021-06-08,Materials,0.07224,0.08467,0.06078969236634777,5,3,0.2873275267402534
2021-06-08,RealEstate,0.0,0.09329000000000001,0.06829254182679037,0,0,0.0
2021-06-08,Tech,0.15052000000000001,0.215326,0.10688124228448184,2,2,0.13187198158574429
2021-06-08,Utilities,0.12498000000000001,0.0,0.10386692685181684,5,3,0.2873275267402535
2021-06-09,Comm,0.0,0.2827266666666667,0.15059770094253702,2,1,0.06593599079287214
2021-06-09,Consumer,0.07265999999999999,0.05634866666666667,0.13734104279018172,9,3,0.40976236396394844
2021-06-09,Energy,0.06250599999999999,0.14079999999999998,0.06392938829283323,11,2,0.2130550848280349
2021-06-09,Financials,0.14803700000000003,0.14422666666666667,0.11990555308607298,11,3,0.4781903015029227
2021-06-09,Healthcare,-0.016589090909090907,0.09878,0.11327949040108543,16,4,0.3777921165869819
2021-06-09,Industrials,0.09079000000000001,0.056909999999999995,0.10392228983138944,10,4,0.4117451032206606
2021-06-09,Materials,0.0,0.07224,0.06183062942395251,1,1,0.03625384938440364
2021-06-09,RealEstate,0.0,0.0,0.0620841289334458,3,2,0.1624278110061505
2021-06-09,Tech,0.16423000000000001,0.15052000000000001,0.11084840207680166,5,4,0.45151468487754115
2021-06-09,Utilities,0.05464,0.12498000000000001,0.10578629713801531,2,2,0.13187198158574429
2021-06-10,Comm,0.06415371428571429,0.0,0.13690700085685184,16,5,0.6139121894538456
2021-06-10,Consumer,0.061589500000000005,0.07265999999999999,0.13146094799107427,20,5,0.7408938574424647
2021-06-10,Energy,0.12267000000000002,0.06250599999999999,0.06379998935712113,9,5,0.5879199135134913
2021-06-10,Financials,0.10994666666666668,0.14803700000000003,0.12246295735097543,13,4,0.5903689255916134
2021-06-10,Healthcare,0.12728,-0.016589090909090907,0.10147325573652392,10,4,0.6651267052026055
2021-06-10,Industrials,0.07757333333333334,0.09079000000000001,0.10272844530126313,8,4,0.5107862284834206
2021-06-10,Materials,0.0,0.0,0.05620966311268409,1,1,0.03625384938440364
2021-06-10,RealEstate,0.15928,0.0,0.05644011721222345,5,5,0.6321205588285576
2021-06-10,Tech,0.11970750000000001,0.16423000000000001,0.11570127461527424,18,4,0.6302942278541545
2021-06-10,Utilities,0.0,0.05464,0.10113663376183209,1,1,0.03625384938440364
2021-06-11,Comm,0.11789666666666668,0.06415371428571429,0.13029306571402116,8,2,0.2553931142417103
2021-06-11,Consumer,0.026685000000000004,0.061589500000000005,0.12510899817370388,13,5,0.8022962322142437
2021-06-11,Energy,0.033855,0.12267000000000002,0.06915180850647375,7,3,0.351588083493917
2021-06-11,Financials,0.13820666666666664,0.10994666666666668,0.121325112743311,5,2,0.24312329185713755
2021-06-11,Healthcare,0.02825833333333333,0.12728,0.10381932339683993,9,4,0.5008206670670481
2021-06-11,Industrials,0.2827,0.07757333333333334,0.10044161694054225,5,3,0.35117808823808755
2021-06-11,Materials,0.0,0.0,0.05109969373880373,2,2,0.13187198158574429
2021-06-11,RealEstate,0.0,0.15928,0.06578919746565767,2,1,0.06593599079287214
2021-06-11,Tech,-0.0059849999999999955,0.11970750000000001,0.11606547692297657,7,4,0.3885973554406451
2021-06-11,Utilities,0.0,0.0,0.09194239432893826,2,2,0.13187198158574429
2021-06-14,Comm,0.10092666666666668,0.11789666666666668,0.12916612034607983,10,4,0.48036928709077076
2021-06-14,Consumer,0.15620126984126986,0.026685000000000004,0.11616136197609446,21,5,0.6161517030101694
2021-06-14,Energy,0.20434800000000003,0.033855,0.06594300773315795,16,5,0.7673902368173071
2021-06-14,Financials,0.022173333333333333,0.13820666666666664,0.12285979946361607,11,4,0.6520776838676219
2021-06-14,Healthcare,0.14745833333333333,0.02825833333333333,0.09695014248197568,14,5,0.8367328532975332
2021-06-14,Industrials,0.06364,0.2827,0.11701056085503839,5,3,0.35117808823808755
2021-06-14,Materials,0.20373999999999998,0.0,0.046454267035276116,4,3,0.2936912191374818
2021-06-14,RealEstate,-0.01544,0.0,0.05980836133241607,2,2,0.13187198158574429
2021-06-14,Tech,-0.013044,-0.0059849999999999955,0.10496997902088778,11,4,0.5004317108751516
2021-06-14,Utilities,0.141205,0.0,0.08358399484448933,7,3,0.351588083493917
2021-06-15,Comm,0.09738,0.10092666666666668,0.126598897284315,8,5,0.6384827856042757
2021-06-15,Consumer,0.19162466666666667,0.15620126984126986,0.1198013536002013,12,4,0.6235076891729743
2021-06-15,Energy,0.23552933333333334,0.20434800000000003,0.07852527975741631,13,4,0.49665957232310337
2021-06-15,Financials,0.18226,0.022173333333333333,0.11370648436086309,10,5,0.6651267052026054
2021-06-15,Healthcare,0.15709,0.14745833333333333,0.10154179619573547,5,3,0.35117808823808755
2021-06-15,Industrials,-0.009253333333333332,0.06364,0.11215869168639854,7,3,0.3885973554406451
2021-06-15,Materials,0.0,0.20373999999999998,0.060752970032069184,1,1,0.03625384938440364
2021-06-15,RealEstate,-0.059199999999999996,-0.01544,0.05296760121128734,2,2,0.13187198158574429
2021-06-15,Tech,0.0,-0.013044,0.09424143547353435,5,3,0.35117808823808755
2021-06-15,Utilities,0.12498000000000001,0.141205,0.08882226804044484,1,1,0.03625384938440364
2021-06-16,Comm,0.22462,0.09738,0.12394263389483182,12,4,0.7274256373684701
2021-06-16,Consumer,0.09042457142857144,0.19162466666666667,0.1263307456971527,20,5,0.7551418162394351
2021-06-16,Energy,0.229142,0.23552933333333334,0.09279837553704515,14,5,0.7080047220209896
2021-06-16,Financials,0.01782333333333333,0.18226,0.11993862214623915,12,5,0.7702153807430859
2021-06-16,Healthcare,0.0,0.15709,0.10659163290521405,3,2,0.1624278110061505
2021-06-16,Industrials,0.190915,-0.009253333333333332,0.10112123486642291,6,3,0.2795223152351191
2021-06-16,Materials,0.0,0.0,0.055229972756426535,2,2,0.13187198158574429
2021-06-16,RealEstate,0.07893333333333333,-0.059199999999999996,0.04277054655571576,5,3,0.2873275267402535
2021-06-16,Tech,0.10911333333333333,0.0,0.08567403224866758,13,4,0.5689009646610094
2021-06-16,Utilities,0.0,0.12498000000000001,0.09210933458222258,2,2,0.13187198158574429
2021-06-17,Comm,0.23835,0.22462,0.13309512172257437,4,3,0.2936912191374818
2021-06-17,Consumer,0.07094500000000001,0.09042457142857144,0.12306654803637258,10,3,0.48036928709077065
2021-06-17,Energy,0.03200666666666667,0.229142,0.10519325048822284,11,4,0.55175804019568
2021-06-17,Financials,0.067701,0.01782333333333333,0.11065541407233863,19,5,0.8113198881837339
2021-06-17,Healthcare,0.07205333333333333,0.0,0.09690148445928551,6,4,0.4192834728526787
2021-06-17,Industrials,0.0,0.190915,0.10928430442402082,6,3,0.3593858338737245
2021-06-17,Materials,0.035412,0.0,0.05020906614220594,9,4,0.4361986455100096
2021-06-17,RealEstate,0.09534000000000001,0.07893333333333333,0.04605807262640827,3,2,0.1624278110061505
2021-06-17,Tech,-0.01753755555555556,0.10911333333333333,0.08780487780181903,20,3,0.5530616118936709
2021-06-17,Utilities,0.08038,0.0,0.08373575871111141,1,1,0.03625384938440364
2021-06-18,Comm,0.0,0.23835,0.14266374702052215,4,3,0.2936912191374818
2021-06-18,Consumer,0.268815,0.07094500000000001,0.11832822548761142,15,5,0.8384231749695317
2021-06-18,Energy,0.09314,0.03200666666666667,0.09853992468626319,7,4,0.3885973554406451
2021-06-18,Financials,0.10187833333333333,0.067701,0.10675046733848967,14,4,0.472003148013993
2021-06-18,Healthcare,0.18343000000000004,0.07205333333333333,0.09464256162965348,6,3,0.3593858338737245
2021-06-18,Industrials,0.013140000000000002,0.0,0.09934936765820074,4,3,0.2936912191374818
2021-06-18,Materials,0.08879999999999999,0.035412,0.04886387831109631,4,3,0.2936912191374818
2021-06-18,RealEstate,0.09769000000000001,0.09534000000000001,0.050538247842189334,4,3,0.2936912191374818
2021-06-18,Tech,0.075038,-0.01753755555555556,0.07822829295114861,18,4,0.5946171960888249
2021-06-18,Utilities,0.0,0.08038,0.08343068973737401,1,1,0.03625384938440364
2021-06-21,Comm,0.17274,0.0,0.12969431547320195,8,3,0.3929124834487851
2021-06-21,Consumer,0.030614325396825393,0.268815,0.132008841352374,35,5,0.9167662506308583
2021-06-21,Energy,0.10162749999999998,0.09314,0.09804902244205745,25,5,0.6859544564923442
2021-06-21,Financials,0.03667666666666667,0.10187833333333333,0.10630754606529365,12,5,0.5455692280263525
2021-06-21,Healthcare,0.2815226666666667,0.18343000000000004,0.10271414693604863,12,4,0.5951664305742027
2021-06-21,Industrials,0.11195666666666666,0.013140000000000002,0.09151215241654612,14,3,0.48442428348804556
2021-06-21,Materials,0.026973333333333332,0.08879999999999999,0.05249443482826936,5,3,0.2873275267402535
2021-06-21,RealEstate,0.0,0.09769000000000001,0.054824770765626675,0,0,0.0
2021-06-21,Tech,0.10342250000000001,0.075038,0.077938266319226,18,4,0.5341476507238597
2021-06-21,Utilities,0.10058166666666665,0.0,0.07584608157943093,9,4,0.5008206670670481
2021-06-22,Comm,-0.10769999999999999,0.17274,0.13360755952109268,3,2,0.1624278110061505
2021-06-22,Consumer,-0.002868999999999999,0.030614325396825393,0.12279115808368776,13,5,0.6657351714118194
2021-06-22,Energy,0.053485000000000005,0.10162749999999998,0.09837433858368858,5,2,0.185917811420164
2021-06-22,Financials,-0.103095,0.03667666666666667,0.09997746611996391,12,4,0.654683073631623
2021-06-22,Healthcare,0.059199999999999996,0.2815226666666667,0.11896946691155937,2,2,0.13187198158574429
2021-06-22,Industrials,-0.11219000000000001,0.11195666666666666,0.09337074462110254,6,3,0.3593858338737245
2021-06-22,Materials,0.04215,0.026973333333333332,0.050174334692366096,3,2,0.1624278110061505
2021-06-22,RealEstate,-0.04046,0.0,0.04984070069602425,1,1,0.03625384938440364
2021-06-22,Tech,0.03564000000000001,0.10342250000000001,0.08025501483566,8,3,0.34052415232228034
2021-06-22,Utilities,0.0,0.10058166666666665,0.07809477113281599,0,0,0.0
2021-06-23,Comm,-0.003572666666666666,-0.10769999999999999,0.1116705086555388,17,4,0.6421956896125648
2021-06-23,Consumer,0.13532316666666666,-0.002868999999999999,0.11136750734880707,20,5,0.7408938574424647
2021-06-23,Energy,0.13546,0.053485000000000005,0.09429348962153508,12,4,0.5692896292448896
2021-06-23,Financials,0.15927,-0.103095,0.08151633283633082,13,4,0.5489395273044826
2021-06-23,Healthcare,0.13254000000000002,0.059199999999999996,0.1135358790105085,3,3,0.27071301834358413
2021-06-23,Industrials,0.04404,-0.11219000000000001,0.0746834042010023,5,3,0.35117808823808755
2021-06-23,Materials,0.0,0.04215,0.049444849720332806,0,0,0.0
2021-06-23,RealEstate,0.0,-0.04046,0.04163154608729477,0,0,0.0
2021-06-23,Tech,0.05453600000000001,0.03564000000000001,0.07619910439605454,9,3,0.4097623639639484
2021-06-23,Utilities,-0.05519,0.0,0.07099524648437816,3,2,0.1624278110061505
2021-06-24,Comm,-0.10990666666666668,-0.003572666666666666,0.10119385635352011,13,4,0.5903689255916134
2021-06-24,Consumer,0.18491,0.13532316666666666,0.11354529455952159,24,5,0.7516574548681111
2021-06-24,Energy,0.14267166666666667,0.13546,0.09803589965594098,11,5,0.6941472118590813
2021-06-24,Financials,0.16315452380952383,0.15927,0.08858484803302802,30,5,0.9255351783927838
2021-06-24,Healthcare,0.08786000000000001,0.13254000000000002,0.11526352637318955,6,3,0.4192834728526787
2021-06-24,Industrials,0.013486666666666666,0.04404,0.07189764018272936,7,3,0.3885973554406451
2021-06-24,Materials,0.07894,0.0,0.04494986338212073,4,4,0.4405368287062228
2021-06-24,RealEstate,-0.07636,0.0,0.03784686007935888,2,2,0.13187198158574429
2021-06-24,Tech,0.21494666666666667,0.05453600000000001,0.0742297312691405,14,4,0.613604092418191
2021-06-24,Utilities,0.21954,-0.05519,0.05952386044034379,3,2,0.1624278110061505
2021-06-25,Comm,0.03293,-0.10990666666666668,0.08200289971532132,6,3,0.4192834728526787
2021-06-25,Consumer,0.0969655,0.18491,0.12003299505411051,33,5,0.3583257196728535
2021-06-25,Energy,0.09781333333333334,0.14267166666666667,0.10209369665691603,7,2,0.2953339901348903
2021-06-25,Financials,-0.056832380952380954,0.16315452380952383,0.0953639094672549,17,4,0.6731448794734114
2021-06-25,Healthcare,0.09732600000000001,0.08786000000000001,0.1127722967028996,10,5,0.540415447977117
2021-06-25,Industrials,-0.0008599999999999997,0.013486666666666666,0.0665875516812691,6,3,0.3593858338737245
2021-06-25,Materials,0.030153333333333338,0.07894,0.048039875801927936,4,2,0.1762147314824891
2021-06-25,RealEstate,0.06369,-0.07636,0.027464418253962612,2,1,0.06593599079287214
2021-06-25,Tech,0.31194,0.21494666666666667,0.08702217994164288,4,3,0.2936912191374818
2021-06-25,Utilities,0.14192,0.21954,0.07407078221849435,1,1,0.03625384938440364
2021-06-28,Comm,0.193076,0.03293,0.07754172701392847,11,4,0.5004317108751516
2021-06-28,Consumer,0.08975714285714284,0.0969655,0.11793595004919137,27,5,0.7679443518442702
2021-06-28,Energy,-0.057014999999999996,0.09781333333333334,0.10170457271840852,11,5,0.6941472118590813
2021-06-28,Financials,0.039690666666666666,-0.056832380952380954,0.08152788306546983,17,5,0.7072281645100398
2021-06-28,Healthcare,0.17616,0.09732600000000001,0.11136808791172689,5,3,0.35117808823808755
2021-06-28,Industrials,0.10276,-0.0008599999999999997,0.06045595607388101,7,2,0.2953339901348903
2021-06-28,Materials,0.0,0.030153333333333338,0.046413826486601154,2,2,0.13187198158574429
2021-06-28,RealEstate,0.012886666666666666,0.06369,0.030757652958147835,3,1,0.09023767278119472
2021-06-28,Tech,0.022557333333333332,0.31194,0.1074692544924026,15,4,0.7247386766685783
2021-06-28,Utilities,0.27023,0.14192,0.08023889292590394,4,3,0.2936912191374818
2021-06-29,Comm,0.08808,0.193076,0.08804484273993497,2,2,0.13187198158574429
2021-06-29,Consumer,-0.024838571428571425,0.08975714285714284,0.11537424030445968,13,5,0.5303314077348392
2021-06-29,Energy,0.523652,-0.057014999999999996,0.08727552065309865,9,5,0.4662813107175964
2021-06-29,Financials,0.09911,0.039690666666666666,0.07772449975648772,28,4,0.47339446960380455
2021-06-29,Healthcare,0.03919999999999999,0.17616,0.11725826173793355,8,4,0.5107862284834206
2021-06-29,Industrials,0.17492000000000002,0.10276,0.06430177824898273,6,4,0.5031401674232144
2021-06-29,Materials,0.00516,0.0,0.04219438771509196,1,1,0.03625384938440364
2021-06-29,RealEstate,0.0,0.012886666666666666,0.029133017840740454,1,1,0.03625384938440364
2021-06-29,Tech,0.266095,0.022557333333333332,0.09974998893248722,9,4,0.5008206670670481
2021-06-29,Utilities,0.1775,0.27023,0.09751081175082177,3,3,0.27071301834358413
2021-06-30,Comm,0.1665590909090909,0.08808,0.08804803885448634,14,3,0.29219242496104336
2021-06-30,Consumer,-0.027970238095238083,-0.024838571428571425,0.10262762105600232,20,5,0.7853474888890126
2021-06-30,Energy,0.08578333333333334,0.523652,0.12694610968463513,13,4,0.5689009646610094
2021-06-30,Financials,0.06897844444444445,0.09911,0.07966863614226156,23,5,0.7124933046137264
2021-06-30,Healthcare,0.064515,0.03919999999999999,0.11016205612539412,7,3,0.351588083493917
2021-06-30,Industrials,0.030506666666666665,0.17492000000000002,0.07435798022634794,5,3,0.2873275267402534
2021-06-30,Materials,0.0,0.00516,0.03882762519553814,0,0,0.0
2021-06-30,RealEstate,0.0,0.0,0.02648456167340041,2,1,0.06593599079287214
2021-06-30,Tech,0.06207866666666667,0.266095,0.11487226266589748,13,3,0.4813777393285463
2021-06-30,Utilities,0.04939,0.1775,0.1047825561371107,2,1,0.06593599079287214
2021-07-01,Comm,0.14739,0.1665590909090909,0.09518540722308674,9,4,0.34672200027718714
2021-07-01,Consumer,0.1238,-0.027970238095238083,0.09075508840588954,13,5,0.7276640245664072
2021-07-01,Energy,0.11002,0.08578333333333334,0.12320403910724406,18,5,0.7878677848176929
2021-07-01,Financials,0.11153181818181819,0.06897844444444445,0.0786968005333691,22,3,0.430682673411635
2021-07-01,Healthcare,0.029599999999999998,0.064515,0.1060123237503583,2,1,0.06593599079287214
2021-07-01,Industrials,0.15716999999999998,0.030506666666666665,0.07037149717546783,7,3,0.351588083493917
2021-07-01,Materials,0.04046,0.0,0.03529784108685285,3,3,0.27071301834358413
2021-07-01,RealEstate,0.29901999999999995,0.0,0.024076874248545828,7,3,0.351588083493917
2021-07-01,Tech,0.10968666666666664,0.06207866666666667,0.1100728448477856,9,4,0.5879199135134913
2021-07-01,Utilities,0.02732,0.04939,0.09974686921555517,2,1,0.06593599079287214
2021-07-02,Comm,0.0216,0.14739,0.09993127929371523,5,5,0.6321205588285576
2021-07-02,Consumer,0.18076,0.1238,0.0937591712780814,9,4,0.6439122862290618
2021-07-02,Energy,0.286435,0.11002,0.12200549009749459,10,5,0.6176176548309908
2021-07-02,Financials,0.09144333333333332,0.11153181818181819,0.08168180213777357,14,4,0.6347628542257148
2021-07-02,Healthcare,0.45387000000000005,0.029599999999999998,0.09906574886396209,5,4,0.45151468487754115
2021-07-02,Industrials,0.011380000000000001,0.15716999999999998,0.0782622701595162,3,3,0.27071301834358413
2021-07-02,Materials,0.059199999999999996,0.04046,0.03576712826077531,1,1,0.03625384938440364
2021-07-02,RealEstate,0.24758,0.29901999999999995,0.04907170386231439,2,2,0.13187198158574429
2021-07-02,Tech,-0.05025333333333334,0.10968666666666664,0.11003773774041112,8,3,0.4643511168031096
2021-07-02,Utilities,0.05464,0.02732,0.09316260837777743,1,1,0.03625384938440364
2021-07-06,Comm,0.0449,0.0216,0.09281025390337747,7,4,0.3885973554406451
2021-07-06,Consumer,0.12166666666666666,0.18076,0.10166833752552855,19,5,0.775657475516317
2021-07-06,Energy,-0.054393333333333335,0.286435,0.13695362736135872,7,3,0.3885973554406451
2021-07-06,Financials,-0.06368650000000001,0.09144333333333332,0.08256921406464263,19,4,0.6475672502016959
2021-07-06,Healthcare,0.012908000000000003,0.45387000000000005,0.13132068078542009,6,2,0.1935154490089286
2021-07-06,Industrials,0.0013400000000000005,0.011380000000000001,0.07218206378137837,4,2,0.1762147314824891
2021-07-06,Materials,0.06361,0.059199999999999996,0.03789738932797756,5,4,0.45151468487754115
2021-07-06,RealEstate,0.17759999999999998,0.24758,0.06711791260210398,3,3,0.27071301834358413
2021-07-06,Tech,0.15541,-0.05025333333333334,0.09546582218825253,10,3,0.48036928709077065
2021-07-06,Utilities,0.08856,0.05464,0.08966055307070676,3,2,0.1624278110061505
2021-07-07,Comm,0.031904,0.0449,0.0884547762757977,7,2,0.25459826735766405
2021-07-07,Consumer,0.1907725,0.12166666666666666,0.10348636744745018,16,5,0.5846782756703292
2021-07-07,Energy,0.013188333333333333,-0.054393333333333335,0.11955844911638672,11,5,0.6941472118590813
2021-07-07,Financials,-0.019888571428571415,-0.06368650000000001,0.06927324005876602,13,4,0.49665957232310337
2021-07-07,Healthcare,0.24808,0.012908000000000003,0.12055589162310916,6,4,0.4192834728526787
2021-07-07,Industrials,0.15394666666666668,0.0013400000000000005,0.06574187616488943,4,2,0.1762147314824891
2021-07-07,Materials,0.0,0.06361,0.0402348993890705,1,1,0.03625384938440364
2021-07-07,RealEstate,0.17292,0.17759999999999998,0.07716173872918544,4,3,0.2936912191374818
2021-07-07,Tech,0.20768,0.15541,0.10091529289841139,4,3,0.2936912191374818
2021-07-07,Utilities,0.059199999999999996,0.08856,0.0895605027915516,1,1,0.03625384938440364
2021-07-08,Comm,0.16462000000000002,0.031904,0.08331379661436153,9,4,0.5008206670670481
2021-07-08,Consumer,0.0016099999999999893,0.1907725,0.11142147040677289,7,5,0.6712136139429324
2021-07-08,Energy,0.15350533333333333,0.013188333333333333,0.10988843859065459,14,5,0.8003531640237271
2021-07-08,Financials,0.03761111111111111,-0.019888571428571415,0.061167620832644445,27,4,0.6814154107913947
2021-07-08,Healthcare,0.062165000000000005,0.24808,0.13214899238464467,14,4,0.7080047220209896
2021-07-08,Industrials,0.08714,0.15394666666666668,0.0737604934832328,4,2,0.1762147314824891
2021-07-08,Materials,-0.04887999999999999,0.0,0.03657718126279137,5,4,0.45151468487754115
2021-07-08,RealEstate,0.0,0.17292,0.0858670352083504,1,1,0.03625384938440364
2021-07-08,Tech,0.12301500000000001,0.20768,0.11062117536219218,11,3,0.4781903015029227
2021-07-08,Utilities,0.12696999999999997,0.059199999999999996,0.08680045708322873,2,1,0.06593599079287214
2021-07-09,Comm,0.18455333333333335,0.16462000000000002,0.09070526964941958,6,3,0.3593858338737245
2021-07-09,Consumer,0.09102,0.0016099999999999893,0.10143860946070263,14,5,0.8367328532975332
2021-07-09,Energy,0.15546,0.15350533333333333,0.11385361083998902,13,5,0.7276640245664072
2021-07-09,Financials,0.19055285714285713,0.03761111111111111,0.05902611994886868,24,5,0.8045910784503723
2021-07-09,Healthcare,0.0,0.062165000000000005,0.1257868112587679,7,4,0.49222331689148374
2021-07-09,Industrials,0.04166,0.08714,0.07497681225748436,7,4,0.49222331689148385
2021-07-09,Materials,0.0,-0.04887999999999999,0.028808346602537605,0,0,0.0
2021-07-09,RealEstate,-0.02732,0.0,0.07806094109850036,2,1,0.06593599079287214
2021-07-09,Tech,0.11637499999999998,0.12301500000000001,0.11174788669290196,6,3,0.2795223152351191
2021-07-09,Utilities,0.02732,0.12696999999999997,0.09045223371202611,2,1,0.06593599079287214
2021-07-12,Comm,0.09792500000000001,0.18455333333333335,0.09923691180250264,10,5,0.6176176548309908
2021-07-12,Consumer,0.09840222222222222,0.09102,0.1004914631460933,19,5,0.6358993718196834
2021-07-12,Energy,0.24932333333333334,0.15546,0.11763600985453546,8,3,0.3929124834487851
2021-07-12,Financials,0.15077380952380953,0.19055285714285713,0.07098309605741308,24,5,0.48005013924349943
2021-07-12,Healthcare,0.10078333333333334,0.0,0.1143516465988799,9,4,0.5879199135134913
2021-07-12,Industrials,0.16555999999999998,0.04166,0.0719480111431676,5,3,0.35117808823808755
2021-07-12,Materials,0.07636,0.0,0.026189406002306913,1,1,0.03625384938440364
2021-07-12,RealEstate,0.0,-0.02732,0.06848085554409122,1,1,0.03625384938440364
2021-07-12,Tech,0.10748333333333333,0.11637499999999998,0.11216853335718362,16,4,0.6139121894538456
2021-07-12,Utilities,0.03642666666666667,0.02732,0.08471293973820555,6,2,0.2795223152351191
2021-07-13,Comm,0.11024,0.09792500000000001,0.09911764709318421,10,5,0.7205539306361561
2021-07-13,Consumer,0.20218416666666666,0.09840222222222222,0.1003015321530141,18,5,0.7003269198379494
2021-07-13,Energy,-0.014179999999999998,0.24932333333333334,0.12960758471624437,4,4,0.4405368287062228
2021-07-13,Financials,0.14118128205128205,0.15077380952380953,0.07823679728163094,43,4,0.4639045391185718
2021-07-13,Healthcare,0.029599999999999998,0.10078333333333334,0.11311816357473928,5,3,0.35117808823808755
2021-07-13,Industrials,-0.08556,0.16555999999999998,0.08045819194833419,3,3,0.27071301834358413
2021-07-13,Materials,0.0,0.07636,0.030750369093006286,2,2,0.13187198158574429
2021-07-13,RealEstate,0.0,0.0,0.06225532322190112,1,1,0.03625384938440364
2021-07-13,Tech,0.09878,0.10748333333333333,0.11174260608228812,5,3,0.35117808823808755
2021-07-13,Utilities,0.04182,0.03642666666666667,0.08032327854988383,2,2,0.13187198158574429
2021-07-14,Comm,0.02266666666666667,0.11024,0.10012877008471292,7,4,0.49222331689148385
2021-07-14,Consumer,0.136829,0.20218416666666666,0.10956358983607342,14,5,0.7080047220209896
2021-07-14,Energy,0.08196,-0.014179999999999998,0.11653598610567668,3,2,0.1624278110061505
2021-07-14,Financials,0.1430076923076923,0.14118128205128205,0.08395902316978103,34,4,0.6241689059076169
2021-07-14,Healthcare,0.28897,0.029599999999999998,0.10552560324976298,7,4,0.49222331689148385
2021-07-14,Industrials,0.04404,-0.08556,0.06536562904394017,5,3,0.35117808823808755
2021-07-14,Materials,0.0,0.0,0.02795488099364208,1,1,0.03625384938440364
2021-07-14,RealEstate,0.02023,0.0,0.05659574838354646,6,4,0.5031401674232144
2021-07-14,Tech,0.013888000000000003,0.09878,0.11056418734753466,10,4,0.5086263039784631
2021-07-14,Utilities,0.068,0.04182,0.07682298049989439,1,1,0.03625384938440364
2021-07-15,Comm,0.05035333333333334,0.02266666666666667,0.09308676068307234,5,3,0.2873275267402535
2021-07-15,Consumer,0.04116083333333333,0.136829,0.11204226348733948,21,5,0.797040276370953
2021-07-15,Energy,0.001401333333333335,0.08196,0.11339271464152426,8,2,0.3004624873431886
2021-07-15,Financials,0.056943833333333325,0.1430076923076923,0.08932708400050024,35,5,0.8773354441521117
2021-07-15,Healthcare,-0.01531,0.28897,0.12220236659069364,2,1,0.06593599079287214
2021-07-15,Industrials,0.0,0.04404,0.06342693549449105,4,4,0.4405368287062228
2021-07-15,Materials,0.08038,0.0,0.025413528176038248,2,2,0.13187198158574429
2021-07-15,RealEstate,0.0,0.02023,0.053289771257769514,2,2,0.13187198158574429
2021-07-15,Tech,-0.004392000000000001,0.013888000000000003,0.10177544304321332,12,2,0.35388274250357993
2021-07-15,Utilities,-0.06364,0.068,0.07602089136354036,1,1,0.03625384938440364
2021-07-16,Comm,0.017056,0.05035333333333334,0.08920190365127789,16,4,0.4308155715465583
2021-07-16,Consumer,0.09246333333333334,0.04116083333333333,0.10559849710970255,15,3,0.4804447407128777
2021-07-16,Energy,0.09062533333333334,0.001401333333333335,0.10321167997714324,16,5,0.7673902368173071
2021-07-16,Financials,0.1668,0.056943833333333325,0.08638315212166689,16,4,0.6462233573198375
2021-07-16,Healthcare,0.13194,-0.01531,0.10970124235517602,1,1,0.03625384938440364
2021-07-16,Industrials,0.07506,0.0,0.057660850449537324,3,2,0.1624278110061505
2021-07-16,Materials,0.068,0.08038,0.03041048016003477,4,3,0.2936912191374818
2021-07-16,RealEstate,0.0,0.0,0.04844524659797228,2,2,0.13187198158574429
2021-07-16,Tech,0.0740236923076923,-0.004392000000000001,0.09212385731201211,21,4,0.43656979962027076
2021-07-16,Utilities,0.19391,-0.06364,0.0633244466941276,8,3,0.4643511168031096
2021-07-19,Comm,0.27175666666666665,0.017056,0.08264318513752536,14,5,0.6817823249091012
2021-07-19,Consumer,0.012219090909090909,0.09246333333333334,0.1044043913118508,32,5,0.757258196557237
2021-07-19,Energy,0.051974666666666655,0.09062533333333334,0.1020674666458878,21,5,0.6532134595822096
2021-07-19,Financials,0.0788824935064935,0.1668,0.0936937746560608,26,4,0.659089022011339
2021-07-19,Healthcare,-0.010580000000000003,0.13194,0.11172294759561456,10,4,0.5764431445089249
2021-07-19,Industrials,0.05148142857142857,0.07506,0.059242591317761197,11,4,0.3912466103205731
2021-07-19,Materials,-0.013630000000000003,0.068,0.03382770923639524,6,3,0.3593858338737245
2021-07-19,RealEstate,-0.11438,0.0,0.044041133270883895,6,4,0.5031401674232144
2021-07-19,Tech,-0.035818333333333334,0.0740236923076923,0.09047838776616486,29,4,0.3590808678625862
2021-07-19,Utilities,0.0341,0.19391,0.07519586063102508,4,3,0.2936912191374818
2021-07-20,Comm,0.240516,0.27175666666666665,0.09983531982199274,7,3,0.2734573982730465
2021-07-20,Consumer,0.11416400000000002,0.012219090909090909,0.09602390945705444,12,4,0.5692896292448897
2021-07-20,Energy,0.31107999999999997,0.051974666666666655,0.09751357573868588,12,5,0.8183538420395288
2021-07-20,Financials,0.19368939393939394,0.0788824935064935,0.09234729455155469,24,5,0.6491587110224596
2021-07-20,Healthcare,-0.01027,-0.010580000000000003,0.10060449781419505,7,4,0.5679499810286353
2021-07-20,Industrials,0.0,0.05148142857142857,0.0585370310680946,1,1,0.03625384938440364
2021-07-20,Materials,0.08084,-0.013630000000000003,0.02951337203308659,3,3,0.27071301834358413
2021-07-20,RealEstate,0.0,-0.11438,0.029639212064439903,1,1,0.03625384938440364
2021-07-20,Tech,0.09946999999999999,-0.035818333333333334,0.07899686766621047,10,4,0.5086263039784631
2021-07-20,Utilities,0.05464,0.0341,0.07145987330093188,2,2,0.13187198158574429
2021-07-21,Comm,-0.022019999999999994,0.240516,0.11262447256544794,12,4,0.5237464589052984
2021-07-21,Consumer,0.10402625000000001,0.11416400000000002,0.09767300859732223,22,5,0.35944193044128947
2021-07-21,Energy,0.29711333333333334,0.31107999999999997,0.11692870521698714,16,5,0.7921447605856073
2021-07-21,Financials,0.2382047619047619,0.19368939393939394,0.10156021267772189,17,4,0.6007637096375607
2021-07-21,Healthcare,0.0,-0.01027,0.09052499801290459,4,4,0.4405368287062228
2021-07-21,Industrials,0.059250000000000004,0.0,0.053215482789176906,7,3,0.351588083493917
2021-07-21,Materials,-0.03292666666666667,0.08084,0.03417942912098781,8,3,0.4643511168031096
2021-07-21,RealEstate,0.0,0.0,0.02694473824039991,1,1,0.03625384938440364
2021-07-21,Tech,0.07971500000000001,0.09946999999999999,0.08085806151473679,16,4,0.598938721418386
2021-07-21,Utilities,-0.03182,0.05464,0.06993079390993807,3,2,0.1624278110061505
2021-07-22,Comm,0.16294999999999998,-0.022019999999999994,0.10038406596858902,14,4,0.48442428348804556
2021-07-22,Consumer,0.10500266666666666,0.10402625000000001,0.09825057599756565,18,4,0.7503502712549456
2021-07-22,Energy,0.09316333333333333,0.29711333333333334,0.13330912595483682,19,5,0.8714176576788252
2021-07-22,Financials,0.24903999999999998,0.2382047619047619,0.11398244442563461,9,5,0.4662813107175964
2021-07-22,Healthcare,-0.026488571428571427,0.0,0.08229545273900415,11,4,0.3912466103205731
2021-07-22,Industrials,0.05447500000000001,0.059250000000000004,0.05376407526288809,6,3,0.2795223152351191
2021-07-22,Materials,0.10534000000000002,-0.03292666666666667,0.028078874958473766,10,4,0.48036928709077076
2021-07-22,RealEstate,0.059199999999999996,0.0,0.024495216582181737,5,2,0.185917811420164
2021-07-22,Tech,0.015284999999999998,0.07971500000000001,0.0807541468315789,20,3,0.44622016414148447
2021-07-22,Utilities,0.041695,-0.03182,0.06068072173630733,5,2,0.185917811420164
2021-07-23,Comm,0.05561666666666666,0.16294999999999998,0.10607187815326276,18,4,0.5729947525946859
2021-07-23,Consumer,0.11201699999999999,0.10500266666666666,0.09886440242202939,13,4,0.6135206481638334
2021-07-23,Energy,0.21960266666666667,0.09316333333333333,0.12965950844379104,18,4,0.5528896735562758
2021-07-23,Financials,0.10755,0.24903999999999998,0.12626040402330418,14,5,0.87657727488313
2021-07-23,Healthcare,0.05738,-0.026488571428571427,0.07240599599649729,6,3,0.3593858338737245
2021-07-23,Industrials,0.07255500000000001,0.05447500000000001,0.053828704784443716,8,3,0.3929124834487851
2021-07-23,Materials,0.09176,0.10534000000000002,0.03510261359861251,2,2,0.13187198158574429
2021-07-23,RealEstate,0.0,0.059199999999999996,0.027650196892892488,0,0,0.0
2021-07-23,Tech,-0.038142333333333334,0.015284999999999998,0.07480240621052628,26,4,0.3247685035997902
2021-07-23,Utilities,0.1276,0.041695,0.05895474703300667,4,2,0.1762147314824891
2021-07-26,Comm,0.009571999999999999,0.05561666666666666,0.10148504074539037,10,2,0.34586588670535495
2021-07-26,Consumer,0.06463700000000001,0.11201699999999999,0.1000600931109358,21,4,0.5991544146512682
2021-07-26,Energy,0.024342666666666665,0.21960266666666667,0.13783615919132516,11,2,0.35276333717428726
2021-07-26,Financials,0.023042857142857136,0.10755,0.1245594582030038,16,4,0.5456997239589739
2021-07-26,Healthcare,0.15766,0.05738,0.07103999636045208,6,3,0.3593858338737245
2021-07-26,Industrials,-0.022063333333333334,0.07255500000000001,0.0555310952585852,14,3,0.48442428348804556
2021-07-26,Materials,0.06344000000000001,0.09176,0.04025328508964774,5,3,0.35117808823808755
2021-07-26,RealEstate,0.09670999999999999,0.0,0.02513654262990226,2,1,0.06593599079287214
2021-07-26,Tech,0.10098634615384613,-0.038142333333333334,0.06453470261562994,25,4,0.515177413382217
2021-07-26,Utilities,0.27130333333333334,0.1276,0.0651952245754606,9,4,0.6439122862290618
2021-07-27,Comm,0.06020000000000001,0.009571999999999999,0.0931293097685367,6,3,0.3593858338737245
2021-07-27,Consumer,0.11824777777777777,0.06463700000000001,0.09683981191903254,21,4,0.5678260792446659
2021-07-27,Energy,0.0,0.024342666666666665,0.12751856896181074,1,1,0.03625384938440364
2021-07-27,Financials,0.17718904761904763,0.023042857142857136,0.115330676288445,17,4,0.6731448794734116
2021-07-27,Healthcare,-0.03525999999999998,0.15766,0.07891454214586552,8,4,0.4643511168031096
2021-07-27,Industrials,0.0641751746031746,-0.022063333333333334,0.04847705629568351,31,3,0.5403096998076169
2021-07-27,Materials,0.10119333333333333,0.06344000000000001,0.042361168263316124,5,3,0.2873275267402535
2021-07-27,RealEstate,0.0,0.09670999999999999,0.031643220572638416,0,0,0.0
2021-07-27,Tech,0.04345709090909091,0.10098634615384613,0.06784848839183141,30,3,0.5945490881066229
2021-07-27,Utilities,0.0,0.27130333333333334,0.08393232537163084,1,1,0.03625384938440364
2021-07-28,Comm,0.05209333333333334,0.06020000000000001,0.09013573615321517,7,4,0.49222331689148385
2021-07-28,Consumer,0.16672666666666663,0.11824777777777777,0.09878599063346392,21,4,0.7425417959353323
2021-07-28,Energy,0.113825,0.0,0.11592597178346434,9,3,0.40976236396394844
2021-07-28,Financials,0.07306316666666665,0.17718904761904763,0.12095416459122706,21,5,0.7826791903102152
2021-07-28,Healthcare,0.12277666666666669,-0.03525999999999998,0.0685350383144232,7,4,0.49222331689148385
2021-07-28,Industrials,0.13990666666666668,0.0641751746031746,0.04990415796000088,4,2,0.1762147314824891
2021-07-28,Materials,0.0,0.10119333333333333,0.04770954690604497,0,0,0.0
2021-07-28,RealEstate,0.029599999999999998,0.0,0.028766564156944015,3,2,0.1624278110061505
2021-07-28,Tech,0.11129464285714286,0.04345709090909091,0.06563108862067318,19,3,0.5471692269146112
2021-07-28,Utilities,0.0,0.0,0.07630211397420986,1,1,0.03625384938440364
2021-07-29,Comm,0.12243595238095237,0.05209333333333334,0.08667733589686229,17,3,0.5531784653098332
2021-07-29,Consumer,0.2076912380952381,0.16672666666666663,0.10496241572739144,25,5,0.8805514654263426
2021-07-29,Energy,0.06970133333333334,0.113825,0.11573497434860394,14,4,0.5578219021983555
2021-07-29,Financials,0.25199,0.07306316666666665,0.11660043750717612,6,4,0.5031401674232144
2021-07-29,Healthcare,0.10562466666666666,0.12277666666666669,0.07346609543735441,30,5,0.83903656358972
2021-07-29,Industrials,0.11099,0.13990666666666668,0.058086204206061406,8,3,0.26883485709653715
2021-07-29,Materials,0.20673,0.0,0.04337231536913179,5,4,0.45151468487754115
2021-07-29,RealEstate,-0.041206666666666676,0.029599999999999998,0.028842331051767284,5,3,0.2873275267402535
2021-07-29,Tech,0.11806833333333333,0.11129464285714286,0.06978232082398861,12,4,0.6235076891729743
2021-07-29,Utilities,0.13896999999999998,0.0,0.0693655581583726,4,3,0.2936912191374818
2021-07-30,Comm,0.02263,0.12243595238095237,0.08992811921359775,6,3,0.3593858338737245
2021-07-30,Consumer,0.04145952380952381,0.2076912380952381,0.11430139957901386,19,5,0.8113198881837339
2021-07-30,Energy,0.0974490909090909,0.06970133333333334,0.11155009789267023,19,2,0.38153962309180994
2021-07-30,Financials,-0.02316,0.25199,0.1289085795519783,3,2,0.1624278110061505
2021-07-30,Healthcare,0.09763466666666668,0.10562466666666666,0.07638960191274644,10,3,0.4550866930333618
2021-07-30,Industrials,0.07154200000000001,0.11099,0.06289564018732854,15,3,0.3654665121662061
2021-07-30,Materials,0.059199999999999996,0.20673,0.058223013971937986,1,1,0.03625384938440364
2021-07-30,RealEstate,0.0,-0.041206666666666676,0.02247424035009147,2,2,0.13187198158574429
2021-07-30,Tech,0.14521,0.11806833333333333,0.07417195832483812,3,2,0.1624278110061505
2021-07-30,Utilities,0.0,0.13896999999999998,0.07569323468942964,2,2,0.13187198158574429
2021-08-02,Comm,0.03984333333333333,0.02263,0.08381010837599795,15,4,0.5278960731289645
2021-08-02,Consumer,0.21767757575757574,0.04145952380952381,0.10767941087269658,17,4,0.41385944441698624
2021-08-02,Energy,0.040445666666666664,0.0974490909090909,0.11026818816689028,14,5,0.7080047220209896
2021-08-02,Financials,0.32739666666666667,-0.02316,0.11508416322907115,18,5,0.7162434407433574
2021-08-02,Healthcare,0.251873,0.09763466666666668,0.0783209714358301,14,5,0.7080047220209895
2021-08-02,Industrials,0.08247333333333333,0.07154200000000001,0.0636816728975714,17,3,0.426496374017505
2021-08-02,Materials,0.0,0.059199999999999996,0.05831183088357998,2,2,0.13187198158574429
2021-08-02,RealEstate,0.06416999999999999,0.0,0.02043112759099224,5,2,0.24312329185713755
2021-08-02,Tech,0.06435365079365081,0.14521,0.0806299621134892,19,3,0.5078045343308262
2021-08-02,Utilities,-0.04737,0.0,0.06881203153584511,5,3,0.35117808823808755
2021-08-03,Comm,0.12175333333333334,0.03984333333333333,0.0798131288266648,20,4,0.5453802006173699
2021-08-03,Consumer,0.08570857142857143,0.21767757575757574,0.11767924404404924,17,4,0.5424371358863412
2021-08-03,Energy,0.2122933333333333,0.040445666666666664,0.10392068621232449,13,4,0.5689009646610094
2021-08-03,Financials,0.047256,0.32739666666666667,0.1343852999052162,10,3,0.4117451032206606
2021-08-03,Healthcare,0.12119333333333333,0.251873,0.09409842857802736,10,3,0.3930294167106305
2021-08-03,Industrials,0.02023,0.08247333333333333,0.06539000566445885,2,1,0.06593599079287214
2021-08-03,Materials,0.11262499999999998,0.0,0.05301075534870907,16,3,0.3189154230929068
2021-08-03,RealEstate,0.058589999999999996,0.06416999999999999,0.024407388719083857,3,2,0.1624278110061505
2021-08-03,Tech,0.062337500000000004,0.06435365079365081,0.07915029744804934,17,3,0.5125782109751665
2021-08-03,Utilities,0.0,-0.04737,0.058250028668950106,1,1,0.03625384938440364
2021-08-04,Comm,0.06625,0.12175333333333334,0.08362587469090739,16,4,0.598938721418386
2021-08-04,Consumer,0.03111,0.08570857142857143,0.11477281926082397,14,4,0.7363249109018293
2021-08-04,Energy,0.0,0.2122933333333333,0.11377274504150711,8,3,0.4256551904028505
2021-08-04,Financials,0.080372,0.047256,0.12646445445928745,13,5,0.6657351714118194
2021-08-04,Healthcare,0.14198499999999997,0.12119333333333333,0.09656160173760063,10,5,0.6651267052026054
2021-08-04,Industrials,0.09478,0.02023,0.0612845506040535,3,3,0.27071301834358413
2021-08-04,Materials,0.0,0.11262499999999998,0.058430232135190066,4,4,0.4405368287062228
2021-08-04,RealEstate,0.0,0.058589999999999996,0.027514898835530783,3,2,0.1624278110061505
2021-08-04,Tech,-0.0344,0.062337500000000004,0.0776218613164085,14,3,0.438288637441565
2021-08-04,Utilities,0.02732,0.0,0.052954571517227364,2,1,0.06593599079287214
2021-08-05,Comm,0.058223333333333335,0.06625,0.08204624971900672,15,4,0.6578397218991711
2021-08-05,Consumer,0.27518000000000004,0.03111,0.10716710841893087,13,5,0.7276640245664072
2021-08-05,Energy,0.036026666666666665,0.0,0.10342976821955192,11,2,0.35276333717428726
2021-08-05,Financials,-0.04152399999999999,0.080372,0.12227423132662496,20,5,0.957740840108552
2021-08-05,Healthcare,0.1089,0.14198499999999997,0.10069100157963692,8,3,0.4256551904028505
2021-08-05,Industrials,0.141575,0.09478,0.06432959145823045,10,4,0.5764431445089249
2021-08-05,Materials,0.0,0.0,0.05311839285017278,2,2,0.13187198158574429
2021-08-05,RealEstate,0.0,0.0,0.02501354439593707,0,0,0.0
2021-08-05,Tech,0.08090047619047619,-0.0344,0.06743805574218954,18,4,0.6179355175040729
2021-08-05,Utilities,0.17333333333333334,0.02732,0.05062415592475215,7,5,0.5679499810286353
2021-08-06,Comm,0.10434999999999998,0.058223333333333335,0.07988053004758186,6,4,0.5031401674232144
2021-08-06,Consumer,0.11432000000000002,0.27518000000000004,0.12244100765357353,12,4,0.7274256373684701
2021-08-06,Energy,0.024866666666666683,0.036026666666666665,0.09730221353292598,8,4,0.5107862284834206
2021-08-06,Financials,0.0066466666666666644,-0.04152399999999999,0.1073834830242045,6,3,0.3593858338737245
2021-08-06,Healthcare,0.07636,0.1089,0.1014372741633063,6,4,0.4192834728526787
2021-08-06,Industrials,0.002930000000000002,0.141575,0.07135190132566405,4,1,0.1101342071765557
2021-08-06,Materials,0.0,0.0,0.04828944804561162,1,1,0.03625384938440364
2021-08-06,RealEstate,0.0888,0.0,0.022739585814488247,4,3,0.2936912191374818
2021-08-06,Tech,0.06175200000000001,0.08090047619047619,0.06866191214657923,13,4,0.6135206481638334
2021-08-06,Utilities,0.06651,0.17333333333333334,0.06177953568916862,6,2,0.2515700837116072
2021-08-09,Comm,0.16416666666666666,0.10434999999999998,0.0821050273159835,15,5,0.8384231749695317
2021-08-09,Consumer,0.12404181818181818,0.11432000000000002,0.12170273423052139,23,5,0.6197426969125313
2021-08-09,Energy,-0.020416666666666656,0.024866666666666683,0.0907171638178115,15,4,0.5553192457590405
2021-08-09,Financials,0.1753616666666667,0.0066466666666666644,0.0982255906280647,15,4,0.5278960731289645
2021-08-09,Healthcare,0.146725,0.07636,0.0991575219666421,8,4,0.4643511168031096
2021-08-09,Industrials,0.16569333333333333,0.002930000000000002,0.0651317284778764,5,3,0.2873275267402534
2021-08-09,Materials,0.018213333333333335,0.0,0.04389949822328329,3,1,0.09023767278119472
2021-08-09,RealEstate,-0.005135,0.0888,0.02874507801317113,5,2,0.185917811420164
2021-08-09,Tech,0.043475,0.06175200000000001,0.06803373831507202,10,4,0.5764431445089249
2021-08-09,Utilities,0.15199000000000001,0.06651,0.062209577899244195,4,3,0.2936912191374818
2021-08-10,Comm,0.06562,0.16416666666666666,0.08956517634786379,11,4,0.4781903015029227
2021-08-10,Consumer,0.03614,0.12404181818181818,0.12191537822609382,13,4,0.49665957232310337
2021-08-10,Energy,-0.05312714285714286,-0.020416666666666656,0.08061408831922257,11,3,0.3775186590812547
2021-08-10,Financials,0.162755,0.1753616666666667,0.10523796117702851,13,5,0.8022962322142437
2021-08-10,Healthcare,0.046906666666666666,0.146725,0.10348183815149281,7,4,0.49222331689148385
2021-08-10,Industrials,0.07267333333333334,0.16569333333333333,0.07427369255564521,7,3,0.4343146913748387
2021-08-10,Materials,0.01366,0.018213333333333335,0.04156439232419693,4,1,0.1101342071765557
2021-08-10,RealEstate,0.18658000000000002,-0.005135,0.025665070921064664,3,2,0.1624278110061505
2021-08-10,Tech,0.004235999999999999,0.043475,0.06580112574097458,7,2,0.25459826735766405
2021-08-10,Utilities,0.14616,0.15199000000000001,0.07037143445385836,3,3,0.27071301834358413
2021-08-11,Comm,-0.03589999999999999,0.06562,0.08738834213442162,4,3,0.2936912191374818
2021-08-11,Consumer,0.04983,0.03614,0.11411761656917618,10,4,0.5086263039784631
2021-08-11,Energy,0.11612666666666667,-0.05312714285714286,0.06845579457591662,11,4,0.55175804019568
2021-08-11,Financials,0.08308666666666667,0.162755,0.11046678288820773,12,4,0.6891400775069715
2021-08-11,Healthcare,0.12076,0.046906666666666666,0.09833864074378133,4,3,0.2936912191374818
2021-08-11,Industrials,-0.06555400000000002,0.07267333333333334,0.07412820535361685,13,4,0.30378206850830597
2021-08-11,Materials,-0.08430444444444445,0.01366,0.039027629385633575,10,2,0.21089383335692372
2021-08-11,RealEstate,0.17572000000000002,0.18658000000000002,0.04029370083733151,2,2,0.13187198158574429
2021-08-11,Tech,0.0,0.004235999999999999,0.060204296128158696,2,2,0.13187198158574429
2021-08-11,Utilities,0.02732,0.14616,0.07726130404896214,3,2,0.1624278110061505
2021-08-12,Comm,0.29291999999999996,-0.03589999999999999,0.07618031103129239,13,5,0.8022962322142437
2021-08-12,Consumer,0.08173375000000001,0.04983,0.10827328779016017,28,5,0.5313611393512092
2021-08-12,Energy,-0.08771999999999999,0.11612666666666667,0.07278951022053026,8,5,0.6384827856042757
2021-08-12,Financials,0.17793285714285717,0.08308666666666667,0.10797768141352218,18,5,0.7329002649466911
2021-08-12,Healthcare,0.19107000000000002,0.12076,0.10037694613071031,5,4,0.45151468487754115
2021-08-12,Industrials,0.0,-0.06555400000000002,0.061429823048742595,2,2,0.13187198158574429
2021-08-12,Materials,0.08038,-0.08430444444444445,0.027815622673808292,3,3,0.27071301834358413
2021-08-12,RealEstate,0.059199999999999996,0.17572000000000002,0.052605182579392284,1,1,0.03625384938440364
2021-08-12,Tech,0.15204666666666666,0.0,0.05473117829832609,5,2,0.24312329185713755
2021-08-12,Utilities,0.02411,0.02732,0.07272118549905648,3,2,0.1624278110061505
2021-08-13,Comm,0.13891,0.29291999999999996,0.09588391911935672,6,3,0.2795223152351191
2021-08-13,Consumer,0.30790592105263154,0.08173375000000001,0.10586060253650924,35,5,0.5427418823025258
2021-08-13,Energy,0.014799999999999999,-0.08771999999999999,0.05819773656411842,7,3,0.351588083493917
2021-08-13,Financials,0.06266833333333333,0.17793285714285717,0.11433724284346172,12,4,0.6235076891729743
2021-08-13,Healthcare,0.11148,0.19107000000000002,0.10862176920973662,4,3,0.2936912191374818
2021-08-13,Industrials,-0.029599999999999998,0.0,0.055845293680675076,3,2,0.1624278110061505
2021-08-13,Materials,0.09176,0.08038,0.03259420243073481,2,2,0.13187198158574429
2021-08-13,RealEstate,0.0,0.059199999999999996,0.05320471143581117,0,0,0.0
2021-08-13,Tech,0.023295,0.15204666666666666,0.06357804087726614,8,3,0.4256551904028505
2021-08-13,Utilities,0.14579999999999999,0.02411,0.06830198681732408,5,3,0.2873275267402535
2021-08-16,Comm,0.03388928571428572,0.13891,0.09979538101759701,13,4,0.46700825457247047
2021-08-16,Consumer,0.0673680701754386,0.30790592105263154,0.12422835876524765,39,5,0.5769930903593821
2021-08-16,Energy,0.05001428571428572,0.014799999999999999,0.0542524877855622,18,5,0.787867784817693
2021-08-16,Financials,0.06406333333333333,0.06266833333333333,0.10964006925163186,16,4,0.701613930804395
2021-08-16,Healthcare,0.09712799999999999,0.11148,0.10888160837248786,13,5,0.6657351714118194
2021-08-16,Industrials,0.04722499999999998,-0.029599999999999998,0.04807753970970462,10,4,0.5764431445089249
2021-08-16,Materials,0.04046,0.09176,0.037972911300668,6,5,0.6289252092790181
2021-08-16,RealEstate,0.07659,0.0,0.048367919487101056,5,4,0.45151468487754115
2021-08-16,Tech,0.038956000000000005,0.023295,0.05991594625206013,10,3,0.4117451032206606
2021-08-16,Utilities,0.1282166666666667,0.14579999999999999,0.0753472607430219,8,4,0.5675402538704672
2021-08-17,Comm,0.1275,0.03388928571428572,0.09380391780820507,5,4,0.45151468487754115
2021-08-17,Consumer,0.05620722222222222,0.0673680701754386,0.11905924162071954,32,3,0.46468116606921356
2021-08-17,Energy,-0.153445,0.05001428571428572,0.05386719668817341,14,5,0.8765772748831302
2021-08-17,Financials,0.03681414285714285,0.06406333333333333,0.10549672962269563,18,4,0.6705257743129303
2021-08-17,Healthcare,0.25926,0.09712799999999999,0.10781309852044349,6,5,0.6289252092790181
2021-08-17,Industrials,0.11148,0.04722499999999998,0.04800003609973147,3,3,0.27071301834358413
2021-08-17,Materials,0.14350000000000002,0.04046,0.03819901027333455,2,2,0.13187198158574429
2021-08-17,RealEstate,0.059199999999999996,0.07659,0.050933563170091865,1,1,0.03625384938440364
2021-08-17,Tech,-0.02628666666666667,0.038956000000000005,0.05801049659278192,10,5,0.7205539306361561
2021-08-17,Utilities,0.059199999999999996,0.1282166666666667,0.08015357037244414,1,1,0.03625384938440364
2021-08-18,Comm,-0.06211642857142857,0.1275,0.09686719800745916,14,4,0.5259463649298779
2021-08-18,Consumer,0.0860275,0.05620722222222222,0.1133454216754016,17,4,0.5643537878413449
2021-08-18,Energy,0.017855,-0.153445,0.035020633352884925,16,5,0.8770174135054938
2021-08-18,Financials,0.088235,0.03681414285714285,0.09925285809855447,13,4,0.6385623072725615
2021-08-18,Healthcare,0.25174,0.25926,0.12158099865494862,7,4,0.5679499810286353
2021-08-18,Industrials,-0.025280000000000014,0.11148,0.05377094190884679,8,4,0.4643511168031096
2021-08-18,Materials,0.12294000000000001,0.14350000000000002,0.04777182752121323,3,3,0.27071301834358413
2021-08-18,RealEstate,0.27971,0.059199999999999996,0.05168505742735624,4,3,0.2936912191374818
2021-08-18,Tech,0.3057955,-0.02628666666666667,0.05034711811465024,28,5,0.5172853475803161
2021-08-18,Utilities,0.0,0.059199999999999996,0.07824870033858558,0,0,0.0
2021-08-19,Comm,0.032813999999999996,-0.06211642857142857,0.0824141410457421,7,2,0.25459826735766405
2021-08-19,Consumer,0.10183666666666666,0.0860275,0.1108619742503651,11,3,0.40601063335153814
2021-08-19,Energy,0.09139904761904762,0.017855,0.03346012122989538,17,4,0.6007637096375607
2021-08-19,Financials,0.15599,0.088235,0.0982512346350495,13,4,0.5689009646610094
2021-08-19,Healthcare,0.028579999999999994,0.25174,0.1334136351408624,2,2,0.13187198158574429
2021-08-19,Industrials,0.04215,-0.025280000000000014,0.04658449264440617,3,2,0.1624278110061505
2021-08-19,Materials,-0.01531,0.12294000000000001,0.05460529774655748,5,3,0.35117808823808755
2021-08-19,RealEstate,0.05,0.27971,0.07241459766123295,1,1,0.03625384938440364
2021-08-19,Tech,0.06735333333333333,0.3057955,0.07356969828604568,27,5,0.32182146895469416
2021-08-19,Utilities,0.0,0.0,0.07113518212598689,0,0,0.0
2021-08-20,Comm,0.025723333333333338,0.032813999999999996,0.07790503731431099,9,3,0.32980873197098287
2021-08-20,Consumer,0.140588,0.10183666666666666,0.11004149174275615,13,4,0.49665957232310337
2021-08-20,Energy,-0.18184,0.09139904761904762,0.03872729635618195,8,3,0.34052415232228034
2021-08-20,Financials,-0.043239999999999994,0.15599,0.10350021330459044,6,3,0.3593858338737245
2021-08-20,Healthcare,0.068,0.028579999999999994,0.12388330467351125,2,2,0.13187198158574429
2021-08-20,Industrials,-0.15689999999999998,0.04215,0.046181356949460156,5,3,0.35117808823808755
2021-08-20,Materials,0.008139999999999991,-0.01531,0.048249361587779524,2,2,0.13187198158574429
2021-08-20,RealEstate,0.059199999999999996,0.05,0.07037690696475722,1,1,0.03625384938440364
2021-08-20,Tech,-0.058109999999999995,0.06735333333333333,0.07300457419943544,17,3,0.4331087209014973
2021-08-20,Utilities,0.30866,0.0,0.06466834738726081,3,3,0.27071301834358413
2021-08-23,Comm,0.21510166666666666,0.025723333333333338,0.073161246043313,10,5,0.6176176548309908
2021-08-23,Consumer,0.031409285714285716,0.140588,0.11281844703886923,24,5,0.8045910784503725
2021-08-23,Energy,0.09965530303030304,-0.18184,0.018675723960165407,32,5,0.6861064196995099
2021-08-23,Financials,0.17448,-0.043239999999999994,0.09016019391326405,14,5,0.8765772748831302
2021-08-23,Healthcare,-0.02345,0.068,0.11880300424864658,5,4,0.45151468487754115
2021-08-23,Industrials,0.14681333333333332,-0.15689999999999998,0.027719415408600134,6,3,0.3593858338737245
2021-08-23,Materials,0.08906,0.008139999999999991,0.044603055988890486,6,4,0.4192834728526786
2021-08-23,RealEstate,-0.02054,0.059199999999999996,0.06936082451341566,1,1,0.03625384938440364
2021-08-23,Tech,0.10318545454545455,-0.058109999999999995,0.06108506745403223,17,4,0.4019498201172169
2021-08-23,Utilities,-0.004159999999999997,0.30866,0.08684940671569163,5,3,0.2873275267402534
2021-08-24,Comm,0.17979333333333333,0.21510166666666666,0.08606492064543607,5,3,0.2873275267402535
2021-08-24,Consumer,0.019065714285714287,0.031409285714285716,0.10541761419117981,13,4,0.49665957232310337
2021-08-24,Energy,0.004946666666666666,0.09965530303030304,0.026037503875632466,12,4,0.5237464589052984
2021-08-24,Financials,0.10009000000000001,0.17448,0.09782563083024004,13,4,0.5689009646610094
2021-08-24,Healthcare,0.09377333333333335,-0.02345,0.10587091295331508,5,2,0.24312329185713755
2021-08-24,Industrials,0.2178,0.14681333333333332,0.03854613521993952,6,4,0.5031401674232144
2021-08-24,Materials,0.0,0.08906,0.048644596353536795,1,1,0.03625384938440364
2021-08-24,RealEstate,0.059199999999999996,-0.02054,0.06118802228492333,1,1,0.03625384938440364
2021-08-24,Tech,0.00973936507936508,0.10318545454545455,0.06491237537143425,22,3,0.5759732138396565
2021-08-24,Utilities,-0.04646666666666667,-0.004159999999999997,0.07857582428699239,7,3,0.4343146913748387
2021-08-25,Comm,0.04404,0.17979333333333333,0.09458568543524493,2,1,0.06593599079287214
2021-08-25,Consumer,0.16624366666666665,0.019065714285714287,0.09756744147250113,22,4,0.38866485161537795
2021-08-25,Energy,0.02732,0.004946666666666666,0.024120155038453755,3,2,0.1624278110061505
2021-08-25,Financials,0.16136,0.10009000000000001,0.0980314825729455,6,3,0.2795223152351191
2021-08-25,Healthcare,0.05234,0.09377333333333335,0.10477113298786218,8,5,0.6384827856042757
2021-08-25,Industrials,0.0363,0.2178,0.05484194110903593,6,3,0.3593858338737245
2021-08-25,Materials,0.0,0.0,0.044222360321397085,2,1,0.06593599079287214
2021-08-25,RealEstate,0.12136,0.059199999999999996,0.061007292986293926,3,2,0.1624278110061505
2021-08-25,Tech,0.01366,0.00973936507936508,0.05989664716306433,17,4,0.5221591121148893
2021-08-25,Utilities,0.00464,-0.04646666666666667,0.06720832510938703,2,2,0.13187198158574429
2021-08-26,Comm,0.14347,0.04404,0.08999062312294992,7,3,0.351588083493917
2021-08-26,Consumer,0.12436050000000001,0.16624366666666665,0.1038107346719707,19,5,0.685289614291115
2021-08-26,Energy,0.055644000000000006,0.02732,0.02441105003495796,14,5,0.6574329561623474
2021-08-26,Financials,-0.0505,0.16136,0.10378862052085953,10,5,0.540415447977117
2021-08-26,Healthcare,0.03450000000000002,0.05234,0.100004666352602,5,4,0.45151468487754115
2021-08-26,Industrials,0.0,0.0363,0.05315631009912356,5,4,0.45151468487754115
2021-08-26,Materials,0.059199999999999996,0.0,0.04020214574672462,1,1,0.03625384938440364
2021-08-26,RealEstate,0.0,0.12136,0.06649390271481266,0,0,0.0
2021-08-26,Tech,0.18797099999999997,0.01366,0.055693315602785745,12,3,0.5237464589052984
2021-08-26,Utilities,0.0,0.00464,0.061520295553988205,0,0,0.0
2021-08-27,Comm,0.35937,0.14347,0.0948523846572272,9,4,0.5879199135134913
2021-08-27,Consumer,0.058192727272727264,0.12436050000000001,0.10567889515633702,15,3,0.32640902231638264
2021-08-27,Energy,0.002534999999999998,0.055644000000000006,0.027250409122689057,16,4,0.6821246549487173
2021-08-27,Financials,0.07888,-0.0505,0.08976238229169049,13,4,0.6657351714118194
2021-08-27,Healthcare,0.19524333333333332,0.03450000000000002,0.09404969668418361,9,4,0.5879199135134913
2021-08-27,Industrials,0.10921166666666667,0.0,0.04832391827193051,10,2,0.33256335260130276
2021-08-27,Materials,0.09878,0.059199999999999996,0.04192922340611329,3,2,0.1624278110061505
2021-08-27,RealEstate,0.02023,0.0,0.060449002468011506,3,2,0.1624278110061505
2021-08-27,Tech,-0.013470000000000005,0.18797099999999997,0.06771855963889613,18,4,0.4848417137339649
2021-08-27,Utilities,0.0,0.0,0.05592754141271654,1,1,0.03625384938440364
2021-08-30,Comm,0.101002,0.35937,0.11889944059747928,12,4,0.5692896292448896
2021-08-30,Consumer,0.15870595238095236,0.058192727272727264,0.10136197080328158,21,5,0.6840739379876684
2021-08-30,Energy,-0.1371757142857143,0.002534999999999998,0.025003553747899136,14,5,0.5414153756631096
2021-08-30,Financials,0.04046,0.07888,0.08877307481062771,2,2,0.13187198158574429
2021-08-30,Healthcare,0.19630666666666668,0.19524333333333332,0.10324911819774267,9,4,0.34672200027718714
2021-08-30,Industrials,0.03720666666666667,0.10921166666666667,0.053859168125997434,6,3,0.3593858338737245
2021-08-30,Materials,0.11148,0.09878,0.047097475823739354,4,4,0.4405368287062228
2021-08-30,RealEstate,-0.0070599999999999994,0.02023,0.056792729516374096,3,1,0.09023767278119472
2021-08-30,Tech,0.2700786666666667,-0.013470000000000005,0.060337781489905574,22,4,0.5901947746752036
2021-08-30,Utilities,0.21960000000000002,0.0,0.05084321946610595,5,3,0.35117808823808755
2021-08-31,Comm,0.03252666666666666,0.101002,0.11727240054316297,4,2,0.1762147314824891
2021-08-31,Consumer,0.06124047619047619,0.15870595238095236,0.10657506003761527,21,5,0.8434698070333385
2021-08-31,Energy,0.08014733333333332,-0.1371757142857143,0.010259983926661553,18,5,0.787867784817693
2021-08-31,Financials,0.15947285714285714,0.04046,0.08438097710057064,11,4,0.3912466103205731
2021-08-31,Healthcare,-0.01909,0.19630666666666668,0.11170889533128121,9,5,0.5879199135134913
2021-08-31,Industrials,0.12675,0.03720666666666667,0.05234530435696736,5,2,0.185917811420164
2021-08-31,Materials,0.02266666666666667,0.11148,0.05295043256703578,4,2,0.1762147314824891
2021-08-31,RealEstate,0.0,-0.0070599999999999994,0.05098793592397645,2,2,0.13187198158574429
2021-08-31,Tech,-0.015545000000000003,0.2700786666666667,0.07940513468779295,10,3,0.48036928709077065
2021-08-31,Utilities,-0.05464,0.21960000000000002,0.06618474496918722,4,2,0.2202684143531114
2021-09-01,Comm,0.0,0.03252666666666666,0.10956824291802694,0,0,0.0
2021-09-01,Consumer,0.24788095238095237,0.06124047619047619,0.1024537342333299,16,5,0.6821246549487173
2021-09-01,Energy,-0.06276238095238094,0.08014733333333332,0.016613379327268078,18,4,0.6431573753613821
2021-09-01,Financials,0.081215,0.15947285714285714,0.09120751164986943,11,4,0.5815827991251763
2021-09-01,Healthcare,0.07129666666666666,-0.01909,0.0998180866648011,16,4,0.663688853463617
2021-09-01,Industrials,0.0,0.12675,0.05910936759724306,2,2,0.13187198158574429
2021-09-01,Materials,0.0,0.02266666666666667,0.050197362939729484,1,1,0.03625384938440364
2021-09-01,RealEstate,0.05464,0.0,0.046352669021796765,1,1,0.03625384938440364
2021-09-01,Tech,-0.02433333333333333,-0.015545000000000003,0.07077330426162995,5,3,0.2873275267402535
2021-09-01,Utilities,0.10398,-0.05464,0.05520067724471567,5,3,0.35117808823808755
2021-09-02,Comm,0.03255,0.0,0.09960749356184266,8,3,0.26883485709653715
2021-09-02,Consumer,-0.011259333333333338,0.24788095238095237,0.11567439042856831,14,4,0.5578219021983555
2021-09-02,Energy,0.2158341794871795,-0.06276238095238094,0.009397401120027257,35,5,0.7531587351336589
2021-09-02,Financials,0.18016066666666666,0.081215,0.0902991014998813,20,5,0.6333447491040423
2021-09-02,Healthcare,0.11178666666666666,0.07129666666666666,0.09722523030133434,11,4,0.6941472118590813
2021-09-02,Industrials,0.0046899999999999945,0.0,0.053735788724766406,4,3,0.2936912191374818
2021-09-02,Materials,0.0,0.0,0.04563396630884499,2,2,0.13187198158574429
2021-09-02,RealEstate,0.0,0.05464,0.04710606274708797,0,0,0.0
2021-09-02,Tech,0.2701,-0.02433333333333333,0.062127246298451455,7,4,0.5679499810286353
2021-09-02,Utilities,0.11827999999999998,0.10398,0.059635161131559686,2,2,0.13187198158574429
2021-09-03,Comm,0.18952666666666668,0.03255,0.09351135778349332,6,3,0.3593858338737245
2021-09-03,Consumer,0.23148,-0.011259333333333338,0.10413496099566814,15,4,0.6022476327245933
2021-09-03,Energy,0.10978678571428573,0.2158341794871795,0.028164380971586557,17,4,0.4858349999677666
2021-09-03,Financials,0.07333333333333333,0.18016066666666666,0.09846833469686177,10,4,0.5764431445089249
2021-09-03,Healthcare,0.0,0.11178666666666666,0.09854899724363728,0,0,0.0
2021-09-03,Industrials,0.018819999999999996,0.0046899999999999945,0.04927708065887856,9,3,0.5008206670670481
2021-09-03,Materials,0.0,0.0,0.0414854239171318,0,0,0.0
2021-09-03,RealEstate,0.01032,0.0,0.04282369340644361,1,1,0.03625384938440364
2021-09-03,Tech,0.20134333333333335,0.2701,0.08103386027131951,11,4,0.45784177803471326
2021-09-03,Utilities,0.0,0.11827999999999998,0.06496651011959972,1,1,0.03625384938440364
2021-09-07,Comm,0.14386000000000002,0.18952666666666668,0.10224002222741817,11,3,0.43915435852309226
2021-09-07,Consumer,0.18685000000000002,0.23148,0.11571178272333468,26,5,0.8198424420141046
2021-09-07,Energy,0.20011433333333334,0.10978678571428573,0.0355845995845592,19,5,0.555786065133739
2021-09-07,Financials,-0.05942500000000002,0.07333333333333333,0.09618333457290465,19,5,0.6475672502016959
2021-09-07,Healthcare,0.2293216666666667,0.0,0.08958999749421569,14,5,0.6347628542257148
2021-09-07,Industrials,0.159808,0.018819999999999996,0.04650825514443505,10,4,0.48036928709077076
2021-09-07,Materials,0.02679333333333333,0.0,0.03771402174284709,3,1,0.09023767278119472
2021-09-07,RealEstate,0.12201999999999999,0.01032,0.039868812187676,9,4,0.5008206670670481
2021-09-07,Tech,0.20107523809523808,0.20134333333333335,0.09197108509513893,24,5,0.8655449480299461
2021-09-07,Utilities,0.045766666666666664,0.0,0.05906046374509065,8,4,0.5675402538704672
2021-09-08,Comm,0.12920166666666666,0.14386000000000002,0.10602365657038015,10,4,0.5764431445089249
2021-09-08,Consumer,0.103635,0.18685000000000002,0.1221788933848497,22,5,0.6208542434894998
2021-09-08,Energy,0.09723142857142858,0.20011433333333334,0.05054184810717503,19,4,0.6358993718196834
2021-09-08,Financials,0.16177000000000002,-0.05942500000000002,0.08203712233900422,13,5,0.7276640245664072
2021-09-08,Healthcare,0.009156666666666665,0.2293216666666667,0.10229287650989305,12,5,0.7702153807430859
2021-09-08,Industrials,0.15654666666666667,0.159808,0.05680823194948641,6,3,0.3593858338737245
2021-09-08,Materials,-0.10744000000000001,0.02679333333333333,0.03672123188743675,6,3,0.3593858338737245
2021-09-08,RealEstate,0.016720000000000002,0.12201999999999999,0.047337101988796364,3,2,0.1624278110061505
2021-09-08,Tech,0.11127666666666666,0.20107523809523808,0.10188964445878432,13,4,0.49665957232310337
2021-09-08,Utilities,0.0,0.045766666666666664,0.0578519367379612,2,2,0.13187198158574429
2021-09-09,Comm,-0.07891285714285715,0.12920166666666666,0.10813074839731529,26,5,0.6722708024515658
2021-09-09,Consumer,0.06483666666666667,0.103635,0.12049308489531792,17,5,0.8338958954670619
2021-09-09,Energy,0.30797942857142857,0.09723142857142858,0.05478635542210717,20,5,0.5166759795322452
2021-09-09,Financials,-0.03893500000000001,0.16177000000000002,0.0892855657627311,22,5,0.7135190559506194
2021-09-09,Healthcare,0.021393095238095246,0.009156666666666665,0.09382594834232702,17,5,0.70722816451004
2021-09-09,Industrials,0.0,0.15654666666666667,0.06587536237832098,2,2,0.13187198158574429
2021-09-09,Materials,-0.030779999999999995,-0.10744000000000001,0.023615665352215227,2,2,0.13187198158574429
2021-09-09,RealEstate,0.0,0.016720000000000002,0.04455372908072396,1,1,0.03625384938440364
2021-09-09,Tech,0.18947166666666665,0.11127666666666666,0.10274301011404634,13,5,0.8022962322142437
2021-09-09,Utilities,0.0,0.0,0.052592669761782895,0,0,0.0
2021-09-10,Comm,0.07243,-0.07891285714285715,0.09112678425729961,9,4,0.4361986455100096
2021-09-10,Consumer,0.15092200000000003,0.06483666666666667,0.11543341051089509,17,4,0.46950441173355584
2021-09-10,Energy,-0.030254999999999997,0.30797942857142857,0.07780390752659093,14,4,0.613604092418191
2021-09-10,Financials,-0.10399666666666665,-0.03893500000000001,0.07762915069339191,11,4,0.6148161019323292
2021-09-10,Healthcare,-0.02121333333333333,0.021393095238095246,0.08724114351466958,4,2,0.1762147314824891
2021-09-10,Industrials,-0.02471,0.0,0.05988669307120088,7,4,0.5679499810286353
2021-09-10,Materials,0.0,-0.030779999999999995,0.018670604865650205,2,2,0.13187198158574429
2021-09-10,RealEstate,0.10618666666666668,0.0,0.04050339007338542,4,2,0.1762147314824891
2021-09-10,Tech,-0.10527333333333336,0.18947166666666665,0.11062743343701183,16,5,0.5846782756703292
2021-09-10,Utilities,0.14450000000000002,0.0,0.047811517965257185,3,2,0.1624278110061505
2021-09-13,Comm,0.24411571428571427,0.07243,0.08942707659754509,13,5,0.5303314077348393
2021-09-13,Consumer,0.1336848051948052,0.15092200000000003,0.11865964591899551,27,5,0.6878743246377587
2021-09-13,Energy,0.15351607142857143,-0.030254999999999997,0.06798037047871902,17,4,0.4858349999677666
2021-09-13,Financials,0.047966666666666664,-0.10399666666666665,0.06111771275156841,18,4,0.7003269198379494
2021-09-13,Healthcare,0.26873111111111114,-0.02121333333333333,0.07738164561939657,23,5,0.799515387619983
2021-09-13,Industrials,0.060873333333333335,-0.02471,0.052196084610182616,7,3,0.4343146913748387
2021-09-13,Materials,0.07007333333333333,0.0,0.016973277150591097,8,5,0.6384827856042757
2021-09-13,RealEstate,0.0,0.10618666666666668,0.04647459703641099,8,4,0.5675402538704672
2021-09-13,Tech,0.052699666666666665,-0.10527333333333336,0.09100009100334408,22,5,0.9373681715429703
2021-09-13,Utilities,0.04946,0.14450000000000002,0.05660137996841562,4,2,0.1762147314824891
2021-09-14,Comm,0.12824333333333332,0.24411571428571427,0.1034896800237423,18,4,0.5002335141699638
2021-09-14,Consumer,0.15592833333333336,0.1336848051948052,0.12002556948952367,17,5,0.9159184425621828
2021-09-14,Energy,-0.029349999999999998,0.15351607142857143,0.07575634329234196,9,4,0.4361986455100096
2021-09-14,Financials,0.133525,0.047966666666666664,0.05992216310748642,11,5,0.614816101932329
2021-09-14,Healthcare,0.12614,0.26873111111111114,0.09477705157318882,3,2,0.1624278110061505
2021-09-14,Industrials,0.019733333333333332,0.060873333333333335,0.052984925403196326,5,3,0.2873275267402535
2021-09-14,Materials,0.07636,0.07007333333333333,0.021800554985385846,3,3,0.27071301834358413
2021-09-14,RealEstate,0.20424000000000003,0.0,0.042249633669464534,3,3,0.27071301834358413
2021-09-14,Tech,0.194275,0.052699666666666665,0.0875182342454643,11,5,0.6941472118590813
2021-09-14,Utilities,0.04588,0.04946,0.05595216360765056,3,2,0.1624278110061505
2021-09-15,Comm,0.004713,0.12824333333333332,0.10574001214279602,11,3,0.4781903015029227
2021-09-15,Consumer,0.02382,0.15592833333333336,0.12328945711168818,25,5,0.9335169671061225
2021-09-15,Energy,-0.03437066666666667,-0.029349999999999998,0.06620122117485634,11,4,0.55175804019568
2021-09-15,Financials,0.22371500000000002,0.133525,0.06661333009771493,19,5,0.44392975013826946
2021-09-15,Healthcare,0.13782166666666668,0.12614,0.09762822870289893,12,4,0.6235076891729743
2021-09-15,Industrials,-0.009750000000000003,0.019733333333333332,0.04996205339684514,4,3,0.2936912191374818
2021-09-15,Materials,0.0,0.07636,0.02676050453216895,0,0,0.0
2021-09-15,RealEstate,0.0,0.20424000000000003,0.05697603060860412,4,3,0.2936912191374818
2021-09-15,Tech,0.06642428571428571,0.194275,0.09722339476860391,18,4,0.7003269198379494
2021-09-15,Utilities,0.43908,0.04588,0.055036512370591414,4,4,0.4405368287062228
2021-09-16,Comm,0.038579999999999996,0.004713,0.09655573831163275,12,4,0.6891400775069715
2021-09-16,Consumer,-0.022213999999999994,0.02382,0.11424677919244379,15,5,0.7247386766685783
2021-09-16,Energy,-0.021932,-0.03437066666666667,0.05705832228017242,7,3,0.2734573982730465
2021-09-16,Financials,0.0976,0.22371500000000002,0.08089530008883175,8,4,0.4643511168031096
2021-09-16,Healthcare,0.18983999999999998,0.13782166666666668,0.101282177608696,10,4,0.6176176548309908
2021-09-16,Industrials,0.05489333333333333,-0.009750000000000003,0.04453368490622285,4,2,0.1762147314824891
2021-09-16,Materials,0.059199999999999996,0.0,0.024327731392880858,3,2,0.1624278110061505
2021-09-16,RealEstate,0.014100000000000001,0.0,0.051796391462367385,3,3,0.27071301834358413
2021-09-16,Tech,0.20064333333333334,0.06642428571428571,0.09442347576366589,8,5,0.6384827856042757
2021-09-16,Utilities,0.10212000000000002,0.43908,0.08994955670053764,3,3,0.27071301834358413
2021-09-17,Comm,0.05224342857142857,0.038579999999999996,0.09128521664693887,17,4,0.642195689612565
2021-09-17,Consumer,0.20521333333333333,-0.022213999999999994,0.10184125381131252,14,4,0.6136040924181909
2021-09-17,Energy,0.030506666666666665,-0.021932,0.04987738389106584,3,1,0.09023767278119472
2021-09-17,Financials,0.13742666666666667,0.0976,0.08241390917166522,12,5,0.5455692280263525
2021-09-17,Healthcare,0.034284999999999996,0.18983999999999998,0.10933288873517817,9,5,0.5879199135134913
2021-09-17,Industrials,0.0,0.05489333333333333,0.04547547112686926,2,2,0.13187198158574429
2021-09-17,Materials,0.12798,0.059199999999999996,0.027497937629891687,6,3,0.3593858338737245
2021-09-17,RealEstate,0.0,0.014100000000000001,0.04836944678397035,4,3,0.2936912191374818
2021-09-17,Tech,-0.004446666666666654,0.20064333333333334,0.10407982645181749,10,5,0.720553930636156
2021-09-17,Utilities,-0.06364,0.10212000000000002,0.09105596063685241,1,1,0.03625384938440364
2021-09-20,Comm,0.3034075757575757,0.05224342857142857,0.08773596318552883,24,5,0.6491587110224596
2021-09-20,Consumer,0.1654626153846154,0.20521333333333333,0.11123871558604168,33,5,0.6733861047722045
2021-09-20,Energy,0.053949000000000004,0.030506666666666665,0.04811640959793864,14,4,0.6347628542257148
2021-09-20,Financials,-0.07712190476190477,0.13742666666666667,0.08741506894393808,20,5,0.7551418162394353
2021-09-20,Healthcare,0.06995133333333335,0.034284999999999996,0.10251035339561651,21,5,0.811938225461999
2021-09-20,Industrials,-0.002529999999999993,0.0,0.04134133738806296,11,4,0.6520776838676219
2021-09-20,Materials,0.12561,0.12798,0.036632670572628805,11,4,0.45784177803471326
2021-09-20,RealEstate,0.058589999999999996,0.0,0.04397222434906395,6,4,0.5031401674232144
2021-09-20,Tech,0.29294333333333333,-0.004446666666666654,0.09421378162286437,24,5,0.8526263667160664
2021-09-20,Utilities,0.06789,-0.06364,0.07699269148804763,3,2,0.1624278110061505
2021-09-21,Comm,0.0617,0.3034075757575757,0.10734247341935128,6,3,0.3593858338737245
2021-09-21,Consumer,0.11219888888888888,0.1654626153846154,0.11616816102227565,25,5,0.726068752193651
2021-09-21,Energy,0.12421,0.053949000000000004,0.04864664508903513,9,5,0.7116925268847526
2021-09-21,Financials,-0.012346999999999993,-0.07712190476190477,0.07245716224340691,18,5,0.5166346129952085
2021-09-21,Healthcare,0.09152,0.06995133333333335,0.0995504424808635,3,3,0.27071301834358413
2021-09-21,Industrials,-0.02263,-0.002529999999999993,0.037353033989148146,4,3,0.2936912191374818
2021-09-21,Materials,0.0,0.12561,0.04472151870238982,1,1,0.03625384938440364
2021-09-21,RealEstate,0.034,0.058589999999999996,0.04530111304460359,2,1,0.06593599079287214
2021-09-21,Tech,0.12121928571428571,0.29294333333333333,0.11228010450563428,22,5,0.7243299507377499
2021-09-21,Utilities,0.08481,0.06789,0.07616517408004331,2,1,0.06593599079287214
2021-09-22,Comm,0.15978399999999998,0.0617,0.10319315765395572,11,5,0.6148161019323292
2021-09-22,Consumer,0.24298333333333333,0.11219888888888888,0.11580731810105868,15,5,0.5412605306765332
2021-09-22,Energy,0.09969333333333334,0.12421,0.055516040990031934,14,5,0.87657727488313
2021-09-22,Financials,0.10247904761904762,-0.012346999999999993,0.06474769294855173,12,4,0.4364553824210819
2021-09-22,Healthcare,-0.06726,0.09152,0.09882040225533044,6,5,0.6289252092790181
2021-09-22,Industrials,0.029360000000000004,-0.02263,0.03190003089922559,7,4,0.49222331689148385
2021-09-22,Materials,0.03682,0.0,0.040655926093081655,8,5,0.7296946121191722
2021-09-22,RealEstate,0.06069,0.034,0.04427373913145781,3,2,0.1624278110061505
2021-09-22,Tech,0.08091866666666667,0.12121928571428571,0.11309275734278441,17,5,0.8338958954670619
2021-09-22,Utilities,0.11834,0.08481,0.07695106734549392,2,1,0.06593599079287214
2021-09-23,Comm,0.08847,0.15978399999999998,0.10833777968541428,9,5,0.7954210594594292
2021-09-23,Consumer,0.22485666666666665,0.24298333333333333,0.12736877403126545,25,5,0.8446105892864919
2021-09-23,Energy,0.17425166666666664,0.09969333333333334,0.05953215847578661,11,5,0.6941472118590813
2021-09-23,Financials,0.006608000000000003,0.10247904761904762,0.068177816100415,9,4,0.4361986455100096
2021-09-23,Healthcare,0.219124,-0.06726,0.08372218386848222,8,4,0.3648473060595861
2021-09-23,Industrials,0.26409333333333335,0.029360000000000004,0.03166911899929599,10,4,0.4117451032206606
2021-09-23,Materials,0.0,0.03682,0.04030720553916514,1,1,0.03625384938440364
2021-09-23,RealEstate,0.0,0.06069,0.04576612648314346,1,1,0.03625384938440364
2021-09-23,Tech,0.04324833333333335,0.08091866666666667,0.11016784000859188,12,5,0.7274256373684701
2021-09-23,Utilities,0.15151,0.11834,0.08071369758681265,3,2,0.1624278110061505
2021-09-24,Comm,0.05194,0.08847,0.10653161789583114,6,3,0.2795223152351191
2021-09-24,Consumer,0.02644924999999999,0.22485666666666665,0.13623130972539282,30,4,0.5507786030926383
2021-09-24,Energy,-0.04978,0.17425166666666664,0.06996120467495752,11,3,0.3647214164005342
2021-09-24,Financials,0.1464,0.006608000000000003,0.06258056009128636,6,5,0.6289252092790181
2021-09-24,Healthcare,-0.02948666666666667,0.219124,0.09603143988043839,6,4,0.4192834728526787
2021-09-24,Industrials,0.0128,0.26409333333333335,0.05279859302966302,7,3,0.4343146913748387
2021-09-24,Materials,0.0,0.0,0.03664291412651376,3,2,0.1624278110061505
2021-09-24,RealEstate,0.0,0.0,0.041605569530130414,2,1,0.06593599079287214
2021-09-24,Tech,0.17522000000000001,0.04324833333333335,0.10408424849265926,13,5,0.8456635961177164
2021-09-24,Utilities,0.0,0.15151,0.08714972507892058,0,0,0.0
2021-09-27,Comm,0.15547000000000002,0.05194,0.1015687435416647,10,4,0.6651267052026055
2021-09-27,Consumer,0.1272409523809524,0.02644924999999999,0.12625112247762985,33,5,0.7909225885142621
2021-09-27,Energy,0.003622222222222221,-0.04978,0.05907564061359775,21,5,0.6435362231439546
2021-09-27,Financials,0.150233,0.1464,0.07020050917389668,26,5,0.9209189074678982
2021-09-27,Healthcare,0.263595,-0.02948666666666667,0.08462070292161064,11,5,0.7420194333666041
2021-09-27,Industrials,0.042776,0.0128,0.049162357299693656,12,4,0.5692896292448896
2021-09-27,Materials,0.04019,0.0,0.03331174011501251,3,2,0.1624278110061505
2021-09-27,RealEstate,0.14803,0.0,0.03782324502739129,5,3,0.35117808823808755
2021-09-27,Tech,0.18366033333333334,0.17522000000000001,0.11055113499332662,22,5,0.8102674025201947
2021-09-27,Utilities,0.26,0.0,0.0792270227990187,11,4,0.5815827991251763
2021-09-28,Comm,0.140023,0.15547000000000002,0.10646885776514972,14,5,0.7363249109018292
2021-09-28,Consumer,0.10505333333333333,0.1272409523809524,0.12634110701429555,16,5,0.8467754337294423
2021-09-28,Energy,0.0075466666666666685,0.003622222222222221,0.05403442075983633,13,5,0.8939872301815861
2021-09-28,Financials,0.2564447619047619,0.150233,0.07747619015808789,17,5,0.6139673076515731
2021-09-28,Healthcare,0.16226933333333335,0.263595,0.10089109356510058,17,5,0.8338958954670619
2021-09-28,Industrials,0.05736666666666666,0.042776,0.04858177936335787,3,1,0.09023767278119472
2021-09-28,Materials,0.0,0.04019,0.033937036468193196,2,2,0.13187198158574429
2021-09-28,RealEstate,0.10533999999999999,0.14803,0.04784204093399208,1,1,0.03625384938440364
2021-09-28,Tech,0.151244,0.18366033333333334,0.11719742575150904,14,5,0.7080047220209896
2021-09-28,Utilities,-0.008800000000000002,0.26,0.09566092981728973,4,3,0.2936912191374818
2021-09-29,Comm,-0.054200000000000005,0.140023,0.10951923433195428,7,4,0.5679499810286353
2021-09-29,Consumer,0.18826900000000002,0.10505333333333333,0.12440585486148079,11,4,0.5004317108751516
2021-09-29,Energy,0.017446428571428568,0.0075466666666666685,0.04980826129682091,12,3,0.39677762038280184
2021-09-29,Financials,0.008009999999999998,0.2564447619047619,0.09374606031687643,6,2,0.2515700837116072
2021-09-29,Healthcare,0.27834166666666665,0.16226933333333335,0.10647093354403084,11,5,0.6941472118590813
2021-09-29,Industrials,0.0843,0.05736666666666666,0.049380405481840486,3,2,0.1624278110061505
2021-09-29,Materials,0.0,0.0,0.03085185133472108,2,2,0.13187198158574429
2021-09-29,RealEstate,0.0,0.10533999999999999,0.053069128121810985,2,1,0.06593599079287214
2021-09-29,Tech,0.17054533333333333,0.151244,0.1202925688650082,12,4,0.5951664305742027
2021-09-29,Utilities,0.052669999999999995,-0.008800000000000002,0.08616448165208157,2,1,0.06593599079287214
2021-09-30,Comm,0.10342666666666667,-0.054200000000000005,0.09463566757450388,10,5,0.6176176548309908
2021-09-30,Consumer,0.08550666666666666,0.18826900000000002,0.13021159532861887,18,5,0.7503502712549458
2021-09-30,Energy,0.09925333333333333,0.017446428571428568,0.04686627650360342,15,5,0.8726445290499207
2021-09-30,Financials,0.07618133333333332,0.008009999999999998,0.08595187301534221,20,5,0.8726083209877918
2021-09-30,Healthcare,0.0035899999999999986,0.27834166666666665,0.12209554564608864,12,4,0.5237464589052984
2021-09-30,Industrials,0.13932666666666665,0.0843,0.05255491407440044,8,4,0.5675402538704672
2021-09-30,Materials,0.12498000000000001,0.0,0.028047137577019165,5,3,0.2873275267402534
2021-09-30,RealEstate,0.12083999999999999,0.0,0.04824466192891907,2,2,0.13187198158574429
2021-09-30,Tech,0.16957166666666665,0.17054533333333333,0.1248610019984923,16,5,0.9094995399316231
2021-09-30,Utilities,-0.07981333333333333,0.052669999999999995,0.08311952877461962,6,3,0.3593858338737245
2021-10-01,Comm,0.16461,0.10342666666666667,0.09543484931015504,5,4,0.45151468487754115
2021-10-01,Consumer,0.14777390476190475,0.08550666666666666,0.12614751090480505,16,4,0.5846782756703292
2021-10-01,Energy,0.09469000000000001,0.09925333333333333,0.051628736215397056,6,2,0.2515700837116072
2021-10-01,Financials,0.122978,0.07618133333333332,0.08506364213515957,10,3,0.4550866930333618
2021-10-01,Healthcare,0.05945555555555555,0.0035899999999999986,0.11132231422371694,29,3,0.22939913172616663
2021-10-01,Industrials,0.0843,0.13932666666666665,0.060443255219151906,2,2,0.13187198158574429
2021-10-01,Materials,0.0,0.12498000000000001,0.03685921597910833,1,1,0.03625384938440364
2021-10-01,RealEstate,0.0,0.12083999999999999,0.05484423811719915,2,2,0.13187198158574429
2021-10-01,Tech,-0.171766,0.16957166666666665,0.12892560787741725,14,5,0.7363249109018292
2021-10-01,Utilities,0.0,-0.07981333333333333,0.06830745040116934,3,3,0.27071301834358413
2021-10-04,Comm,0.018139999999999996,0.16461,0.10172349937286822,12,5,0.6891400775069715
2021-10-04,Consumer,0.18449090476190477,0.14777390476190475,0.12811354670999592,28,5,0.6912397122533429
2021-10-04,Energy,0.130295,0.09469000000000001,0.05554339655945186,14,3,0.438288637441565
2021-10-04,Financials,0.036401,0.122978,0.08851040194105417,12,4,0.5692896292448896
2021-10-04,Healthcare,0.1329816,0.05945555555555555,0.10660715434479318,32,4,0.31847307331846414
2021-10-04,Industrials,0.096746,0.0843,0.06261205019922901,9,4,0.4361986455100096
2021-10-04,Materials,0.0,0.0,0.03350837816282576,0,0,0.0
2021-10-04,RealEstate,0.0,0.0,0.049858398288362867,2,2,0.13187198158574429
2021-10-04,Tech,0.16395857142857145,-0.171766,0.10159000716128841,25,5,0.8332735343967402
2021-10-04,Utilities,-0.05553333333333334,0.0,0.06209768218288121,4,2,0.1762147314824891
2021-10-05,Comm,-0.004519999999999999,0.018139999999999996,0.0941249994298802,10,4,0.3325633526013029
2021-10-05,Consumer,-0.021574666666666666,0.18449090476190477,0.13323876107835128,14,5,0.7080047220209896
2021-10-05,Energy,0.21606,0.130295,0.062338996872228956,10,5,0.6651267052026054
2021-10-05,Financials,0.0472,0.036401,0.0837731835827765,18,5,0.8293345103344136
2021-10-05,Healthcare,0.006321999999999994,0.1329816,0.10900483122253926,16,4,0.4308155715465583
2021-10-05,Industrials,0.019733333333333332,0.096746,0.06571513654475364,7,4,0.49222331689148374
2021-10-05,Materials,-0.00411999999999999,0.0,0.030462161966205232,4,3,0.2936912191374818
2021-10-05,RealEstate,0.0,0.0,0.04532581662578442,1,1,0.03625384938440364
2021-10-05,Tech,0.13896000000000003,0.16395857142857145,0.1072598766401323,13,5,0.6385623072725615
2021-10-05,Utilities,0.01366,-0.05553333333333334,0.051403953499588984,4,1,0.1101342071765557
2021-10-06,Comm,0.021336666666666667,-0.004519999999999999,0.08515727220898199,16,4,0.5456997239589739
2021-10-06,Consumer,0.166974,-0.021574666666666666,0.11916481310153146,27,5,0.829379899991812
2021-10-06,Energy,0.14254,0.21606,0.07631363352020815,8,3,0.3929124834487851
2021-10-06,Financials,0.11777333333333333,0.0472,0.080448348711615,16,4,0.6139121894538456
2021-10-06,Healthcare,0.08142,0.006321999999999994,0.09967002838412657,13,3,0.34384124237753316
2021-10-06,Industrials,-0.10736100000000001,0.019733333333333332,0.061534972616442696,11,3,0.4781903015029227
2021-10-06,Materials,0.1094095238095238,-0.00411999999999999,0.027318329060186573,14,3,0.42809587843129604
2021-10-06,RealEstate,0.14811000000000002,0.0,0.0412052878416222,3,2,0.1624278110061505
2021-10-06,Tech,0.08461116666666665,0.13896000000000003,0.11014170603648392,18,4,0.6179355175040729
2021-10-06,Utilities,0.0,0.01366,0.04797268499962635,0,0,0.0
2021-10-07,Comm,0.23674166666666668,0.021336666666666667,0.07935539897786241,10,5,0.6176176548309908
2021-10-07,Consumer,0.021430000000000005,0.166974,0.12351110281957405,8,4,0.6384827856042757
2021-10-07,Energy,0.11381857142857141,0.14254,0.08233421229109832,14,5,0.5938104120176041
2021-10-07,Financials,0.062368,0.11777333333333333,0.0838415291317712,16,5,0.7222496346515831
2021-10-07,Healthcare,0.08334266666666666,0.08142,0.09801093489466053,13,3,0.5303314077348392
2021-10-07,Industrials,0.0,-0.10736100000000001,0.04618079328767518,1,1,0.03625384938440364
2021-10-07,Materials,0.12738,0.1094095238095238,0.03478116494648995,3,3,0.27071301834358413
2021-10-07,RealEstate,0.0,0.14811000000000002,0.05092389803783837,1,1,0.03625384938440364
2021-10-07,Tech,-0.010751666666666677,0.08461116666666665,0.10782074791195509,11,5,0.6941472118590811
2021-10-07,Utilities,0.09878,0.0,0.04361153181784213,1,1,0.03625384938440364
2021-10-08,Comm,0.0018550000000000066,0.23674166666666668,0.09366324149502644,10,2,0.25431315198923155
2021-10-08,Consumer,0.07654999999999998,0.021430000000000005,0.11423100256324911,13,4,0.4286240144706235
2021-10-08,Energy,0.0473063492063492,0.11381857142857141,0.08519642675814132,19,4,0.5228505946072951
2021-10-08,Financials,0.14272,0.062368,0.081889390119792,7,5,0.6712136139429324
2021-10-08,Healthcare,0.042576666666666665,0.08334266666666666,0.0966774559648429,10,3,0.39302941671063063
2021-10-08,Industrials,0.03917,0.0,0.04198253935243198,3,2,0.1624278110061505
2021-10-08,Materials,0.148,0.12738,0.043199240860445416,5,4,0.45151468487754115
2021-10-08,RealEstate,0.20373999999999998,0.0,0.04629445276167124,2,2,0.13187198158574429
2021-10-08,Tech,0.05983433333333334,-0.010751666666666677,0.09704143749571673,14,5,0.7080047220209895
2021-10-08,Utilities,0.0,0.09878,0.04862684710712921,0,0,0.0
2021-10-11,Comm,0.18658333333333332,0.0018550000000000066,0.08531703772275132,12,5,0.5692896292448897
2021-10-11,Consumer,0.10502971861471862,0.07654999999999998,0.11080545687568102,27,5,0.729354183409885
2021-10-11,Energy,0.03470666666666668,0.0473063492063492,0.08175187425343294,15,4,0.49148944739593237
2021-10-11,Financials,0.16343003663003663,0.14272,0.08741944556344727,33,5,0.7795831965642367
2021-10-11,Healthcare,0.03921923076923077,0.042576666666666665,0.09175920239228141,18,4,0.3540978808169407
2021-10-11,Industrials,0.42738,0.03917,0.04172685395675634,4,4,0.4405368287062228
2021-10-11,Materials,0.1889,0.148,0.05272658260040493,6,5,0.6289252092790181
2021-10-11,RealEstate,0.08038,0.20373999999999998,0.06060768432879203,5,4,0.45151468487754115
2021-10-11,Tech,0.055946666666666665,0.05983433333333334,0.09365897348095462,5,3,0.2873275267402535
2021-10-11,Utilities,0.15591666666666665,0.0,0.04420622464284474,9,5,0.7116925268847526
2021-10-12,Comm,0.18191,0.18658333333333332,0.09452306459644058,8,3,0.4256551904028505
2021-10-12,Consumer,0.1741295,0.10502971861471862,0.11028038976104806,15,4,0.4698855156422651
2021-10-12,Energy,0.10206,0.03470666666666668,0.07747503720009055,9,3,0.4662813107175965
2021-10-12,Financials,0.011511666666666667,0.16343003663003663,0.09432949929677358,11,4,0.6148161019323292
2021-10-12,Healthcare,0.22478571428571428,0.03921923076923077,0.08698284133564045,15,5,0.6382027152753152
2021-10-12,Industrials,0.0,0.42738,0.0767862308697785,1,1,0.03625384938440364
2021-10-12,Materials,-0.08155,0.1889,0.0651059841821863,2,1,0.06593599079287214
2021-10-12,RealEstate,0.0,0.08038,0.06240516757162913,1,1,0.03625384938440364
2021-10-12,Tech,0.23244822222222222,0.055946666666666665,0.09023058195238297,23,5,0.7758260428016132
2021-10-12,Utilities,0.0,0.15591666666666665,0.05436171937228309,1,1,0.03625384938440364
2021-10-13,Comm,-0.10480666666666667,0.18191,0.10246733145130962,7,3,0.3885973554406451
2021-10-13,Consumer,0.064122,0.1741295,0.1160848543282255,13,4,0.6385623072725615
2021-10-13,Energy,0.17314666666666667,0.10206,0.07971003381826414,8,4,0.5675402538704672
2021-10-13,Financials,0.1456107222222222,0.011511666666666667,0.08680060542130932,29,5,0.6789099809385741
2021-10-13,Healthcare,-0.055432,0.22478571428571428,0.09951037524019261,9,4,0.4361986455100096
2021-10-13,Industrials,0.0965,0.0,0.06980566442707135,7,4,0.5679499810286353
2021-10-13,Materials,-0.008615000000000001,-0.08155,0.051773621983805716,6,3,0.2795223152351191
2021-10-13,RealEstate,0.20754,0.0,0.05673197051966283,3,2,0.1624278110061505
2021-10-13,Tech,0.11946333333333334,0.23244822222222222,0.10315945834055018,21,5,0.797040276370953
2021-10-13,Utilities,-0.07636,0.0,0.04941974488389372,2,2,0.13187198158574429
2021-10-14,Comm,-0.001044999999999996,-0.10480666666666667,0.08362424071331177,6,3,0.2795223152351191
2021-10-14,Consumer,0.22874523809523808,0.064122,0.11136095848020502,16,4,0.62965352764497
2021-10-14,Energy,0.11113500000000001,0.17314666666666667,0.08820427316811891,9,3,0.4662813107175965
2021-10-14,Financials,0.3209219285714286,0.1456107222222222,0.09214697967593775,55,5,0.6498280295070051
2021-10-14,Healthcare,0.0,-0.055432,0.08542470476381146,6,4,0.4192834728526787
2021-10-14,Industrials,0.14743,0.0965,0.0722324222064285,5,3,0.35117808823808755
2021-10-14,Materials,-0.05106000000000001,-0.008615000000000001,0.0462837472580052,3,2,0.1624278110061505
2021-10-14,RealEstate,0.06468333333333333,0.20754,0.07044179138151167,7,3,0.4343146913748387
2021-10-14,Tech,0.065432,0.11946333333333334,0.10464162879443954,11,4,0.55175804019568
2021-10-14,Utilities,-0.008579999999999999,-0.07636,0.03798522262172156,2,1,0.06593599079287214
2021-10-15,Comm,0.16146,-0.001044999999999996,0.0759270370121016,5,2,0.24312329185713755
2021-10-15,Consumer,0.26034666666666667,0.22874523809523808,0.12203225662702619,6,3,0.3593858338737245
2021-10-15,Energy,0.173063,0.11113500000000001,0.09028888469828991,13,5,0.6657351714118194
2021-10-15,Financials,0.32562075396825396,0.3209219285714286,0.11294470230280056,36,5,0.5859875225304723
2021-10-15,Healthcare,0.1066,0.0,0.07765882251255588,9,4,0.5008206670670481
2021-10-15,Industrials,0.080905,0.14743,0.07906856564220774,5,2,0.185917811420164
2021-10-15,Materials,0.059199999999999996,-0.05106000000000001,0.03743431568909563,2,2,0.13187198158574429
2021-10-15,RealEstate,0.09084,0.06468333333333333,0.06991829519531363,7,3,0.4343146913748387
2021-10-15,Tech,0.12802,0.065432,0.10107711708585414,8,4,0.4643511168031096
2021-10-15,Utilities,0.16632,-0.008579999999999999,0.03375202056520142,3,3,0.27071301834358413
2021-10-18,Comm,0.17103,0.16146,0.08370276092009236,7,3,0.351588083493917
2021-10-18,Consumer,0.05500772727272728,0.26034666666666667,0.13460629390335715,30,4,0.6191511193386209
2021-10-18,Energy,0.09307999999999998,0.173063,0.09781380427117264,18,5,0.8517489565596681
2021-10-18,Financials,0.03196966666666666,0.32562075396825396,0.13227888881784178,29,5,0.7259340488823715
2021-10-18,Healthcare,0.23418085714285714,0.1066,0.08028983864777807,22,5,0.8536745847980625
2021-10-18,Industrials,0.12445333333333333,0.080905,0.07923551422018885,7,4,0.49222331689148385
2021-10-18,Materials,0.12498000000000001,0.059199999999999996,0.03941301426281421,3,2,0.1624278110061505
2021-10-18,RealEstate,0.0,0.09084,0.07182026835937602,1,1,0.03625384938440364
2021-10-18,Tech,0.07923111904761906,0.12802,0.1035264700780492,37,5,0.7455930217820237
2021-10-18,Utilities,0.0679,0.16632,0.045803655059274015,3,2,0.1624278110061505
2021-10-19,Comm,0.06590666666666667,0.17103,0.0916416008364476,6,4,0.4192834728526786
2021-10-19,Consumer,0.035437916666666666,0.05500772727272728,0.12737006057329986,29,4,0.5289929504474064
2021-10-19,Energy,0.23352599999999998,0.09307999999999998,0.09738345842833876,10,5,0.540415447977117
2021-10-19,Financials,-0.08356000000000001,0.03196966666666666,0.12315986862228039,4,3,0.2936912191374818
2021-10-19,Healthcare,-0.008767857142857143,0.23418085714285714,0.0942799312382398,14,4,0.5259463649298779
2021-10-19,Industrials,0.06774666666666666,0.12445333333333333,0.08334622504865653,8,3,0.4643511168031096
2021-10-19,Materials,0.0,0.12498000000000001,0.04719183114801292,1,1,0.03625384938440364
2021-10-19,RealEstate,0.07636,0.0,0.06529115305397822,2,2,0.13187198158574429
2021-10-19,Tech,0.2747116666666667,0.07923111904761906,0.10131780180255556,16,5,0.8467754337294423
2021-10-19,Utilities,0.03612,0.0679,0.047812413690249106,6,5,0.6289252092790181
2021-10-20,Comm,0.04050666666666667,0.06590666666666667,0.0893020613664675,6,2,0.2795223152351191
2021-10-20,Consumer,0.18306,0.035437916666666666,0.11901259294542413,8,4,0.4643511168031096
2021-10-20,Energy,0.08418166666666667,0.23352599999999998,0.10976005311667159,9,3,0.4662813107175965
2021-10-20,Financials,-0.030470000000000004,-0.08356000000000001,0.10436715329298218,9,4,0.5879199135134913
2021-10-20,Healthcare,0.07502266666666665,-0.008767857142857143,0.0849119504763219,21,5,0.3665712663478222
2021-10-20,Industrials,0.02940000000000001,0.06774666666666666,0.08192808337756655,5,4,0.45151468487754115
2021-10-20,Materials,-0.01779,0.0,0.04290166468001174,5,4,0.45151468487754115
2021-10-20,RealEstate,0.05,0.07636,0.06629741186725291,2,2,0.13187198158574429
2021-10-20,Tech,0.18034333333333336,0.2747116666666667,0.11708088042656566,9,5,0.7116925268847526
2021-10-20,Utilities,0.195056,0.03612,0.04674946699113555,7,3,0.2734573982730465
2021-10-21,Comm,0.01725714285714286,0.04050666666666667,0.08486611639375834,25,5,0.5328659082622932
2021-10-21,Consumer,-0.0052489999999999985,0.18306,0.1248350844958401,29,5,0.7872805882245436
2021-10-21,Energy,0.07890166666666668,0.08418166666666667,0.10743474525758023,10,4,0.5764431445089249
2021-10-21,Financials,0.02457928571428571,-0.030470000000000004,0.09210923026634743,16,5,0.663688853463617
2021-10-21,Healthcare,0.24110499999999999,0.07502266666666665,0.08401292467544415,11,5,0.6941472118590813
2021-10-21,Industrials,0.05244,0.02940000000000001,0.07715280307051503,11,4,0.5517580401956801
2021-10-21,Materials,0.09693166666666668,-0.01779,0.03738424061819249,13,4,0.5489395273044826
2021-10-21,RealEstate,0.0984,0.05,0.06481582897022992,4,3,0.2936912191374818
2021-10-21,Tech,0.080074,0.18034333333333336,0.12283201250899907,27,5,0.7520284067283268
2021-10-21,Utilities,0.0,0.195056,0.060231879082850506,0,0,0.0
2021-10-22,Comm,0.19567333333333334,0.01725714285714286,0.07871984607224783,10,4,0.4117451032206606
2021-10-22,Consumer,0.11802666666666668,-0.0052489999999999985,0.11300925863258193,15,5,0.6787235225943828
2021-10-22,Energy,0.1351022857142857,0.07890166666666668,0.10484082902204264,19,5,0.7589766695912349
2021-10-22,Financials,-0.12932666666666665,0.02457928571428571,0.08597014439797819,10,4,0.48036928709077076
2021-10-22,Healthcare,0.035275999999999995,0.24110499999999999,0.09829402243222195,8,4,0.3648473060595861
2021-10-22,Industrials,0.062490000000000004,0.05244,0.07490618460955913,4,3,0.2936912191374818
2021-10-22,Materials,0.08038,0.09693166666666668,0.0427976429862356,3,3,0.27071301834358413
2021-10-22,RealEstate,0.14368,0.0984,0.06786893542748175,1,1,0.03625384938440364
2021-10-22,Tech,0.15496066666666666,0.080074,0.11894492046272642,26,3,0.3216606710294572
2021-10-22,Utilities,0.14152,0.0,0.054756253711682266,2,2,0.13187198158574429
2021-10-25,Comm,0.36803600000000003,0.19567333333333334,0.08935198127780106,8,4,0.3648473060595861
2021-10-25,Consumer,0.11121433333333333,0.11802666666666668,0.11346538663568054,23,5,0.6671115654663552
2021-10-25,Energy,0.1547461111111111,0.1351022857142857,0.10759187053951928,18,4,0.5729947525946859
2021-10-25,Financials,0.018748333333333332,-0.12932666666666665,0.06639770702846501,18,5,0.6705257743129304
2021-10-25,Healthcare,0.03323,0.035275999999999995,0.09256511130201996,16,4,0.501152807717425
2021-10-25,Industrials,0.030143333333333345,0.062490000000000004,0.07377744055414466,11,4,0.6520776838676219
2021-10-25,Materials,0.07487,0.08038,0.04621422089657781,4,3,0.2936912191374818
2021-10-25,RealEstate,0.02023,0.14368,0.07476085038861977,2,1,0.06593599079287214
2021-10-25,Tech,-0.02313166666666666,0.15496066666666666,0.12221907920853918,15,4,0.6197040858470453
2021-10-25,Utilities,0.14616,0.14152,0.06264386701062025,4,2,0.1762147314824891
2021-10-26,Comm,0.2707571428571428,0.36803600000000003,0.11468689207072824,12,5,0.4676307668797307
2021-10-26,Consumer,0.023364000000000003,0.11121433333333333,0.11326074542637624,17,5,0.8868416666078278
2021-10-26,Energy,0.15356571428571428,0.1547461111111111,0.11187861968239125,12,3,0.39677762038280184
2021-10-26,Financials,0.1305633333333333,0.018748333333333332,0.062065945783453036,15,4,0.6578397218991711
2021-10-26,Healthcare,-0.044615,0.03323,0.08717101027456359,6,3,0.2795223152351191
2021-10-26,Industrials,0.07419400000000001,0.030143333333333345,0.0698107035340709,37,4,0.5618740020410733
2021-10-26,Materials,-0.04019,0.07487,0.04881929172416165,3,2,0.1624278110061505
2021-10-26,RealEstate,0.16752,0.02023,0.06980350035329069,2,2,0.13187198158574429
2021-10-26,Tech,0.09469119047619048,-0.02313166666666666,0.10900537503806591,31,5,0.7765584754319999
2021-10-26,Utilities,0.05464,0.14616,0.0702362427369275,2,2,0.13187198158574429
2021-10-27,Comm,0.1139,0.2707571428571428,0.128875096687675,3,2,0.1624278110061505
2021-10-27,Consumer,0.2131883333333333,0.023364000000000003,0.1050883140239784,16,5,0.598938721418386
2021-10-27,Energy,0.021904285714285716,0.15356571428571428,0.11566835555542063,16,5,0.663688853463617
2021-10-27,Financials,0.039957619047619054,0.1305633333333333,0.06829298101526034,23,4,0.6271647651390285
2021-10-27,Healthcare,0.12554142857142855,-0.044615,0.0751904638859669,12,4,0.4515055680218089
2021-10-27,Industrials,0.011033333333333329,0.07419400000000001,0.07020918503097354,12,4,0.7274256373684701
2021-10-27,Materials,0.10533999999999999,-0.04019,0.04072753793105604,2,2,0.13187198158574429
2021-10-27,RealEstate,0.06069,0.16752,0.07868681850299154,3,2,0.1624278110061505
2021-10-27,Tech,0.05746804761904763,0.09469119047619048,0.10770408553244086,22,4,0.7588218531538333
2021-10-27,Utilities,0.04404,0.05464,0.06881840248811591,4,3,0.2936912191374818
2021-10-28,Comm,0.08780666666666667,0.1139,0.12751372426152274,11,4,0.4781903015029227
2021-10-28,Consumer,0.013621666666666666,0.2131883333333333,0.11491558850664703,19,4,0.6137811327998683
2021-10-28,Energy,0.08302833333333333,0.021904285714285716,0.10714434920622654,19,4,0.6032891476238021
2021-10-28,Financials,0.098585,0.039957619047619054,0.06571703901820203,6,2,0.2515700837116072
2021-10-28,Healthcare,0.13118784615384613,0.12554142857142855,0.07976782431191795,26,5,0.6002417879031836
2021-10-28,Industrials,0.14222581818181818,0.011033333333333329,0.06482956214936988,22,4,0.5759732138396565
2021-10-28,Materials,0.009626666666666669,0.10533999999999999,0.04660139811914185,5,2,0.24312329185713755
2021-10-28,RealEstate,0.12258499999999999,0.06069,0.07705074409362866,6,3,0.2795223152351191
2021-10-28,Tech,0.23563,0.05746804761904763,0.10313717299485965,12,5,0.8729107648421642
2021-10-28,Utilities,-0.08038,0.04404,0.06656582044374174,4,2,0.2202684143531114
2021-10-29,Comm,0.18426,0.08780666666666667,0.12390399175289946,12,4,0.6235076891729743
2021-10-29,Consumer,0.061662499999999995,0.013621666666666666,0.10570705015755791,28,4,0.5172853475803162
2021-10-29,Energy,0.34864555555555554,0.08302833333333333,0.10495198412687261,24,5,0.5011049699120741
2021-10-29,Financials,0.19056333333333333,0.098585,0.06870503547109276,14,4,0.5578219021983555
2021-10-29,Healthcare,0.01858768907563025,0.13118784615384613,0.08444237175209324,30,4,0.5015469961122907
2021-10-29,Industrials,0.01261,0.14222581818181818,0.071865585425047,11,3,0.43915435852309226
2021-10-29,Materials,0.0,0.009626666666666669,0.043240058896189565,1,1,0.03625384938440364
2021-10-29,RealEstate,0.10135333333333334,0.12258499999999999,0.08119022190329879,6,3,0.3593858338737245
2021-10-29,Tech,0.060548000000000005,0.23563,0.11518197544987241,13,4,0.5689009646610094
2021-10-29,Utilities,0.05464,-0.08038,0.05320710949431066,1,1,0.03625384938440364
2021-11-01,Comm,0.07648500000000001,0.18426,0.12939090159354497,6,3,0.2795223152351191
2021-11-01,Consumer,0.10802833333333335,0.061662499999999995,0.10170300014323445,17,5,0.6139673076515729
2021-11-01,Energy,0.09729916666666667,0.34864555555555554,0.12710594516584378,20,4,0.5690923832529075
2021-11-01,Financials,0.184029,0.19056333333333333,0.07978306254947827,14,4,0.6817823249091012
2021-11-01,Healthcare,0.2846013333333334,0.01858768907563025,0.07845558241786933,11,5,0.5815827991251763
2021-11-01,Industrials,0.042460000000000005,0.01261,0.06647871402277,3,1,0.09023767278119472
2021-11-01,Materials,0.0,0.0,0.03930914445108142,4,3,0.2936912191374818
2021-11-01,RealEstate,0.02679333333333333,0.10135333333333334,0.08302323203330193,5,3,0.2873275267402534
2021-11-01,Tech,0.25267833333333334,0.060548000000000005,0.11021525040897491,15,5,0.8384231749695317
2021-11-01,Utilities,0.17616,0.05464,0.05333737226755514,3,3,0.27071301834358413
2021-11-02,Comm,0.26006500000000005,0.07648500000000001,0.12458127417594995,15,5,0.8726445290499207
2021-11-02,Consumer,0.19501200000000002,0.10802833333333335,0.10227803043324343,24,5,0.9849304581030421
2021-11-02,Energy,0.014303333333333335,0.09729916666666667,0.12439623802955495,21,3,0.5678260792446659
2021-11-02,Financials,0.02996214285714286,0.184029,0.08925996595407114,15,4,0.5857476975814537
2021-11-02,Healthcare,0.20056333333333334,0.2846013333333334,0.09719610522836605,14,4,0.4720031480139931
2021-11-02,Industrials,0.02459,0.042460000000000005,0.06429519456615455,4,3,0.2936912191374818
2021-11-02,Materials,-0.07076000000000002,0.0,0.03573558586461947,15,4,0.33668962144445774
2021-11-02,RealEstate,0.013486666666666666,0.02679333333333333,0.0779114230605775,4,2,0.1762147314824891
2021-11-02,Tech,0.15081666666666665,0.25267833333333334,0.12316643976573476,19,5,0.685289614291115
2021-11-02,Utilities,0.0,0.17616,0.0645030656977774,3,2,0.1624278110061505
2021-11-03,Comm,0.11400300000000001,0.26006500000000005,0.13689797652359087,26,5,0.7909068264136068
2021-11-03,Consumer,0.17677380952380953,0.19501200000000002,0.11070839130294859,20,5,0.7699485185186398
2021-11-03,Energy,0.013253333333333334,0.014303333333333335,0.11438779214808026,8,2,0.3004624873431886
2021-11-03,Financials,0.09964500000000001,0.02996214285714286,0.08386925476344129,9,3,0.4662813107175965
2021-11-03,Healthcare,0.11291999999999999,0.20056333333333334,0.10659312596518125,10,4,0.6176176548309908
2021-11-03,Industrials,0.05423,0.02459,0.060685631423776865,6,3,0.4192834728526787
2021-11-03,Materials,0.0,-0.07076000000000002,0.026054168967835876,0,0,0.0
2021-11-03,RealEstate,0.0,0.013486666666666666,0.07205462702476742,2,1,0.06593599079287214
2021-11-03,Tech,0.2292806666666667,0.15081666666666665,0.1256800967567286,20,5,0.8924403282829689
2021-11-03,Utilities,0.010870000000000008,0.0,0.05863915063434309,4,3,0.2936912191374818
2021-11-04,Comm,0.13950533333333334,0.11400300000000001,0.13481661502144623,20,5,0.8180703009260548
2021-11-04,Consumer,0.10844666666666666,0.17677380952380953,0.11671433841393594,11,5,0.7969838358382045
2021-11-04,Energy,0.16875433333333334,0.013253333333333334,0.10519375043764871,13,4,0.6135206481638334
2021-11-04,Financials,0.22290000000000001,0.09964500000000001,0.08530341342131027,13,5,0.7631598306428174
2021-11-04,Healthcare,0.1043460606060606,0.11291999999999999,0.10716829633198295,16,4,0.3720679936083913
2021-11-04,Industrials,-0.024639999999999995,0.05423,0.060098755839797145,3,2,0.1624278110061505
2021-11-04,Materials,0.0,0.0,0.023685608152578072,2,2,0.13187198158574429
2021-11-04,RealEstate,0.0765,0.0,0.0655042063861522,5,3,0.2873275267402534
2021-11-04,Tech,0.2003686944634313,0.2292806666666667,0.13509833038490476,43,5,0.6637915936759455
2021-11-04,Utilities,0.093845,0.010870000000000008,0.05429650057667553,8,3,0.4256551904028505
2021-11-05,Comm,0.16154,0.13950533333333334,0.1352428621407087,8,4,0.5675402538704672
2021-11-05,Consumer,0.27509,0.10844666666666666,0.11596273189145692,13,5,0.7631598306428174
2021-11-05,Energy,0.13559833333333332,0.16875433333333334,0.1109719852463473,10,3,0.5086263039784631
2021-11-05,Financials,0.07658000000000001,0.22290000000000001,0.09781219401937297,7,3,0.3885973554406451
2021-11-05,Healthcare,0.2118666666666667,0.1043460606060606,0.1069117294478082,21,3,0.2640650155757869
2021-11-05,Industrials,0.15969333333333333,-0.024639999999999995,0.05239523258163377,4,2,0.1762147314824891
2021-11-05,Materials,0.04215,0.0,0.021532371047798246,4,3,0.2936912191374818
2021-11-05,RealEstate,0.0,0.0765,0.06650382398741109,0,0,0.0
2021-11-05,Tech,0.08926333333333333,0.2003686944634313,0.14103199984658898,12,5,0.5455692280263524
2021-11-05,Utilities,0.09540000000000001,0.093845,0.057891818706068666,4,2,0.1762147314824891
2021-11-08,Comm,-0.15794666666666668,0.16154,0.13763351103700788,7,5,0.5679499810286353
2021-11-08,Consumer,0.11516566666666668,0.27509,0.13042884717405173,20,5,0.6041134529915481
2021-11-08,Energy,0.14157866666666669,0.13559833333333332,0.11321074416334602,17,5,0.48583499996776647
2021-11-08,Financials,-0.005832000000000001,0.07658000000000001,0.09588199456306634,23,4,0.6505373650820979
2021-11-08,Healthcare,0.14769092307692305,0.2118666666666667,0.11645308737679531,23,5,0.5159434274789053
2021-11-08,Industrials,0.009496666666666664,0.15969333333333333,0.06214960537724281,13,4,0.5903689255916134
2021-11-08,Materials,0.094256,0.04215,0.02340670095254386,6,2,0.1935154490089286
2021-11-08,RealEstate,0.00996,0.0,0.06045802180673735,5,3,0.35117808823808755
2021-11-08,Tech,0.063098,0.08926333333333333,0.13632575743629302,29,5,0.6327953407238783
2021-11-08,Utilities,0.05464,0.09540000000000001,0.06130165336915333,4,3,0.2936912191374818
2021-11-09,Comm,0.10533999999999999,-0.15794666666666668,0.1107625857912193,8,4,0.5107862284834206
2021-11-09,Consumer,0.10217999999999998,0.11516566666666668,0.12904128530974399,9,4,0.5879199135134913
2021-11-09,Energy,0.058188,0.14157866666666669,0.11578964620910245,11,4,0.55175804019568
2021-11-09,Financials,0.013873333333333331,-0.005832000000000001,0.08663526778460576,13,4,0.5903689255916134
2021-11-09,Healthcare,0.0828275,0.14769092307692305,0.11929289062226149,11,3,0.31186324011060174
2021-11-09,Industrials,0.15938625,0.009496666666666664,0.05736297458537225,22,4,0.3541168648051221
2021-11-09,Materials,0.059199999999999996,0.094256,0.02984754632049442,1,1,0.03625384938440364
2021-11-09,RealEstate,0.12902999999999998,0.00996,0.055867292551579406,3,2,0.1624278110061505
2021-11-09,Tech,0.14256666666666667,0.063098,0.1296686885784482,16,4,0.4308155715465583
2021-11-09,Utilities,-0.012599999999999995,0.05464,0.060696048517412116,5,4,0.45151468487754115
2021-11-10,Comm,0.0016866666666666807,0.10533999999999999,0.11026962344656299,5,3,0.2873275267402534
2021-11-10,Consumer,0.13028256410256409,0.10217999999999998,0.12659935028158548,26,5,0.6002417879031836
2021-11-10,Energy,-0.025580000000000002,0.058188,0.11055313291736586,11,3,0.40601063335153814
2021-11-10,Financials,-0.007507000000000005,0.013873333333333331,0.08002054647085372,17,3,0.5321049999646966
2021-11-10,Healthcare,-0.023050000000000005,0.0828275,0.1159778551111468,8,4,0.5675402538704672
2021-11-10,Industrials,-0.054165,0.15938625,0.06663781780488387,16,4,0.5710811064686936
2021-11-10,Materials,0.09029333333333334,0.059199999999999996,0.03251595120044947,3,1,0.09023767278119472
2021-11-10,RealEstate,0.0,0.12902999999999998,0.0625184477741631,0,0,0.0
2021-11-10,Tech,0.09087277777777779,0.14256666666666667,0.1308412320410135,21,5,0.730062101885999
2021-11-10,Utilities,0.0,-0.012599999999999995,0.05403277137946556,3,2,0.1624278110061505
2021-11-11,Comm,0.10554666666666668,0.0016866666666666807,0.1003984455574815,9,4,0.5879199135134913
2021-11-11,Consumer,0.030333600000000006,0.13028256410256409,0.1269341879016744,35,5,0.3669813926813181
2021-11-11,Energy,0.045579999999999996,-0.025580000000000002,0.0981773935612417,8,5,0.6384827856042757
2021-11-11,Financials,0.036383000000000006,-0.007507000000000005,0.0720634967916852,14,5,0.7363249109018292
2021-11-11,Healthcare,0.19598666666666667,-0.023050000000000005,0.10333895919195164,10,5,0.7205539306361561
2021-11-11,Industrials,0.133815,-0.054165,0.05565574345898533,8,4,0.4643511168031096
2021-11-11,Materials,-0.02023,0.09029333333333334,0.03776844048525709,2,1,0.06593599079287214
2021-11-11,RealEstate,0.16028,0.0,0.05683495252196645,4,3,0.2936912191374818
2021-11-11,Tech,0.18551939393939393,0.09087277777777779,0.12720773619890116,16,4,0.3720679936083913
2021-11-11,Utilities,-0.00258,0.0,0.049120701254059596,4,3,0.2936912191374818
2021-11-12,Comm,0.08606666666666667,0.10554666666666668,0.10086646565831651,9,4,0.5879199135134913
2021-11-12,Consumer,-0.015451428571428569,0.030333600000000006,0.11815231627424946,17,5,0.6139673076515731
2021-11-12,Energy,0.0,0.045579999999999996,0.09339581232840152,0,0,0.0
2021-11-12,Financials,0.0,0.036383000000000006,0.06881981526516835,3,1,0.09023767278119472
2021-11-12,Healthcare,0.117395,0.19598666666666667,0.11176147805328936,8,4,0.4643511168031096
2021-11-12,Industrials,0.27281,0.133815,0.06276113041725939,5,4,0.45151468487754115
2021-11-12,Materials,0.11217333333333332,-0.02023,0.032495854986597364,5,3,0.2873275267402535
2021-11-12,RealEstate,0.09176,0.16028,0.06623904774724224,2,2,0.13187198158574429
2021-11-12,Tech,0.07454,0.18551939393939393,0.1325087959934914,9,4,0.5408863204324119
2021-11-12,Utilities,0.0843,-0.00258,0.04442063750369054,1,1,0.03625384938440364
2021-11-15,Comm,0.129412,0.08606666666666667,0.09952102938634835,12,5,0.6891400775069715
2021-11-15,Consumer,-0.02384780701754386,-0.015451428571428569,0.10600652128827874,32,5,0.4962614394913931
2021-11-15,Energy,0.017591666666666665,0.0,0.08490528393491048,12,4,0.4849504249123133
2021-11-15,Financials,0.21119428571428572,0.0,0.06256346842288033,15,4,0.6022476327245933
2021-11-15,Healthcare,0.10009666666666668,0.117395,0.11227361641208122,14,4,0.5578219021983555
2021-11-15,Industrials,0.22657500000000003,0.27281,0.08185648219750853,9,4,0.5008206670670481
2021-11-15,Materials,0.12738,0.11217333333333332,0.0397392621090279,2,2,0.13187198158574429
2021-11-15,RealEstate,0.07823866666666665,0.09176,0.06855913431567476,15,3,0.37840337985350553
2021-11-15,Tech,0.13494666666666666,0.07454,0.12723890544862854,19,4,0.4384150948570487
2021-11-15,Utilities,0.31565,0.0843,0.048046034094264126,4,3,0.2936912191374818
2021-11-16,Comm,0.020300000000000002,0.129412,0.10223839035122577,11,4,0.3912466103205731
2021-11-16,Consumer,0.11879119565217391,-0.02384780701754386,0.09420158235138577,34,4,0.38619146352143524
2021-11-16,Energy,-0.011376000000000006,0.017591666666666665,0.07878586418325195,9,2,0.32980873197098287
2021-11-16,Financials,0.144544,0.21119428571428572,0.07607536090391717,13,5,0.6657351714118194
2021-11-16,Healthcare,0.08849599999999999,0.10009666666666668,0.1111666209806799,8,3,0.34052415232228034
2021-11-16,Industrials,0.070465,0.22657500000000003,0.09501271108864412,11,4,0.5004317108751516
2021-11-16,Materials,0.07368,0.12738,0.047706601917298086,6,4,0.5031401674232144
2021-11-16,RealEstate,0.0,0.07823866666666665,0.06943909180212857,2,1,0.06593599079287214
2021-11-16,Tech,0.08814893939393939,0.13494666666666666,0.12793961101390475,23,2,0.39523213501214255
2021-11-16,Utilities,0.04526,0.31565,0.07237366735842193,2,2,0.13187198158574429
2021-11-17,Comm,-0.0023999999999999994,0.020300000000000002,0.0947894457738416,8,3,0.34052415232228034
2021-11-17,Consumer,0.2967350476190476,0.11879119565217391,0.0964370017423665,30,5,0.6025296127791948
2021-11-17,Energy,0.010785714285714286,-0.011376000000000006,0.07058933107568358,13,2,0.36811238889830017
2021-11-17,Financials,0.005269323308270675,0.144544,0.0822997826399247,30,5,0.4316197706927887
2021-11-17,Healthcare,0.18066500000000002,0.08849599999999999,0.10910565543698174,10,3,0.5086263039784631
2021-11-17,Industrials,0.07259333333333333,0.070465,0.09278110098967647,10,4,0.617617654830991
2021-11-17,Materials,-0.02044,0.07368,0.050067819924816445,3,2,0.1624278110061505
2021-11-17,RealEstate,0.010115,0.0,0.06312644709284415,4,1,0.1101342071765557
2021-11-17,Tech,0.034453333333333336,0.08814893939393939,0.12432227723027153,23,3,0.34116128917986244
2021-11-17,Utilities,0.12738,0.04526,0.0699087885076563,2,2,0.13187198158574429
2021-11-18,Comm,0.09115,-0.0023999999999999994,0.08595404161258327,13,5,0.6385623072725615
2021-11-18,Consumer,0.13585857142857144,0.2967350476190476,0.11464591500388296,29,5,0.6233857445792852
2021-11-18,Energy,-0.02236666666666667,0.010785714285714286,0.06515263864023182,8,5,0.6384827856042757
2021-11-18,Financials,0.2992,0.005269323308270675,0.07529701360977434,14,5,0.5938104120176041
2021-11-18,Healthcare,-0.0462,0.18066500000000002,0.11561105039725612,10,4,0.6651267052026055
2021-11-18,Industrials,0.05469999999999999,0.07259333333333333,0.09094584938455437,3,2,0.1624278110061505
2021-11-18,Materials,0.0,-0.02044,0.04365801811346949,1,1,0.03625384938440364
2021-11-18,RealEstate,0.23809999999999998,0.010115,0.05830722462985831,4,3,0.2936912191374818
2021-11-18,Tech,0.05062305418719212,0.034453333333333336,0.11615237323964078,37,3,0.3071073389382747
2021-11-18,Utilities,0.059199999999999996,0.12738,0.07513344409786937,3,3,0.27071301834358413
2021-11-19,Comm,0.04325,0.09115,0.08642640146598479,9,4,0.4361986455100096
2021-11-19,Consumer,0.086488,0.13585857142857144,0.11657433831521828,21,5,0.9144988434150935
2021-11-19,Energy,-0.03952047619047619,-0.02236666666666667,0.057196338157786505,14,3,0.42809587843129604
2021-11-19,Financials,0.20149866666666666,0.2992,0.0956518305543403,21,5,0.8956431971591121
2021-11-19,Healthcare,0.13001000000000001,-0.0462,0.10090095490659648,7,4,0.49222331689148374
2021-11-19,Industrials,-0.08885000000000001,0.05469999999999999,0.0876507721677767,3,2,0.1624278110061505
2021-11-19,Materials,0.0,0.0,0.039689107375881355,2,1,0.06593599079287214
2021-11-19,RealEstate,0.0,0.23809999999999998,0.07465202239078028,0,0,0.0
2021-11-19,Tech,0.09595473684210526,0.05062305418719212,0.11019516241669089,26,4,0.35569883727596074
2021-11-19,Utilities,0.11717999999999999,0.059199999999999996,0.07368494917988125,2,2,0.13187198158574429
2021-11-22,Comm,0.05197833333333333,0.04325,0.08250127405998617,7,2,0.2953339901348903
2021-11-22,Consumer,0.11859752380952382,0.086488,0.11383921665019843,26,5,0.9337094478493968
2021-11-22,Energy,0.000756666666666661,-0.03952047619047619,0.04840390048976262,7,2,0.2953339901348903
2021-11-22,Financials,0.2518485714285714,0.20149866666666666,0.10527427020091543,18,4,0.5946171960888249
2021-11-22,Healthcare,-0.09375214285714285,0.13001000000000001,0.10354723173326952,14,4,0.5259463649298779
2021-11-22,Industrials,0.091125,-0.08885000000000001,0.07160524742525154,7,4,0.3885973554406451
2021-11-22,Materials,0.25709499999999996,0.0,0.03608100670534668,9,5,0.5879199135134913
2021-11-22,RealEstate,0.19996666666666668,0.0,0.06786547490070935,8,4,0.5107862284834206
2021-11-22,Tech,0.18750116666666666,0.09595473684210526,0.10890057827354675,31,5,0.8162125252412935
2021-11-22,Utilities,0.14449666666666666,0.11717999999999999,0.07763904470898295,6,3,0.3593858338737245
2021-11-23,Comm,0.15267400000000003,0.05197833333333333,0.07972646126665409,11,5,0.6148161019323292
2021-11-23,Consumer,0.12491166666666667,0.11859752380952382,0.11427179002831891,13,4,0.6135206481638334
2021-11-23,Energy,0.23304399999999997,0.000756666666666661,0.04407233377857208,13,4,0.6135206481638334
2021-11-23,Financials,0.027969,0.2518485714285714,0.11859920667615687,17,4,0.5759899484153932
2021-11-23,Healthcare,0.14964,-0.09375214285714285,0.08561092495232293,10,4,0.4117451032206606
2021-11-23,Industrials,0.04576,0.091125,0.07337977038659231,3,2,0.1624278110061505
2021-11-23,Materials,0.050780000000000006,0.25709499999999996,0.05617318791395154,2,2,0.13187198158574429
2021-11-23,RealEstate,0.0,0.19996666666666668,0.07987467415216001,0,0,0.0
2021-11-23,Tech,0.33617600000000003,0.18750116666666666,0.11604608630928492,11,5,0.6148161019323292
2021-11-23,Utilities,0.0,0.14449666666666666,0.08371701034149964,1,1,0.03625384938440364
2021-11-24,Comm,0.129365,0.15267400000000003,0.08635805569695827,7,4,0.3885973554406451
2021-11-24,Consumer,0.05358666666666666,0.12491166666666667,0.11523905154089598,9,4,0.5879199135134913
2021-11-24,Energy,0.018213333333333335,0.23304399999999997,0.06125157616233825,5,3,0.2873275267402535
2021-11-24,Financials,0.06996,0.027969,0.11036009697832443,13,4,0.5689009646610094
2021-11-24,Healthcare,-0.11587999999999998,0.14964,0.09143174995665722,4,3,0.2936912191374818
2021-11-24,Industrials,0.0,0.04576,0.07086888216962936,4,3,0.2936912191374818
2021-11-24,Materials,0.0,0.050780000000000006,0.0556828981035923,3,3,0.27071301834358413
2021-11-24,RealEstate,0.059199999999999996,0.0,0.07261334013832728,1,1,0.03625384938440364
2021-11-24,Tech,-0.006202222222222215,0.33617600000000003,0.13605789664480447,21,4,0.6341415337549917
2021-11-24,Utilities,0.068,0.0,0.07610637303772695,1,1,0.03625384938440364
2021-11-26,Comm,0.08984666666666666,0.129365,0.0902677779063257,7,5,0.5679499810286353
2021-11-26,Consumer,0.27336733333333335,0.05358666666666666,0.10963428927960239,18,5,0.8080695228899415
2021-11-26,Energy,-0.03554,0.018213333333333335,0.05733900863242871,14,4,0.5578219021983555
2021-11-26,Financials,-0.16297966666666666,0.06996,0.10668736088938584,15,5,0.7774469440626567
2021-11-26,Healthcare,-0.07059333333333334,-0.11587999999999998,0.07258522723332475,5,3,0.2873275267402535
2021-11-26,Industrials,0.016,0.0,0.06442625651784488,5,2,0.185917811420164
2021-11-26,Materials,0.0,0.0,0.05062081645781118,2,2,0.13187198158574429
2021-11-26,RealEstate,0.06369,0.059199999999999996,0.07139394558029752,2,1,0.06593599079287214
2021-11-26,Tech,-0.022650000000000003,-0.006202222222222215,0.12312515856598386,8,3,0.34052415232228034
2021-11-26,Utilities,0.0,0.068,0.07536943003429722,0,0,0.0
2021-11-29,Comm,-0.13546,0.08984666666666666,0.09022949506635668,5,3,0.35117808823808755
2021-11-29,Consumer,0.04122575757575757,0.27336733333333335,0.1245191114663052,23,5,0.6425553115228084
2021-11-29,Energy,-0.05344,-0.03554,0.048895462393117005,10,4,0.5764431445089249
2021-11-29,Financials,0.014704333333333333,-0.16297966666666666,0.08217217656610834,16,4,0.62965352764497
2021-11-29,Healthcare,0.10093717948717948,-0.07059333333333334,0.05956899445453764,19,4,0.3857094550381685
2021-11-29,Industrials,0.02026,0.016,0.06002386956167716,5,4,0.45151468487754115
2021-11-29,Materials,0.0,0.0,0.046018924052555615,3,2,0.1624278110061505
2021-11-29,RealEstate,0.04166,0.06369,0.07069358689117956,6,4,0.4192834728526786
2021-11-29,Tech,0.12805257142857143,-0.022650000000000003,0.10987287142362168,31,5,0.8375980062519824
2021-11-29,Utilities,0.04755,0.0,0.06851766366754293,4,1,0.1101342071765557
2021-11-30,Comm,0.060309999999999996,-0.13546,0.06971226824214244,14,3,0.29219242496104336
2021-11-30,Consumer,0.19058066666666668,0.04122575757575757,0.11694698838534634,17,4,0.5033425675341725
2021-11-30,Energy,-0.023745000000000027,-0.05344,0.03959223853919728,11,4,0.5815827991251763
2021-11-30,Financials,0.14717466666666668,0.014704333333333333,0.07603873627221969,13,4,0.6657351714118194
2021-11-30,Healthcare,0.05767428571428572,0.10093717948717948,0.06332973854841417,10,3,0.3202461913938472
2021-11-30,Industrials,0.04284666666666667,0.02026,0.05640897232879742,5,2,0.24312329185713755
2021-11-30,Materials,0.08065,0.0,0.04183538550232328,3,2,0.1624278110061505
2021-11-30,RealEstate,0.0,0.04166,0.06805416990107233,5,5,0.6321205588285576
2021-11-30,Tech,0.02141722222222222,0.12805257142857143,0.11152557142407167,23,5,0.7535001135123581
2021-11-30,Utilities,0.11713,0.04755,0.06661151242503902,4,2,0.2202684143531114
2021-12-01,Comm,0.19230333333333333,0.060309999999999996,0.06885751658376585,8,4,0.5675402538704672
2021-12-01,Consumer,-0.080848,0.19058066666666668,0.12364095913819365,21,5,0.6250171951398119
2021-12-01,Energy,0.21672333333333332,-0.023745000000000027,0.033834307762906614,11,5,0.5004317108751517
2021-12-01,Financials,-0.023854999999999998,0.14717466666666668,0.08250563903535124,8,4,0.4643511168031096
2021-12-01,Healthcare,-0.08930666666666667,0.05767428571428572,0.0628156064725843,17,4,0.3604582257825364
2021-12-01,Industrials,-0.08699,0.04284666666666667,0.05517603545042189,4,3,0.2936912191374818
2021-12-01,Materials,-0.03996,0.08065,0.0453639868202939,3,1,0.09023767278119472
2021-12-01,RealEstate,0.04046,0.0,0.06186742718279302,2,2,0.13187198158574429
2021-12-01,Tech,-0.06669999999999998,0.02141722222222222,0.10333390331481263,8,5,0.5107862284834206
2021-12-01,Utilities,0.02732,0.11713,0.07120410220458093,4,3,0.2936912191374818
2021-12-02,Comm,-0.064,0.19230333333333333,0.08007986356099925,6,5,0.6289252092790181
2021-12-02,Consumer,0.19503357142857142,-0.080848,0.10505105376199422,17,4,0.6573061764269782
2021-12-02,Energy,0.11395873015873015,0.21672333333333332,0.05046058281476358,25,5,0.7617040283749343
2021-12-02,Financials,-0.0014041666666666508,-0.023854999999999998,0.07283649003213748,17,5,0.6139673076515729
2021-12-02,Healthcare,-0.12022666666666666,-0.08930666666666667,0.048986308914470575,12,4,0.5951664305742027
2021-12-02,Industrials,-0.0025499999999999993,-0.08699,0.04225185040947445,5,3,0.35117808823808755
2021-12-02,Materials,-0.14220666666666668,-0.03996,0.037607260745721724,5,3,0.2873275267402535
2021-12-02,RealEstate,0.189,0.04046,0.059921297438902746,4,2,0.1762147314824891
2021-12-02,Tech,0.17711696969696972,-0.06669999999999998,0.08787627574073874,24,5,0.6566203054020282
2021-12-02,Utilities,0.0,0.02732,0.06721463836780084,1,1,0.03625384938440364
2021-12-03,Comm,-0.009113333333333334,-0.064,0.06698169414636296,6,2,0.2795223152351191
2021-12-03,Consumer,0.24809514285714288,0.19503357142857142,0.11323128264077395,16,4,0.598938721418386
2021-12-03,Energy,-0.003618333333333333,0.11395873015873015,0.05623314166421509,7,2,0.2953339901348903
2021-12-03,Financials,0.02769866666666667,-0.0014041666666666508,0.06608733942315528,10,4,0.48036928709077076
2021-12-03,Healthcare,0.186535,-0.12022666666666666,0.033603311134367195,8,4,0.4643511168031096
2021-12-03,Industrials,0.12738,-0.0025499999999999993,0.038178954917704046,4,3,0.2936912191374818
2021-12-03,Materials,-0.006443333333333333,-0.14220666666666668,0.021260540071868228,7,2,0.19954999333438533
2021-12-03,RealEstate,-0.08424000000000001,0.189,0.07165572494445704,4,3,0.2936912191374818
2021-12-03,Tech,0.14583982142857144,0.17711696969696972,0.09598906610039609,28,4,0.4912584118530047
2021-12-03,Utilities,0.16612,0.0,0.06110421669800077,3,2,0.1624278110061505
2021-12-06,Comm,0.05042222222222222,-0.009113333333333334,0.06006396437548147,12,4,0.31175384458648714
2021-12-06,Consumer,0.16825809523809526,0.24809514285714288,0.12549163356953477,27,5,0.628318106054403
2021-12-06,Energy,0.037529880952380947,-0.003618333333333333,0.05079209848261977,24,5,0.8045910784503725
2021-12-06,Financials,0.03060933333333334,0.02769866666666667,0.06259746008165631,21,4,0.6075341966743627
2021-12-06,Healthcare,0.17400722222222223,0.186535,0.047506191940333814,19,5,0.6137811327998683
2021-12-06,Industrials,0.11961733333333333,0.12738,0.0462881408342764,8,2,0.3004624873431886
2021-12-06,Materials,0.047670000000000004,-0.006443333333333333,0.018742006125940812,3,2,0.1624278110061505
2021-12-06,RealEstate,0.02023,-0.08424000000000001,0.05748338631314276,4,3,0.2936912191374818
2021-12-06,Tech,0.1554797121212121,0.14583982142857144,0.10052095294841204,44,5,0.7195941192440948
2021-12-06,Utilities,0.15674,0.16612,0.0706511060890916,3,3,0.27071301834358413
2021-12-07,Comm,0.15863333333333335,0.05042222222222222,0.05918744236154881,9,4,0.5879199135134913
2021-12-07,Consumer,-0.027633333333333343,0.16825809523809526,0.1293794937212221,14,5,0.6817823249091012
2021-12-07,Energy,0.09759233333333332,0.037529880952380947,0.049586442343507155,14,4,0.6817823249091012
2021-12-07,Financials,0.06895055555555556,0.03060933333333334,0.0596894485590815,21,5,0.7063202449140965
2021-12-07,Healthcare,0.009253333333333334,0.17400722222222223,0.05900628560232367,13,3,0.35156801186916314
2021-12-07,Industrials,0.13554,0.11961733333333333,0.05295443106146339,6,4,0.5031401674232144
2021-12-07,Materials,0.0,0.047670000000000004,0.021371823750855286,2,1,0.06593599079287214
2021-12-07,RealEstate,0.0,0.02023,0.054096714830129775,4,3,0.2936912191374818
2021-12-07,Tech,0.2273507654600302,0.1554797121212121,0.10551720378230293,43,5,0.6910876965934613
2021-12-07,Utilities,0.16999,0.15674,0.07847736917190146,3,2,0.1624278110061505
2021-12-08,Comm,0.20429,0.15863333333333335,0.06822797790443831,9,4,0.5408863204324119
2021-12-08,Consumer,0.051433333333333345,-0.027633333333333343,0.11510560035262611,14,4,0.6136040924181909
2021-12-08,Energy,0.13581666666666664,0.09759233333333332,0.05395061425167317,16,4,0.5456997239589739
2021-12-08,Financials,-0.045172000000000004,0.06895055555555556,0.06053136737694278,13,5,0.5903689255916135
2021-12-08,Healthcare,0.06422666666666668,0.009253333333333334,0.05448328994150636,5,3,0.2873275267402535
2021-12-08,Industrials,-0.020325,0.13554,0.060462210055875806,6,3,0.2795223152351191
2021-12-08,Materials,0.08808,0.0,0.019428930682595713,2,2,0.13187198158574429
2021-12-08,RealEstate,0.009199999999999996,0.0,0.04917883166375434,5,4,0.45151468487754115
2021-12-08,Tech,0.04304833333333333,0.2273507654600302,0.11659298211664178,15,4,0.5701277589792815
2021-12-08,Utilities,-0.05464,0.16999,0.08679669924718314,1,1,0.03625384938440364
2021-12-09,Comm,0.012575,0.20429,0.08059725264039846,7,3,0.351588083493917
2021-12-09,Consumer,0.13949,0.051433333333333345,0.10931721244178132,20,5,0.8354760520095879
2021-12-09,Energy,0.004825000000000001,0.13581666666666664,0.06139298265303622,11,4,0.6520776838676219
2021-12-09,Financials,0.19018666666666667,-0.045172000000000004,0.050921970342675246,19,5,0.775657475516317
2021-12-09,Healthcare,0.010859999999999998,0.06422666666666668,0.05536905146197548,6,4,0.5031401674232144
2021-12-09,Industrials,0.12252999999999999,-0.020325,0.05311791823261437,4,3,0.2936912191374818
2021-12-09,Materials,0.19453,0.08808,0.02566993698417792,7,5,0.6712136139429324
2021-12-09,RealEstate,0.12972,0.009199999999999996,0.04554439242159485,2,2,0.13187198158574429
2021-12-09,Tech,0.13742472727272725,0.04304833333333333,0.10990710495452283,27,5,0.729354183409885
2021-12-09,Utilities,0.0,-0.05464,0.07393881749743922,0,0,0.0
2021-12-10,Comm,0.15510666666666667,0.012575,0.07441341149127133,9,5,0.7116925268847526
2021-12-10,Consumer,0.10152999999999998,0.13949,0.11206019312889211,8,4,0.5675402538704672
2021-12-10,Energy,0.15840400000000002,0.004825000000000001,0.056250438775487466,8,3,0.34052415232228034
2021-12-10,Financials,0.055742,0.19018666666666667,0.06358239728121992,10,4,0.5086263039784631
2021-12-10,Healthcare,0.05132166666666667,0.010859999999999998,0.05132277405634135,13,5,0.8022962322142438
2021-12-10,Industrials,0.06704666666666667,0.12252999999999999,0.05942810748419488,4,2,0.1762147314824891
2021-12-10,Materials,0.068,0.19453,0.04102085180379811,1,1,0.03625384938440364
2021-12-10,RealEstate,0.14504,0.12972,0.053196720383268045,4,4,0.4405368287062228
2021-12-10,Tech,0.04110363636363636,0.13742472727272725,0.11240870698345048,16,3,0.35589112432106995
2021-12-10,Utilities,0.059199999999999996,0.0,0.06721710681585383,1,1,0.03625384938440364
2021-12-13,Comm,0.040465,0.15510666666666667,0.08174916196176182,9,5,0.5879199135134913
2021-12-13,Consumer,0.05103,0.10152999999999998,0.11110290284444738,21,5,0.7826791903102152
2021-12-13,Energy,0.05660380952380952,0.15840400000000002,0.06553712615953407,12,4,0.4364553824210819
2021-12-13,Financials,0.292502,0.055742,0.06286963389201812,19,5,0.8504196418311428
2021-12-13,Healthcare,0.21109166666666668,0.05132166666666667,0.05132267338455273,18,5,0.8080695228899416
2021-12-13,Industrials,-0.021665,0.06704666666666667,0.060120703773510496,10,3,0.5086263039784631
2021-12-13,Materials,0.0,0.068,0.04347350163981646,2,1,0.06593599079287214
2021-12-13,RealEstate,0.013486666666666666,0.14504,0.0615461094393346,10,5,0.786058833421261
2021-12-13,Tech,0.08031590909090909,0.04110363636363636,0.10592642783619466,35,5,0.903234645455495
2021-12-13,Utilities,0.14066,0.059199999999999996,0.06648827892350348,4,2,0.1762147314824891
2021-12-14,Comm,0.043993333333333336,0.040465,0.07799605632887438,5,3,0.2873275267402534
2021-12-14,Consumer,0.10391733333333333,0.05103,0.10564172985858851,20,5,0.8924403282829689
2021-12-14,Energy,0.19192,0.05660380952380952,0.06472500646537728,4,3,0.2936912191374818
2021-12-14,Financials,0.04806666666666667,0.292502,0.08374530353819828,11,4,0.45784177803471326
2021-12-14,Healthcare,0.049760000000000006,0.21109166666666668,0.06584712731929036,12,5,0.6891400775069717
2021-12-14,Industrials,0.13813,-0.021665,0.05268563979410046,9,4,0.6439122862290618
2021-12-14,Materials,0.14552,0.0,0.03952136512710587,6,3,0.2795223152351191
2021-12-14,RealEstate,0.27915,0.013486666666666666,0.05717706918727387,4,3,0.2936912191374818
2021-12-14,Tech,0.02925833333333333,0.08031590909090909,0.10359819885935051,19,5,0.7129780835554027
2021-12-14,Utilities,0.1089,0.14066,0.07323116265773043,3,3,0.27071301834358413
2021-12-15,Comm,0.073494,0.043993333333333336,0.0749048996929161,8,3,0.34052415232228034
2021-12-15,Consumer,0.30734500000000003,0.10391733333333333,0.10548496653811076,18,5,0.9549912543244764
2021-12-15,Energy,0.10407999999999999,0.19192,0.07628818769579752,5,3,0.35117808823808755
2021-12-15,Financials,0.048496,0.04806666666666667,0.08050179109533177,14,4,0.6817823249091012
2021-12-15,Healthcare,-0.014914999999999994,0.049760000000000006,0.06438466119935488,9,4,0.5408863204324119
2021-12-15,Industrials,0.035264444444444445,0.13813,0.06045330890372769,14,4,0.40906939494546063
2021-12-15,Materials,0.13557999999999998,0.14552,0.04915760466100534,6,3,0.2795223152351191
2021-12-15,RealEstate,0.10115,0.27915,0.07735642653388533,4,3,0.2936912191374818
2021-12-15,Tech,0.20407466666666668,0.02925833333333333,0.09684002926607622,25,5,0.75247125227342
2021-12-15,Utilities,0.05464,0.1089,0.07647378423430039,3,3,0.27071301834358413
2021-12-16,Comm,0.20951,0.073494,0.07477663608446919,13,5,0.4406979303712044
2021-12-16,Consumer,0.24237000000000003,0.30734500000000003,0.12383587867100979,10,4,0.5764431445089249
2021-12-16,Energy,0.09286999999999998,0.10407999999999999,0.07881471608708865,5,4,0.45151468487754115
2021-12-16,Financials,-0.057003000000000005,0.048496,0.07759217372302887,24,4,0.6882646574695956
2021-12-16,Healthcare,0.011853999999999998,-0.014914999999999994,0.05717560109032262,14,5,0.7363249109018292
2021-12-16,Industrials,-0.019345,0.035264444444444445,0.05816341213470193,19,5,0.7276786625977819
2021-12-16,Materials,0.02145333333333333,0.13557999999999998,0.0570141860554594,5,2,0.24312329185713755
2021-12-16,RealEstate,0.06124,0.10115,0.07951947866716849,5,4,0.45151468487754115
2021-12-16,Tech,0.08213541666666667,0.20407466666666668,0.1065886326661299,30,5,0.5646346685792454
2021-12-16,Utilities,0.0,0.05464,0.07448889475845491,2,2,0.13187198158574429
2021-12-17,Comm,-0.07021999999999999,0.20951,0.08702512371315381,11,4,0.3912466103205731
2021-12-17,Consumer,0.10430390476190476,0.24237000000000003,0.13461170788273616,29,5,0.8180037331308673
2021-12-17,Energy,0.090232,0.09286999999999998,0.08009246917008059,11,3,0.4781903015029227
2021-12-17,Financials,0.11059133333333335,-0.057003000000000005,0.06535624883911716,13,5,0.7276640245664072
2021-12-17,Healthcare,0.20345399999999997,0.011853999999999998,0.053055455536656915,8,3,0.34052415232228034
2021-12-17,Industrials,0.03994628571428572,-0.019345,0.05111719284972902,14,4,0.48442428348804556
2021-12-17,Materials,0.0,0.02145333333333333,0.05378138126253884,1,1,0.03625384938440364
2021-12-17,RealEstate,0.04403999999999999,0.06124,0.07785770787924409,3,2,0.1624278110061505
2021-12-17,Tech,-0.13416333333333333,0.08213541666666667,0.10436561302981504,16,5,0.6821246549487173
2021-12-17,Utilities,0.0,0.0,0.06771717705314081,4,4,0.4405368287062228
2021-12-20,Comm,0.10350000000000001,-0.07021999999999999,0.07273011246650345,13,5,0.4406979303712044
2021-12-20,Consumer,0.13935782805429864,0.10430390476190476,0.1318564530535697,38,5,0.5963955984008728
2021-12-20,Energy,0.000553333333333339,0.090232,0.08101424470007326,7,3,0.3885973554406451
2021-12-20,Financials,-0.045152727272727275,0.11059133333333335,0.06946852924768228,19,3,0.4553860017547409
2021-12-20,Healthcare,0.11151933333333333,0.20345399999999997,0.06672805048786992,14,5,0.8003531640237274
2021-12-20,Industrials,-0.025652500000000012,0.03994628571428572,0.05010165583741599,17,5,0.6277643258010467
2021-12-20,Materials,0.03256,0.0,0.04889216478412622,3,3,0.27071301834358413
2021-12-20,RealEstate,0.05799000000000001,0.04403999999999999,0.0747833707993128,3,2,0.1624278110061505
2021-12-20,Tech,0.022605000000000007,-0.13416333333333333,0.08268116336043792,26,5,0.6402579070967291
2021-12-20,Utilities,0.17284000000000002,0.0,0.06156107004830983,4,3,0.2936912191374818
2021-12-21,Comm,0.07067,0.10350000000000001,0.0755273749695486,13,4,0.4171940407514068
2021-12-21,Consumer,0.07688456140350877,0.13935782805429864,0.1325383962354541,31,4,0.4534514029118298
2021-12-21,Energy,0.0,0.000553333333333339,0.07369961639400599,1,1,0.03625384938440364
2021-12-21,Financials,0.2138,-0.045152727272727275,0.05904841501855414,12,5,0.6891400775069715
2021-12-21,Healthcare,0.16676285714285713,0.11151933333333333,0.07079998529200296,16,5,0.6821246549487173
2021-12-21,Industrials,0.14484866666666668,-0.025652500000000012,0.043214914397650905,15,4,0.6787235225943828
2021-12-21,Materials,0.0,0.03256,0.04740742253102384,0,0,0.0
2021-12-21,RealEstate,0.27568000000000004,0.05799000000000001,0.073256700726648,4,4,0.4405368287062228
2021-12-21,Tech,0.1621288888888889,0.022605000000000007,0.07721969396403447,18,5,0.6060521421674562
2021-12-21,Utilities,0.23175999999999997,0.17284000000000002,0.07167733640755439,2,2,0.13187198158574429
2021-12-22,Comm,0.15545666666666666,0.07067,0.07508579542686236,7,2,0.19954999333438533
2021-12-22,Consumer,0.01604333333333334,0.07688456140350877,0.12747895670527726,14,4,0.6347628542257148
2021-12-22,Energy,0.04019,0.0,0.06699965126727818,4,3,0.2936912191374818
2021-12-22,Financials,0.1324,0.2138,0.0731167409259583,7,4,0.5679499810286353
2021-12-22,Healthcare,0.06011500000000001,0.16676285714285713,0.0795238827329897,14,4,0.472003148013993
2021-12-22,Industrials,0.26861999999999997,0.14484866666666668,0.052454346422106876,6,4,0.5031401674232144
2021-12-22,Materials,0.0,0.0,0.04309765684638531,0,0,0.0
2021-12-22,RealEstate,0.0,0.27568000000000004,0.09165881884240727,4,2,0.2202684143531114
2021-12-22,Tech,0.5457966666666667,0.1621288888888889,0.08493871168447578,18,5,0.7329002649466912
2021-12-22,Utilities,0.0,0.23175999999999997,0.08623030582504944,1,1,0.03625384938440364
2021-12-23,Comm,0.07453333333333333,0.15545666666666666,0.08239223826684457,10,3,0.4550866930333618
2021-12-23,Consumer,0.0744225,0.01604333333333334,0.117348445489646,16,5,0.5710811064686936
2021-12-23,Energy,-0.015326666666666666,0.04019,0.06456241024298016,11,5,0.5004317108751517
2021-12-23,Financials,0.09492999999999999,0.1324,0.07850612811450755,16,5,0.701613930804395
2021-12-23,Healthcare,0.21105372549019608,0.06011500000000001,0.07775943884817245,23,5,0.34796184643926176
2021-12-23,Industrials,0.019932,0.26861999999999997,0.07210576947464262,7,3,0.2734573982730465
2021-12-23,Materials,0.16787000000000002,0.0,0.03917968804216846,7,5,0.6712136139429324
2021-12-23,RealEstate,0.0,0.0,0.08332619894764297,1,1,0.03625384938440364
2021-12-23,Tech,0.12270833333333334,0.5457966666666667,0.1268348894101295,19,5,0.8934788642023398
2021-12-23,Utilities,0.09152,0.0,0.0783911871136813,1,1,0.03625384938440364
2021-12-27,Comm,0.059352499999999996,0.07453333333333333,0.0816777923637981,8,1,0.15962069640106893
2021-12-27,Consumer,0.060158333333333314,0.0744225,0.11344608680876908,24,5,0.7418956697399539
2021-12-27,Energy,0.18410833333333332,-0.015326666666666666,0.05729976688755771,11,4,0.6148161019323292
2021-12-27,Financials,0.19610999999999998,0.09492999999999999,0.07999920737682503,15,5,0.7247386766685783
2021-12-27,Healthcare,0.21105433333333332,0.21105372549019608,0.08987710127017459,18,4,0.6179355175040729
2021-12-27,Industrials,0.214532,0.019932,0.06736269952240237,11,4,0.5517580401956801
2021-12-27,Materials,-0.02054,0.16787000000000002,0.05087880731106224,1,1,0.03625384938440364
2021-12-27,RealEstate,-0.0251,0.0,0.07575108995240269,6,4,0.5031401674232144
2021-12-27,Tech,0.1307965,0.12270833333333334,0.12645974794860257,21,4,0.5140673971859993
2021-12-27,Utilities,-0.02023,0.09152,0.0795847155578921,2,1,0.06593599079287214
2021-12-28,Comm,0.029099999999999997,0.059352499999999996,0.07964822033072554,9,2,0.20803320016631227
2021-12-28,Consumer,0.086561,0.060158333333333314,0.10860174558372945,18,4,0.5946171960888249
2021-12-28,Energy,-0.03384666666666667,0.18410833333333332,0.06882781838262822,8,3,0.4643511168031096
2021-12-28,Financials,0.07224,0.19610999999999998,0.09055473397893185,3,3,0.27071301834358413
2021-12-28,Healthcare,0.07422,0.21105433333333332,0.1008932132759163,8,3,0.4643511168031096
2021-12-28,Industrials,-0.036004999999999995,0.214532,0.0807417268385476,10,3,0.2620196111404203
2021-12-28,Materials,0.15096,-0.02054,0.04438618846460203,10,4,0.6176176548309908
2021-12-28,RealEstate,0.03558,-0.0251,0.06658280904763882,2,2,0.13187198158574429
2021-12-28,Tech,0.18943031818181819,0.1307965,0.12685399813509324,30,5,0.7806688026443482
2021-12-28,Utilities,-0.00633999999999999,-0.02023,0.07051065050717463,3,3,0.27071301834358413
2021-12-29,Comm,0.013486666666666666,0.029099999999999997,0.07505292757338686,4,2,0.1762147314824891
2021-12-29,Consumer,0.06378916666666666,0.086561,0.10659804143975407,15,4,0.5278960731289644
2021-12-29,Energy,0.18331999999999998,-0.03384666666666667,0.059493774287237775,6,4,0.4192834728526787
2021-12-29,Financials,-0.05865666666666667,0.07224,0.08888975816266531,9,5,0.7116925268847526
2021-12-29,Healthcare,0.07364,0.07422,0.09846837570537845,2,1,0.06593599079287214
2021-12-29,Industrials,0.07848999999999999,-0.036004999999999995,0.07012838803504329,8,3,0.4256551904028505
2021-12-29,Materials,0.12738,0.15096,0.05407471678600184,1,1,0.03625384938440364
2021-12-29,RealEstate,0.09319999999999999,0.03558,0.06376437186148982,5,3,0.35117808823808755
2021-12-29,Tech,0.07580366666666666,0.18943031818181819,0.1325427545029773,12,3,0.5237464589052984
2021-12-29,Utilities,0.13183000000000003,-0.00633999999999999,0.06352422773379511,4,3,0.2936912191374818
2021-12-30,Comm,0.12137066666666665,0.013486666666666666,0.069455994763685,15,4,0.6022476327245933
2021-12-30,Consumer,0.07104833333333334,0.06378916666666666,0.10270632555129156,19,5,0.6358993718196834
2021-12-30,Energy,0.025784999999999995,0.18331999999999998,0.0707507038974889,7,4,0.3885973554406451
2021-12-30,Financials,0.2779,-0.05865666666666667,0.07547644681454421,11,4,0.45784177803471326
2021-12-30,Healthcare,0.1374338095238095,0.07364,0.09621125064125313,15,4,0.6022476327245933
2021-12-30,Industrials,0.0843,0.07848999999999999,0.07088853457731208,4,4,0.4405368287062228
2021-12-30,Materials,0.04019,0.12738,0.060738833441819864,3,2,0.1624278110061505
2021-12-30,RealEstate,0.14189,0.09319999999999999,0.06644033805589984,4,3,0.2936912191374818
2021-12-30,Tech,0.080655,0.07580366666666666,0.12738465560876727,20,5,0.7139522626263751
2021-12-30,Utilities,0.17163,0.13183000000000003,0.0697338433943592,3,2,0.1624278110061505
2021-12-31,Comm,0.013193333333333335,0.12137066666666665,0.0741755103912288,7,3,0.3885973554406451
2021-12-31,Consumer,0.08235666666666666,0.07104833333333334,0.0998283262587499,12,5,0.8183538420395288
2021-12-31,Energy,0.20697000000000002,0.025784999999999995,0.0666629126340808,8,3,0.34052415232228034
2021-12-31,Financials,0.080673,0.2779,0.093878588013222,15,5,0.7247386766685784
2021-12-31,Healthcare,0.12043999999999999,0.1374338095238095,0.0999587559942128,5,4,0.45151468487754115
2021-12-31,Industrials,0.0,0.0843,0.07210775870664735,2,2,0.13187198158574429
2021-12-31,Materials,0.0,0.04019,0.05887075767438169,0,0,0.0
2021-12-31,RealEstate,0.018739999999999996,0.14189,0.07329939823263622,2,2,0.13187198158574429
2021-12-31,Tech,0.25040985714285713,0.080655,0.12313650509887933,18,5,0.6851024215806026
2021-12-31,Utilities,0.05464,0.17163,0.07899713035850835,3,2,0.1624278110061505
2022-01-03,Comm,0.08151538461538461,0.013193333333333335,0.0686316761132383,14,2,0.2165661502652439
2022-01-03,Consumer,0.0528665,0.08235666666666666,0.0982399935685605,22,5,0.7710609153014757
2022-01-03,Energy,0.07005714285714286,0.20697000000000002,0.07941810239461891,20,5,0.7012031150794755
2022-01-03,Financials,0.06696171428571428,0.080673,0.09267808001202,16,4,0.5846782756703292
2022-01-03,Healthcare,0.17695504761904762,0.12043999999999999,0.10182068726746618,20,5,0.7853474888890126
2022-01-03,Industrials,0.24409,0.0,0.06555250791513394,10,5,0.6176176548309908
2022-01-03,Materials,0.04046,0.0,0.053518870613074254,2,2,0.13187198158574429
2022-01-03,RealEstate,0.06369,0.018739999999999996,0.06833945293876018,5,3,0.35117808823808755
2022-01-03,Tech,0.2687995238095238,0.25040985714285713,0.13470680983015004,23,4,0.5159434274789052
2022-01-03,Utilities,0.04527,0.05464,0.07678284578046214,5,3,0.35117808823808755
2022-01-04,Comm,0.10756000000000002,0.08151538461538461,0.06980292234070615,9,2,0.20803320016631227
2022-01-04,Consumer,0.021075,0.0528665,0.09411513051687317,7,3,0.351588083493917
2022-01-04,Energy,0.036173333333333335,0.07005714285714286,0.07856710607303018,6,4,0.4192834728526786
2022-01-04,Financials,0.173538,0.06696171428571428,0.09034022858235584,22,5,0.7243299507377499
2022-01-04,Healthcare,0.033301333333333336,0.17695504761904762,0.10865108366306449,10,4,0.48036928709077076
2022-01-04,Industrials,0.13146,0.24409,0.08178318901375813,10,4,0.6651267052026055
2022-01-04,Materials,0.0,0.04046,0.05233170055734023,3,2,0.1624278110061505
2022-01-04,RealEstate,0.12288999999999999,0.06369,0.06791677539887289,3,2,0.1624278110061505
2022-01-04,Tech,0.061587843137254905,0.2687995238095238,0.14689705655554766,43,5,0.7379878596357321
2022-01-04,Utilities,0.20779999999999998,0.04527,0.07391804161860194,5,5,0.6321205588285576
2022-01-05,Comm,0.17665333333333333,0.10756000000000002,0.0732353839460965,15,4,0.2908815096833069
2022-01-05,Consumer,0.05369055555555556,0.021075,0.0874751186517029,22,5,0.7588218531538331
2022-01-05,Energy,0.09487333333333334,0.036173333333333335,0.07471312673305774,14,3,0.3756759749499127
2022-01-05,Financials,0.12962600000000002,0.173538,0.09790366234759622,12,4,0.6235076891729743
2022-01-05,Healthcare,-0.020349999999999993,0.033301333333333336,0.10180110636036166,6,4,0.5031401674232144
2022-01-05,Industrials,0.06679333333333334,0.13146,0.08629926273978011,8,3,0.4643511168031096
2022-01-05,Materials,0.018213333333333335,0.0,0.04757427323394566,3,1,0.09023767278119472
2022-01-05,RealEstate,0.08808,0.12288999999999999,0.07291434127170263,4,3,0.2936912191374818
2022-01-05,Tech,0.1351387272727273,0.061587843137254905,0.13914167351752105,38,5,0.9311466762129754
2022-01-05,Utilities,0.08158000000000001,0.20779999999999998,0.08608912874418359,2,2,0.13187198158574429
2022-01-06,Comm,0.259594,0.17665333333333333,0.08263701570857257,18,5,0.5341476507238596
2022-01-06,Consumer,0.15405466666666667,0.05369055555555556,0.08440379473387132,17,5,0.9159184425621828
2022-01-06,Energy,-0.03813999999999999,0.09487333333333334,0.07654587278762824,14,5,0.7670051155227386
2022-01-06,Financials,0.07243,0.12962600000000002,0.10078751122508747,15,5,0.7247386766685783
2022-01-06,Healthcare,0.31234,-0.020349999999999993,0.09069646032760151,8,5,0.6384827856042757
2022-01-06,Industrials,0.02023,0.06679333333333334,0.08452599643010314,10,3,0.3202461913938472
2022-01-06,Materials,0.14086666666666667,0.018213333333333335,0.04490509687934454,5,3,0.2873275267402535
2022-01-06,RealEstate,0.11839999999999999,0.08808,0.07429303751972967,5,3,0.35117808823808755
2022-01-06,Tech,0.15982,0.1351387272727273,0.13877776931344887,14,5,0.7080047220209895
2022-01-06,Utilities,0.059199999999999996,0.08158000000000001,0.0856792079492578,1,1,0.03625384938440364
2022-01-07,Comm,0.133331,0.259594,0.09872401428052051,20,5,0.6041134529915481
2022-01-07,Consumer,0.007654999999999995,0.15405466666666667,0.09073569218230726,18,5,0.9004203255059348
2022-01-07,Energy,0.19563999999999998,-0.03813999999999999,0.06611988435238932,12,5,0.8729107648421642
2022-01-07,Financials,0.06870333333333334,0.07243,0.09820955565917043,15,4,0.6197040858470453
2022-01-07,Healthcare,0.08882333333333334,0.31234,0.11084587302509226,9,3,0.32980873197098287
2022-01-07,Industrials,0.063317,0.02023,0.0786809058455483,13,4,0.6385623072725615
2022-01-07,Materials,0.04019,0.14086666666666667,0.05362887595091927,2,1,0.06593599079287214
2022-01-07,RealEstate,0.0,0.11839999999999999,0.07830276138157242,2,2,0.13187198158574429
2022-01-07,Tech,-0.033966,0.15982,0.1406906993758626,19,3,0.5006016331346443
2022-01-07,Utilities,0.08928,0.059199999999999996,0.083272007226598,3,3,0.27071301834358413
2022-01-10,Comm,0.11537232142857143,0.133331,0.10187010389138226,27,5,0.4666928697703121
2022-01-10,Consumer,0.08441433333333333,0.007654999999999995,0.08318290198391567,25,5,0.6500406106026927
2022-01-10,Energy,0.1375273333333333,0.19563999999999998,0.07789444032035392,18,3,0.5729947525946859
2022-01-10,Financials,0.19394014285714284,0.06870333333333334,0.09552717181136705,37,5,0.692740858212665
2022-01-10,Healthcare,0.22336666666666666,0.08882333333333334,0.10884382396220509,16,5,0.7921447605856073
2022-01-10,Industrials,0.1759342857142857,0.063317,0.07728418713231663,16,5,0.6821246549487173
2022-01-10,Materials,0.059199999999999996,0.04019,0.05240715995538116,2,2,0.13187198158574429
2022-01-10,RealEstate,0.12738,0.0,0.0711843285287022,2,2,0.13187198158574429
2022-01-10,Tech,0.08763583333333333,-0.033966,0.12481281761442056,27,5,0.645073255549187
2022-01-10,Utilities,0.33099,0.08928,0.08381818838781636,8,4,0.5675402538704672
2022-01-11,Comm,0.080425,0.11537232142857143,0.10309757821294493,14,5,0.8367328532975332
2022-01-11,Consumer,0.13477333333333336,0.08441433333333333,0.08329485028840819,9,5,0.7116925268847526
2022-01-11,Energy,0.09243047619047619,0.1375273333333333,0.08331561241244295,11,3,0.3647214164005342
2022-01-11,Financials,0.13307833333333333,0.19394014285714284,0.10447380554280121,12,5,0.7274256373684701
2022-01-11,Healthcare,0.060673333333333336,0.22336666666666666,0.11925499148079251,7,3,0.4343146913748387
2022-01-11,Industrials,0.070588,0.1759342857142857,0.08625237791249564,14,4,0.3473230711801081
2022-01-11,Materials,0.0,0.059199999999999996,0.053024690868528325,1,1,0.03625384938440364
2022-01-11,RealEstate,-0.10618000000000001,0.12738,0.07629302593518382,5,3,0.35117808823808755
2022-01-11,Tech,0.11937288888888889,0.08763583333333333,0.12143309177068536,27,5,0.7367587944089701
2022-01-11,Utilities,0.059199999999999996,0.33099,0.10628835307983305,2,2,0.13187198158574429
2022-01-12,Comm,0.15800533333333333,0.080425,0.10103643473904085,14,5,0.7670051155227386
2022-01-12,Consumer,0.11597333333333334,0.13477333333333336,0.08797471238340139,20,5,0.8354760520095879
2022-01-12,Energy,0.1994358333333333,0.09243047619047619,0.08414423639226416,23,4,0.3836502409458527
2022-01-12,Financials,0.21147272727272726,0.13307833333333333,0.1070742171601223,33,5,0.6993688483647011
2022-01-12,Healthcare,0.10244666666666666,0.060673333333333336,0.11392938619465984,16,5,0.7441359872167826
2022-01-12,Industrials,0.24956833333333334,0.070588,0.0848283435568142,10,4,0.5764431445089249
2022-01-12,Materials,0.0,0.0,0.04820426442593484,2,2,0.13187198158574429
2022-01-12,RealEstate,-0.054225,-0.10618000000000001,0.05970456903198529,7,4,0.3885973554406451
2022-01-12,Tech,0.16389199999999998,0.11937288888888889,0.12124580059961294,27,5,0.829379899991812
2022-01-12,Utilities,0.0,0.059199999999999996,0.10200759370893912,1,1,0.03625384938440364
2022-01-13,Comm,0.157875,0.15800533333333333,0.10621542552034016,17,4,0.7449469999505752
2022-01-13,Consumer,0.255645,0.11597333333333334,0.09052004156066792,12,5,0.7274256373684701
2022-01-13,Energy,0.14125766666666667,0.1994358333333333,0.09462529065963407,25,5,0.6500406106026927
2022-01-13,Financials,0.14157961904761904,0.21147272727272726,0.11656499080672275,44,5,0.7711984783930739
2022-01-13,Healthcare,0.11591100000000001,0.10244666666666666,0.11288550260120592,14,5,0.7363249109018293
2022-01-13,Industrials,0.059364761904761906,0.24956833333333334,0.0998047062637705,12,3,0.422376176536531
2022-01-13,Materials,0.11046,0.0,0.04382205856903167,4,2,0.1762147314824891
2022-01-13,RealEstate,0.068,-0.054225,0.04934733548362299,3,3,0.27071301834358413
2022-01-13,Tech,0.2432966349206349,0.16389199999999998,0.12512272781782993,32,5,0.6553195931745319
2022-01-13,Utilities,0.15829,0.0,0.09273417609903559,4,3,0.2936912191374818
2022-01-14,Comm,0.06759333333333332,0.157875,0.1109117504730365,18,5,0.5341476507238596
2022-01-14,Consumer,0.010307499999999989,0.255645,0.10553140141878903,24,5,0.7516574548681113
2022-01-14,Energy,0.164444,0.14125766666666667,0.0988645975693643,20,4,0.5690923832529078
2022-01-14,Financials,0.15033397435897436,0.14157961904761904,0.11883904791953151,52,5,0.6049032909543501
2022-01-14,Healthcare,0.20001000000000002,0.11591100000000001,0.11316054781927809,13,5,0.8939872301815861
2022-01-14,Industrials,0.19151555555555558,0.059364761904761906,0.09612834768567881,16,4,0.49112975156307653
2022-01-14,Materials,0.08186666666666667,0.11046,0.04988005324457424,4,2,0.1762147314824891
2022-01-14,RealEstate,0.0546,0.068,0.051043032257839085,4,3,0.2936912191374818
2022-01-14,Tech,0.20481952380952378,0.2432966349206349,0.1358658102817213,17,5,0.7449469999505755
2022-01-14,Utilities,0.10338,0.15829,0.0986937964536687,6,4,0.5031401674232144
2022-01-18,Comm,-0.07869022408963586,0.06759333333333332,0.1069737125512453,43,5,0.6614166684749585
2022-01-18,Consumer,0.032895820512820514,0.010307499999999989,0.09687468310799001,39,5,0.8285432114969875
2022-01-18,Energy,0.21999,0.164444,0.10482636142669484,35,5,0.7485522596894163
2022-01-18,Financials,0.14514423984526112,0.15033397435897436,0.12170222305038995,94,5,0.6144645298701569
2022-01-18,Healthcare,0.18965900000000002,0.20001000000000002,0.1210559525629801,29,5,0.7322740842437894
2022-01-18,Industrials,0.06635179487179486,0.19151555555555558,0.1047999120374858,22,5,0.48781404845603554
2022-01-18,Materials,0.011025333333333333,0.08186666666666667,0.05278792719203719,9,3,0.38634737173743705
2022-01-18,RealEstate,-0.04019,0.0546,0.05136639296167189,6,4,0.5031401674232144
2022-01-18,Tech,0.18702290476190475,0.20481952380952378,0.1421343296933397,38,5,0.7759555635108129
2022-01-18,Utilities,0.38975333333333334,0.10338,0.09911981495788064,9,5,0.7116925268847526
2022-01-19,Comm,0.06328333333333333,-0.07869022408963586,0.09009517285661975,21,5,0.8775493951963017
2022-01-19,Consumer,0.064398,0.032895820512820514,0.09105842287206552,24,5,0.8655449480299461
2022-01-19,Energy,0.15914,0.21999,0.11529578311517712,11,5,0.7969838358382045
2022-01-19,Financials,0.16365355397543632,0.14514423984526112,0.12383331548628733,62,5,0.80083003503021
2022-01-19,Healthcare,0.06551,0.18965900000000002,0.1272925932390728,16,5,0.7921447605856073
2022-01-19,Industrials,0.10668685714285715,0.06635179487179486,0.1013046286587866,15,3,0.5151756858246519
2022-01-19,Materials,0.08371333333333333,0.011025333333333333,0.04899132775033684,7,3,0.4343146913748387
2022-01-19,RealEstate,0.209715,-0.04019,0.0430430845106108,6,3,0.2795223152351191
2022-01-19,Tech,0.14102366666666666,0.18702290476190475,0.14621510924502742,47,4,0.7350473419431565
2022-01-19,Utilities,0.17172666666666667,0.38975333333333334,0.1255410439011036,9,5,0.7116925268847526
2022-01-20,Comm,0.25361151515151514,0.06328333333333333,0.08765773289995735,15,3,0.32640902231638264
2022-01-20,Consumer,0.10373746031746031,0.064398,0.08863474806551411,27,5,0.8108462709417156
2022-01-20,Energy,0.10958416666666668,0.15914,0.11928162101379738,17,4,0.5321049999646966
2022-01-20,Financials,0.11838880952380952,0.16365355397543632,0.12745333716711907,22,5,0.9019957877111602
2022-01-20,Healthcare,0.03701533333333333,0.06551,0.12167599385370254,15,5,0.8384231749695317
2022-01-20,Industrials,0.16089933333333334,0.10668685714285715,0.10179392215733847,16,5,0.8467754337294423
2022-01-20,Materials,0.0354,0.08371333333333333,0.05214787371242743,8,4,0.4643511168031096
2022-01-20,RealEstate,0.27708,0.209715,0.058195076827828006,9,5,0.7116925268847526
2022-01-20,Tech,0.22160061904761905,0.14102366666666666,0.1457431599197219,48,5,0.7088750624588077
2022-01-20,Utilities,0.30874999999999997,0.17172666666666667,0.12973973687979115,5,4,0.45151468487754115
2022-01-21,Comm,0.2074133333333333,0.25361151515151514,0.10274444037737167,14,4,0.6347628542257148
2022-01-21,Consumer,0.17377156862745097,0.10373746031746031,0.09000772190660011,32,5,0.5808514575865169
2022-01-21,Energy,0.093657,0.10958416666666668,0.1184000342549673,25,4,0.5721555604843976
2022-01-21,Financials,0.2913295238095238,0.11838880952380952,0.12662928919954547,27,5,0.6072865376509085
2022-01-21,Healthcare,-0.07991866666666667,0.03701533333333333,0.11397957017003262,13,5,0.7276640245664072
2022-01-21,Industrials,0.04440933333333333,0.16089933333333334,0.10716714135515618,15,4,0.7247386766685783
2022-01-21,Materials,0.10251333333333332,0.0354,0.050625339738570384,7,4,0.49222331689148374
2022-01-21,RealEstate,0.22896999999999998,0.27708,0.07809370620711636,5,4,0.45151468487754115
2022-01-21,Tech,0.08734939393939394,0.22160061904761905,0.15263929256771253,30,4,0.6959450566209304
2022-01-21,Utilities,0.20318,0.30874999999999997,0.1460133971634465,9,5,0.7116925268847526
2022-01-24,Comm,0.13877666666666666,0.2074133333333333,0.11225979428245911,22,5,0.7588218531538331
2022-01-24,Consumer,0.13225744444444443,0.17377156862745097,0.0976226170630411,30,5,0.9160909418785717
2022-01-24,Energy,0.060038333333333346,0.093657,0.11615066750451572,22,5,0.7837012581752703
2022-01-24,Financials,0.20197933333333334,0.2913295238095238,0.14160203780045258,19,4,0.7429982133893142
2022-01-24,Healthcare,0.006001944444444447,-0.07991866666666667,0.09635245773033267,28,5,0.7889907826730075
2022-01-24,Industrials,0.149028,0.04440933333333333,0.10146188608044501,25,5,0.8446105892864919
2022-01-24,Materials,0.13701999999999998,0.10251333333333332,0.05534243006536701,15,5,0.6382027152753152
2022-01-24,RealEstate,0.16029,0.22896999999999998,0.09180973291556033,15,5,0.8384231749695317
2022-01-24,Tech,0.15312506604506604,0.08734939393939394,0.1467038472378654,40,5,0.8078097271693716
2022-01-24,Utilities,0.036655,0.20318,0.15121036105767865,6,3,0.2795223152351191
2022-01-25,Comm,-0.0027633333333333316,0.13877666666666666,0.11467041904465977,19,4,0.6032891476238021
2022-01-25,Consumer,0.08067566666666666,0.13225744444444443,0.10077123773407777,20,5,0.957740840108552
2022-01-25,Energy,0.14799800000000002,0.060038333333333346,0.1110495462162264,16,4,0.416211653867014
2022-01-25,Financials,0.2244922857142857,0.20197933333333334,0.14709088284889626,25,5,0.8682360603154845
2022-01-25,Healthcare,-0.03439333333333333,0.006001944444444447,0.08813877470434282,18,4,0.7003269198379494
2022-01-25,Industrials,0.10188834087481147,0.149028,0.10578607825495001,43,5,0.6759267233592355
2022-01-25,Materials,0.12056999999999998,0.13701999999999998,0.06276766369578819,5,4,0.45151468487754115
2022-01-25,RealEstate,0.21207000000000004,0.16029,0.09803521174141848,4,3,0.2936912191374818
2022-01-25,Tech,0.061569666666666654,0.15312506604506604,0.14728759440215636,36,5,0.6507700627097206
2022-01-25,Utilities,0.2770316666666667,0.036655,0.1407962373251624,16,4,0.3274198343753844
2022-01-26,Comm,0.32975205882352937,-0.0027633333333333316,0.10399462337393314,26,5,0.42548784965288966
2022-01-26,Consumer,0.11051176470588235,0.08067566666666666,0.09894436763704038,26,5,0.430942822084337
2022-01-26,Energy,0.16246611111111112,0.14799800000000002,0.11440849656020582,27,5,0.8108462709417156
2022-01-26,Financials,0.08993333333333334,0.2244922857142857,0.15412737401847712,16,5,0.7921447605856073
2022-01-26,Healthcare,0.07538607142857143,-0.03439333333333333,0.07699949215546317,20,4,0.6041134529915481
2022-01-26,Industrials,0.11982115942028986,0.10188834087481147,0.10543173849311924,31,5,0.3506580318678317
2022-01-26,Materials,0.02023,0.12056999999999998,0.06802242154162563,4,3,0.2936912191374818
2022-01-26,RealEstate,0.029360000000000004,0.21207000000000004,0.10840201067401681,3,1,0.09023767278119472
2022-01-26,Tech,0.11886657552973343,0.061569666666666654,0.13949505551711183,73,5,0.7888967532341672
2022-01-26,Utilities,0.18020999999999998,0.2770316666666667,0.15318127635620823,4,3,0.2936912191374818
2022-01-27,Comm,0.12983869047619048,0.32975205882352937,0.1245180265966237,22,4,0.6928373441839346
2022-01-27,Consumer,0.01929738095238095,0.11051176470588235,0.09999594918875329,18,5,0.7686514973831152
2022-01-27,Energy,0.09241333333333332,0.16246611111111112,0.1187773706102881,35,5,0.7054080372289311
2022-01-27,Financials,0.2185645,0.08993333333333334,0.1482915521380095,26,5,0.8509756993057793
2022-01-27,Healthcare,0.18564833333333336,0.07538607142857143,0.07685281754392756,19,5,0.8714176576788252
2022-01-27,Industrials,0.17101899999999998,0.11982115942028986,0.10673986766831656,20,4,0.5860802155888153
2022-01-27,Materials,0.14109,0.02023,0.0636776559469324,19,5,0.6988597056632164
2022-01-27,RealEstate,0.30445,0.029360000000000004,0.10121637334001528,11,5,0.7969838358382045
2022-01-27,Tech,0.13553581060606062,0.11886657552973343,0.13761973915462286,56,4,0.6439336997374001
2022-01-27,Utilities,0.31845666666666667,0.18020999999999998,0.1556384330510984,7,4,0.49222331689148374
2022-01-28,Comm,-0.142852,0.12983869047619048,0.12500172331294795,19,5,0.5388154982594263
2022-01-28,Consumer,0.0004079999999999995,0.01929738095238095,0.09265971571271944,10,4,0.5086263039784631
2022-01-28,Energy,0.14459972222222223,0.09241333333333332,0.11638063994874677,42,4,0.5763409588366499
2022-01-28,Financials,0.11225190476190475,0.2185645,0.154680001943645,43,5,0.48079573170026235
2022-01-28,Healthcare,0.2147533333333333,0.18564833333333336,0.08674331897932808,17,5,0.7255977272245865
2022-01-28,Industrials,0.16174575,0.17101899999999998,0.11258342515301505,33,5,0.6454116078380477
2022-01-28,Materials,0.0,0.14109,0.07071514176993854,1,1,0.03625384938440364
2022-01-28,RealEstate,0.010789999999999989,0.30445,0.11969215758183208,6,4,0.5031401674232144
2022-01-28,Tech,0.18644561904761905,0.13553581060606062,0.13743029110475358,32,5,0.7099295592724095
2022-01-28,Utilities,0.22712666666666664,0.31845666666666667,0.1704400906525137,7,5,0.5679499810286351
2022-01-31,Comm,0.12125685714285714,-0.142852,0.10065138482995269,25,5,0.8682360603154845
2022-01-31,Consumer,0.13369066666666668,0.0004079999999999995,0.08427319610247222,31,5,0.8758444905557259
2022-01-31,Energy,0.1552025,0.14459972222222223,0.11894601106451726,19,5,0.7276786625977819
2022-01-31,Financials,0.05790333333333333,0.11225190476190475,0.15082290219985042,15,5,0.700976752843379
2022-01-31,Healthcare,0.16760652380952382,0.2147533333333333,0.09838059301151038,26,5,0.9468602851430503
2022-01-31,Industrials,0.15971666666666667,0.16174575,0.11705272741183186,24,5,0.4169778581750106
2022-01-31,Materials,-0.033859999999999994,0.0,0.06428649251812593,3,3,0.27071301834358413
2022-01-31,RealEstate,0.44783,0.010789999999999989,0.10979196143802916,7,5,0.6712136139429324
2022-01-31,Tech,0.10340799999999999,0.18644561904761905,0.14188623000865044,51,5,0.7893485037939613
2022-01-31,Utilities,0.14049999999999999,0.22712666666666664,0.1755934157447094,11,4,0.4781903015029228
2022-02-01,Comm,0.03956571428571428,0.12125685714285714,0.10252460958567126,31,5,0.3890668223766815
2022-02-01,Consumer,-0.07657,0.13369066666666668,0.08876569342648989,31,5,0.702600525390857
2022-02-01,Energy,0.08690991304347828,0.1552025,0.12224205551319751,30,4,0.3229385334679856
2022-02-01,Financials,0.06049304761904763,0.05790333333333333,0.14237566866653067,21,5,0.8434698070333385
2022-02-01,Healthcare,0.08060273504273505,0.16760652380952382,0.1046738594476934,26,5,0.5252115644152857
2022-02-01,Industrials,0.015907368421052625,0.15971666666666667,0.12093126734408957,28,4,0.3886074004210334
2022-02-01,Materials,0.14513333333333334,-0.033859999999999994,0.055364084107387225,5,3,0.2873275267402535
2022-02-01,RealEstate,0.05719,0.44783,0.14052269221639013,2,1,0.06593599079287214
2022-02-01,Tech,0.15610155555555555,0.10340799999999999,0.1383882090987731,53,5,0.5715015281645297
2022-02-01,Utilities,0.30168,0.14049999999999999,0.1724031052224631,9,4,0.5879199135134913
2022-02-02,Comm,0.15385238095238093,0.03956571428571428,0.09680107364931154,17,5,0.6139673076515731
2022-02-02,Consumer,-0.056764523809523806,-0.07657,0.07373517584226354,18,5,0.7686514973831152
2022-02-02,Energy,0.17606966666666665,0.08690991304347828,0.11903004256140486,29,5,0.6187851117779624
2022-02-02,Financials,0.252546,0.06049304761904763,0.1349317940258504,13,5,0.7631598306428174
2022-02-02,Healthcare,0.040697142857142855,0.08060273504273505,0.10248557541087902,31,5,0.8758444905557259
2022-02-02,Industrials,0.08657833333333334,0.015907368421052625,0.11138364016926801,12,4,0.6891400775069715
2022-02-02,Materials,0.06841,0.14513333333333334,0.06352492494610959,5,3,0.35117808823808755
2022-02-02,RealEstate,0.11927000000000001,0.05719,0.13294699292399104,7,4,0.49222331689148385
2022-02-02,Tech,0.19739720502901353,0.15610155555555555,0.13999851332211696,102,5,0.6263696559678202
2022-02-02,Utilities,0.15904000000000001,0.30168,0.18415555020223917,5,3,0.35117808823808755
2022-02-03,Comm,0.19939380952380953,0.15385238095238093,0.10198755613140875,24,5,0.505539527167933
2022-02-03,Consumer,0.2271516666666667,-0.056764523809523806,0.061871566783010146,11,5,0.6941472118590811
2022-02-03,Energy,0.13151138888888889,0.17606966666666665,0.12421546293461047,28,5,0.7889907826730075
2022-02-03,Financials,0.2150433333333333,0.252546,0.14562399456895492,12,5,0.5692896292448897
2022-02-03,Healthcare,0.12674833333333332,0.040697142857142855,0.09686844517872117,17,5,0.37000678805492143
2022-02-03,Industrials,0.12821600000000002,0.08657833333333334,0.10912861227509212,9,4,0.4361986455100096
2022-02-03,Materials,-0.08808,0.06841,0.06396902267828145,3,3,0.27071301834358413
2022-02-03,RealEstate,0.059199999999999996,0.11927000000000001,0.13170362993090093,3,2,0.1624278110061505
2022-02-03,Tech,0.20300184126984125,0.19739720502901353,0.1452165762045621,37,5,0.8266847099516698
2022-02-03,Utilities,0.32608,0.15904000000000001,0.18187231836567197,6,4,0.5031401674232144
2022-02-04,Comm,0.037856,0.19939380952380953,0.11084267007617246,13,5,0.7276640245664072
2022-02-04,Consumer,0.08700666666666665,0.2271516666666667,0.0768970304087971,15,5,0.7247386766685783
2022-02-04,Energy,0.143435,0.13151138888888889,0.12487872893045396,11,5,0.6941472118590813
2022-02-04,Financials,0.07817714285714286,0.2150433333333333,0.15193484354753478,17,4,0.5881160525925594
2022-02-04,Healthcare,-0.15523333333333333,0.12674833333333332,0.09958479864732228,10,5,0.7205539306361561
2022-02-04,Industrials,0.23710000000000003,0.12821600000000002,0.11086382934099284,5,3,0.35117808823808755
2022-02-04,Materials,0.034,-0.08808,0.05014638425298314,4,2,0.2202684143531114
2022-02-04,RealEstate,0.0,0.059199999999999996,0.12511239084627354,1,1,0.03625384938440364
2022-02-04,Tech,0.04235888888888889,0.20300184126984125,0.15046978211958748,18,4,0.5166346129952085
2022-02-04,Utilities,0.277915,0.32608,0.19498210760515633,10,4,0.5764431445089249
2022-02-07,Comm,0.20187066666666667,0.037856,0.10420751825106586,23,5,0.7124933046137264
2022-02-07,Consumer,0.0965325606060606,0.08700666666666665,0.0778160882504216,43,5,0.8125976212692345
2022-02-07,Energy,0.1113692857142857,0.143435,0.12656566266404906,24,5,0.7418956697399538
2022-02-07,Financials,-0.00022866666666666592,0.07817714285714286,0.1452295980302264,16,4,0.663688853463617
2022-02-07,Healthcare,0.2654546031746031,-0.15523333333333333,0.07641951392180814,21,4,0.5910026539077136
2022-02-07,Industrials,0.21522000000000002,0.23710000000000003,0.12233984485544805,12,4,0.4515055680218089
2022-02-07,Materials,0.06364,0.034,0.04867853113907557,3,2,0.1624278110061505
2022-02-07,RealEstate,0.062490000000000004,0.0,0.11373853713297596,6,4,0.5031401674232144
2022-02-07,Tech,0.08864738095238094,0.04235888888888889,0.1406415190986149,29,5,0.6424933536085355
2022-02-07,Utilities,0.14033333333333334,0.277915,0.20252146145923305,11,5,0.7969838358382045
2022-02-08,Comm,0.09791166666666667,0.20187066666666667,0.11308598628884776,14,5,0.6347628542257148
2022-02-08,Consumer,0.1762288484848485,0.0965325606060606,0.07951758573729786,31,5,0.7828977282926691
2022-02-08,Energy,0.21611000000000002,0.1113692857142857,0.12518417385043418,30,4,0.7182152984328002
2022-02-08,Financials,0.15966466666666665,-0.00022866666666666592,0.13200611942141793,17,5,0.7449469999505752
2022-02-08,Healthcare,0.13141285714285714,0.2654546031746031,0.09360452203569859,22,4,0.4345979704426499
2022-02-08,Industrials,0.007771111111111106,0.21522000000000002,0.13078349532313457,19,4,0.6137811327998683
2022-02-08,Materials,0.10763909090909092,0.06364,0.050038664671886876,15,4,0.33668962144445774
2022-02-08,RealEstate,0.08823,0.062490000000000004,0.10907957921179631,5,3,0.35117808823808755
2022-02-08,Tech,0.2332439285714286,0.08864738095238094,0.13591477926713907,51,5,0.635141225885495
2022-02-08,Utilities,0.15626,0.14033333333333334,0.1968679952659694,7,3,0.351588083493917
2022-02-09,Comm,0.256076,0.09791166666666667,0.11170650268683129,10,5,0.540415447977117
2022-02-09,Consumer,0.07464871428571429,0.1762288484848485,0.08830951871434793,34,5,0.47131121466493525
2022-02-09,Energy,0.19863333333333333,0.21611000000000002,0.13345015804584928,17,5,0.6731448794734113
2022-02-09,Financials,0.16081666666666666,0.15966466666666665,0.13452053280734963,14,4,0.7363249109018293
2022-02-09,Healthcare,0.27777666666666667,0.13141285714285714,0.09704164340907664,18,5,0.7329002649466912
2022-02-09,Industrials,0.04046,0.007771111111111106,0.11960055130385971,3,2,0.1624278110061505
2022-02-09,Materials,0.08038,0.10763909090909092,0.05527506705708725,2,2,0.13187198158574429
2022-02-09,RealEstate,0.06493,0.08823,0.10718416291981483,10,5,0.786058833421261
2022-02-09,Tech,0.1637316923076923,0.2332439285714286,0.14476288374934718,25,5,0.5617998037335489
2022-02-09,Utilities,0.20698,0.15626,0.19317635933269947,6,3,0.3593858338737245
2022-02-10,Comm,0.38722333333333336,0.256076,0.12483100244257388,9,4,0.6439122862290618
2022-02-10,Consumer,0.1614980310559006,0.07464871428571429,0.08706762740265395,49,5,0.6195785446992937
2022-02-10,Energy,-0.004822142857142847,0.19863333333333333,0.13937590125380236,15,5,0.6022476327245933
2022-02-10,Financials,-0.0004083333333333307,0.16081666666666666,0.13691109043092392,16,4,0.701613930804395
2022-02-10,Healthcare,0.047016666666666665,0.27777666666666667,0.11347210006885755,16,5,0.8467754337294423
2022-02-10,Industrials,0.038994,0.04046,0.11240595573078156,14,5,0.6574329561623474
2022-02-10,Materials,0.044259999999999994,0.08038,0.05755733368826114,4,3,0.2936912191374818
2022-02-10,RealEstate,0.17446,0.06493,0.10334287538164985,7,4,0.5679499810286353
2022-02-10,Tech,0.07350999999999999,0.1637316923076923,0.14648732089101493,19,5,0.5388154982594263
2022-02-10,Utilities,0.248407,0.20698,0.19443123575699953,13,5,0.6657351714118194
2022-02-11,Comm,-0.026863333333333322,0.38722333333333336,0.14868485070537021,12,5,0.7702153807430859
2022-02-11,Consumer,-0.0039650000000000015,0.1614980310559006,0.09383402773476728,28,5,0.8222114472066079
2022-02-11,Energy,0.11725599999999999,-0.004822142857142847,0.12626698815280735,17,3,0.4331087209014972
2022-02-11,Financials,0.05312133333333333,-0.0004083333333333307,0.12442750645235508,12,5,0.654683073631623
2022-02-11,Healthcare,0.24928333333333336,0.047016666666666665,0.10743069703229473,10,5,0.7205539306361561
2022-02-11,Industrials,0.10395666666666667,0.038994,0.10573214157343777,9,5,0.7116925268847526
2022-02-11,Materials,0.15433999999999998,0.044259999999999994,0.056348485171146476,3,2,0.1624278110061505
2022-02-11,RealEstate,0.02023,0.17446,0.10980806852877259,3,2,0.1624278110061505
2022-02-11,Tech,0.04711833333333333,0.07350999999999999,0.13985301899183172,30,5,0.7069048212921261
2022-02-11,Utilities,0.147532,0.248407,0.1993381234154541,9,5,0.4662813107175964
2022-02-14,Comm,0.18856933333333334,-0.026863333333333322,0.13272592488366988,14,5,0.7670051155227386
2022-02-14,Consumer,0.11846281746031748,-0.0039650000000000015,0.08494320703160663,49,5,0.9216379503684312
2022-02-14,Energy,0.15624317460317458,0.11725599999999999,0.12544780741164305,38,5,0.6247953888009142
2022-02-14,Financials,-0.03953460317460318,0.05312133333333333,0.11794512707789855,25,5,0.7617040283749343
2022-02-14,Healthcare,-0.011488095238095238,0.24928333333333336,0.12032639124148006,16,5,0.6821246549487173
2022-02-14,Industrials,-0.07985833333333334,0.10395666666666667,0.10557073476373131,17,4,0.6007637096375608
2022-02-14,Materials,0.068,0.15433999999999998,0.06525680470104225,2,2,0.13187198158574429
2022-02-14,RealEstate,0.37519,0.02023,0.10166460775342963,7,4,0.5679499810286353
2022-02-14,Tech,0.06006689102564102,0.04711833333333333,0.13142259302287734,59,5,0.6832137147465941
2022-02-14,Utilities,0.24825999999999998,0.147532,0.19462847583223097,10,5,0.786058833421261
2022-02-15,Comm,0.19811600000000001,0.18856933333333334,0.13780259837909384,10,4,0.48036928709077076
2022-02-15,Consumer,0.20822694444444445,0.11846281746031748,0.0879904443433076,22,5,0.6208542434894997
2022-02-15,Energy,0.08737,0.15624317460317458,0.1282473862472368,20,5,0.7853474888890126
2022-02-15,Financials,0.17945599999999998,-0.03953460317460318,0.10362878796403474,15,5,0.7774469440626567
2022-02-15,Healthcare,0.023863333333333337,-0.011488095238095238,0.10834325610697322,10,4,0.5764431445089249
2022-02-15,Industrials,0.10735666666666668,-0.07985833333333334,0.08871354675490725,12,3,0.35388274250358004
2022-02-15,Materials,0.0,0.068,0.0655061860918566,3,2,0.1624278110061505
2022-02-15,RealEstate,0.13278,0.37519,0.12653055250311782,4,3,0.2936912191374818
2022-02-15,Tech,0.12909505882352942,0.06006689102564102,0.12493571102312857,55,5,0.7109164459118943
2022-02-15,Utilities,0.2973,0.24825999999999998,0.1995040689383918,7,5,0.6712136139429324
2022-02-16,Comm,0.06069,0.19811600000000001,0.1432856348900853,4,3,0.2936912191374818
2022-02-16,Consumer,0.16758466666666666,0.20822694444444445,0.09892103526159277,24,5,0.7418956697399538
2022-02-16,Energy,0.15267,0.08737,0.12453126022476076,22,5,0.63741035664922
2022-02-16,Financials,0.026989999999999997,0.17945599999999998,0.11052217087639522,21,3,0.5678260792446659
2022-02-16,Healthcare,0.14431866666666665,0.023863333333333337,0.1006632631275514,14,4,0.6817823249091012
2022-02-16,Industrials,0.04894285714285714,0.10735666666666668,0.09040837583779446,13,4,0.46700825457247047
2022-02-16,Materials,-0.003920000000000002,0.0,0.05955107826532417,3,3,0.27071301834358413
2022-02-16,RealEstate,0.26968000000000003,0.13278,0.1270986840937435,4,3,0.2936912191374818
2022-02-16,Tech,0.1511887450980392,0.12909505882352942,0.12531383355043774,34,5,0.6142087637920699
2022-02-16,Utilities,0.12082666666666667,0.2973,0.20839460812581073,6,4,0.4192834728526787
2022-02-17,Comm,0.21309285714285714,0.06069,0.13577694080916844,13,5,0.5303314077348393
2022-02-17,Consumer,0.047153623188405804,0.16758466666666666,0.10516318357114493,37,5,0.4693527255471745
2022-02-17,Energy,0.07242,0.15267,0.1270893274770552,18,4,0.5083017966565762
2022-02-17,Financials,-0.04827509090909091,0.026989999999999997,0.10292833716035928,28,5,0.751058533506036
2022-02-17,Healthcare,0.08548857142857143,0.14431866666666665,0.10463193617656188,14,4,0.5259463649298779
2022-02-17,Industrials,0.07883,0.04894285714285714,0.0866387832291638,16,5,0.8185495859384608
2022-02-17,Materials,0.04019,-0.003920000000000002,0.05378098024120379,6,4,0.5031401674232144
2022-02-17,RealEstate,0.04166,0.26968000000000003,0.14006062190340315,12,5,0.8729107648421642
2022-02-17,Tech,0.1168596,0.1511887450980392,0.12766609823658331,44,5,0.5203516614964018
2022-02-17,Utilities,0.148345,0.12082666666666667,0.20043388617497943,12,5,0.7702153807430859
2022-02-18,Comm,0.0,0.21309285714285714,0.1428056604758674,4,3,0.2936912191374818
2022-02-18,Consumer,0.02026083333333334,0.047153623188405804,0.09988958717271411,21,5,0.7179949597060651
2022-02-18,Energy,0.05781733333333332,0.07242,0.12211938861550473,11,4,0.55175804019568
2022-02-18,Financials,0.05961333333333334,-0.04827509090909091,0.08918257097222745,18,5,0.6705257743129303
2022-02-18,Healthcare,0.22988333333333336,0.08548857142857143,0.10289163029038093,16,5,0.9094995399316231
2022-02-18,Industrials,0.030375000000000003,0.07883,0.08592889384469435,12,5,0.7702153807430859
2022-02-18,Materials,-0.15641599999999997,0.04019,0.05254543658291254,10,5,0.540415447977117
2022-02-18,RealEstate,-0.01779,0.04166,0.1311151108212756,4,3,0.2936912191374818
2022-02-18,Tech,0.18855266666666667,0.1168596,0.12668368930598484,35,5,0.7395063109318404
2022-02-18,Utilities,0.01366,0.148345,0.19569853288634492,8,4,0.4643511168031096
2022-02-22,Comm,-0.06219857142857142,0.0,0.129823327705334,12,3,0.422376176536531
2022-02-22,Consumer,0.09526480952380953,0.02026083333333334,0.09265060955095222,26,5,0.861885644168674
2022-02-22,Energy,0.04402425,0.05781733333333332,0.11627374722621642,31,4,0.5495986917813869
2022-02-22,Financials,0.07266428571428572,0.05961333333333334,0.08649445845960071,18,4,0.5946171960888249
2022-02-22,Healthcare,0.13562333333333335,0.22988333333333336,0.11443633056701297,21,5,0.7063202449140965
2022-02-22,Industrials,0.0457425,0.030375000000000003,0.08087853985881305,15,4,0.5030539049817191
2022-02-22,Materials,0.24399,-0.15641599999999997,0.03354894234810231,10,4,0.6651267052026055
2022-02-22,RealEstate,0.152125,-0.01779,0.11757828256479601,12,4,0.5692896292448896
2022-02-22,Tech,0.1445880714285714,0.18855266666666667,0.13230814179331957,40,5,0.7237390315816089
2022-02-22,Utilities,0.056086000000000004,0.01366,0.17914957535122267,19,5,0.5078045343308262
2022-02-23,Comm,-0.13194,-0.06219857142857142,0.11236679142043351,4,4,0.4405368287062228
2022-02-23,Consumer,-0.010833333333333316,0.09526480952380953,0.09288826409393924,11,5,0.860742542705261
2022-02-23,Energy,0.12080216666666668,0.04402425,0.1097056111147422,23,5,0.7758260428016132
2022-02-23,Financials,-0.048138333333333325,0.07266428571428572,0.08523717002820844,17,4,0.6007637096375607
2022-02-23,Healthcare,0.09679,0.13562333333333335,0.11636242172758755,6,4,0.5031401674232144
2022-02-23,Industrials,-0.06950999999999999,0.0457425,0.07768435441710278,9,4,0.4361986455100096
2022-02-23,Materials,0.13616,0.24399,0.052679947589183915,4,4,0.4405368287062228
2022-02-23,RealEstate,0.05957000000000001,0.152125,0.12071889324072363,11,5,0.6941472118590813
2022-02-23,Tech,0.21207666666666664,0.1445880714285714,0.1334244990328879,22,5,0.7030261286572277
2022-02-23,Utilities,0.058929999999999996,0.056086000000000004,0.1679619775920206,10,3,0.3759411812014728
2022-02-24,Comm,0.07209,-0.13194,0.090157083109485,5,3,0.35117808823808755
2022-02-24,Consumer,0.040716666666666665,-0.010833333333333316,0.0834590279641872,23,5,0.811910975024944
2022-02-24,Energy,-0.036838,0.12080216666666668,0.11071438889218987,27,5,0.7011665821186817
2022-02-24,Financials,0.025797142857142852,-0.048138333333333325,0.07311212426806826,19,5,0.7129780835554027
2022-02-24,Healthcare,0.153125,0.09679,0.11458311066144322,6,3,0.2795223152351191
2022-02-24,Industrials,0.04623666666666667,-0.06950999999999999,0.06430304947009342,11,4,0.4781903015029227
2022-02-24,Materials,0.005294999999999999,0.13616,0.06026904326289447,4,1,0.1101342071765557
2022-02-24,RealEstate,0.218544,0.05957000000000001,0.1151599029461124,8,3,0.34052415232228034
2022-02-24,Tech,0.12084666666666669,0.21207666666666664,0.14057469609050416,19,5,0.7429982133893142
2022-02-24,Utilities,0.07963333333333333,0.058929999999999996,0.15804997962910963,8,4,0.5107862284834206
2022-02-25,Comm,0.08038,0.07209,0.08851462100862273,7,4,0.49222331689148385
2022-02-25,Consumer,0.09116333333333333,0.040716666666666665,0.07957335875532169,14,5,0.9204061386272865
2022-02-25,Energy,0.11407487179487182,-0.036838,0.09730053535653624,35,4,0.6391033653222954
2022-02-25,Financials,0.009335999999999994,0.025797142857142852,0.0688107623216205,16,4,0.663688853463617
2022-02-25,Healthcare,0.008369999999999999,0.153125,0.1180869187831302,10,5,0.786058833421261
2022-02-25,Industrials,0.06081333333333333,0.04623666666666667,0.06266065103341827,14,5,0.6347628542257148
2022-02-25,Materials,0.0,0.005294999999999999,0.0552714029662677,4,3,0.2936912191374818
2022-02-25,RealEstate,0.07417666666666667,0.218544,0.12455845722373855,7,4,0.49222331689148385
2022-02-25,Tech,-0.03772857142857143,0.12084666666666669,0.13878123887015528,16,4,0.5456997239589739
2022-02-25,Utilities,0.06364,0.07963333333333333,0.15092119360222087,2,2,0.13187198158574429
2022-02-28,Comm,0.1937188888888889,0.08038,0.08777511000783884,16,4,0.48149975643438875
2022-02-28,Consumer,0.18906305494505493,0.09116333333333333,0.0806269928078682,34,5,0.8018836638396468
2022-02-28,Energy,0.10654999999999999,0.11407487179487182,0.09882547503274856,38,5,0.6905633244641683
2022-02-28,Financials,-0.018241607142857146,0.009335999999999994,0.06340396574692772,35,4,0.6492747716669475
2022-02-28,Healthcare,0.092305,0.008369999999999999,0.10811265343920926,14,3,0.5414153756631097
2022-02-28,Industrials,0.145776,0.06081333333333333,0.06249271306068327,10,4,0.5086263039784631
2022-02-28,Materials,0.0,0.0,0.05024672996933427,3,3,0.27071301834358413
2022-02-28,RealEstate,0.01513,0.07417666666666667,0.1199782944458229,5,3,0.35117808823808755
2022-02-28,Tech,0.15592636363636364,-0.03772857142857143,0.12273489247936194,24,5,0.6418647929210838
2022-02-28,Utilities,0.16144333333333333,0.06364,0.14298653963838262,8,3,0.26883485709653715
2022-03-01,Comm,0.043699999999999996,0.1937188888888889,0.09740636263338884,5,4,0.45151468487754115
2022-03-01,Consumer,0.03786880952380953,0.18906305494505493,0.09048481663852154,22,5,0.9019957877111602
2022-03-01,Energy,0.07711606829573936,0.10654999999999999,0.09952770457522597,49,5,0.6830346687652243
2022-03-01,Financials,-0.0969582380952381,-0.018241607142857146,0.05598164093876547,29,4,0.6900854538758345
2022-03-01,Healthcare,0.10758666666666668,0.092305,0.10667559403564479,11,5,0.7969838358382045
2022-03-01,Industrials,0.11884733333333335,0.145776,0.07006392096425751,16,4,0.4308155715465583
2022-03-01,Materials,0.10212000000000002,0.0,0.045678845426667516,3,3,0.27071301834358413
2022-03-01,RealEstate,0.04046,0.01513,0.11044663131438445,5,4,0.45151468487754115
2022-03-01,Tech,0.1823533333333333,0.15592636363636364,0.12575229894818027,13,5,0.8022962322142437
2022-03-01,Utilities,0.21008333333333332,0.16144333333333333,0.14466442997428722,7,4,0.49222331689148385
2022-03-02,Comm,0.087284,0.043699999999999996,0.09252396603035348,6,2,0.1935154490089286
2022-03-02,Consumer,0.1420520634920635,0.03786880952380953,0.08570154326445681,22,5,0.6639691215096041
2022-03-02,Energy,0.17554095238095238,0.07711606829573936,0.09749028309527263,42,5,0.5202369716932591
2022-03-02,Financials,0.08833047619047618,-0.0969582380952381,0.042078015572037865,13,4,0.49665957232310337
2022-03-02,Healthcare,0.06908,0.10758666666666668,0.10675841882028314,10,4,0.6176176548309908
2022-03-02,Industrials,0.10385533333333333,0.11884733333333335,0.07449877663417351,21,4,0.3665712663478222
2022-03-02,Materials,0.07998999999999999,0.10212000000000002,0.05080985947878865,2,1,0.06593599079287214
2022-03-02,RealEstate,0.06597,0.04046,0.10408421028580406,7,5,0.6712136139429324
2022-03-02,Tech,0.165719,0.1823533333333333,0.13089784752864872,21,4,0.5991544146512682
2022-03-02,Utilities,0.0,0.21008333333333332,0.15061160300692777,2,2,0.13187198158574429
2022-03-03,Comm,-0.039318,0.087284,0.09204760548213954,11,5,0.6148161019323292
2022-03-03,Consumer,0.08619457142857143,0.1420520634920635,0.09082431783060288,17,5,0.6731448794734114
2022-03-03,Energy,0.04786183150183151,0.17554095238095238,0.10458579848487988,31,5,0.6924546694285342
2022-03-03,Financials,0.21699000000000002,0.08833047619047618,0.04628278471916862,11,4,0.6148161019323292
2022-03-03,Healthcare,0.004980000000000001,0.06908,0.10333310801843923,10,4,0.6176176548309908
2022-03-03,Industrials,0.13957666666666665,0.10385533333333333,0.0771675545159153,20,4,0.6544562407408439
2022-03-03,Materials,0.0,0.07998999999999999,0.053462599526171495,1,1,0.03625384938440364
2022-03-03,RealEstate,0.174575,0.06597,0.10061928207800368,8,4,0.4643511168031096
2022-03-03,Tech,0.09270424242424243,0.165719,0.1340634068442261,27,5,0.7520284067283268
2022-03-03,Utilities,0.0256,0.0,0.13691963909720706,2,2,0.13187198158574429
2022-03-04,Comm,0.02787,-0.039318,0.08010527771103594,11,4,0.5815827991251763
2022-03-04,Consumer,0.07359085714285715,0.08619457142857143,0.09040343179405455,26,5,0.9337094478493968
2022-03-04,Energy,0.07573966666666668,0.04786183150183151,0.09942907421369367,26,4,0.7151817047357082
2022-03-04,Financials,0.09630666666666668,0.21699000000000002,0.061801622471971476,14,4,0.472003148013993
2022-03-04,Healthcare,0.12006999999999998,0.004980000000000001,0.09439191638039929,8,5,0.7296946121191722
2022-03-04,Industrials,0.13381666666666664,0.13957666666666665,0.0828411101659836,11,5,0.5004317108751517
2022-03-04,Materials,-0.0041799999999999945,0.0,0.048602363205610455,6,4,0.5031401674232144
2022-03-04,RealEstate,0.16965333333333335,0.174575,0.10734252916182152,5,2,0.24312329185713755
2022-03-04,Tech,0.05196861904761905,0.09270424242424243,0.13030348280604578,26,5,0.9084740573669807
2022-03-04,Utilities,0.15630666666666668,0.0256,0.1267996719065519,7,4,0.49222331689148385
2022-03-07,Comm,0.05576333333333333,0.02787,0.07535661610094177,13,4,0.5903689255916134
2022-03-07,Consumer,0.12074202380952381,0.07359085714285715,0.08887501591667298,24,5,0.8160852367139492
2022-03-07,Energy,0.025974263736263742,0.07573966666666668,0.09727549170941849,52,5,0.8423419659083943
2022-03-07,Financials,0.0005593846153846116,0.09630666666666668,0.06493844467148921,30,4,0.6025296127791948
2022-03-07,Healthcare,0.20492166666666667,0.12006999999999998,0.0967262876185448,14,5,0.8003531640237274
2022-03-07,Industrials,0.141825,0.13381666666666664,0.0874752516660457,15,4,0.2908815096833069
2022-03-07,Materials,0.04526,-0.0041799999999999945,0.043803966550554956,4,4,0.4405368287062228
2022-03-07,RealEstate,0.05440666666666667,0.16965333333333335,0.11300714772286806,6,3,0.3593858338737245
2022-03-07,Tech,0.02444204761904762,0.05196861904761905,0.12318213155527968,37,5,0.8119662878160319
2022-03-07,Utilities,0.15253999999999998,0.15630666666666668,0.1294821259756532,6,3,0.2795223152351191
2022-03-08,Comm,0.046473333333333325,0.05576333333333333,0.07357540857661372,5,3,0.2873275267402535
2022-03-08,Consumer,0.17687952380952382,0.12074202380952381,0.09177201663420487,20,5,0.8354760520095879
2022-03-08,Energy,0.13085977777777777,0.025974263736263742,0.09079356189367713,39,5,0.7939304402595152
2022-03-08,Financials,0.0681,0.0005593846153846116,0.05908580284820697,13,4,0.6953234012523447
2022-03-08,Healthcare,-0.085295,0.20492166666666667,0.10656223116837407,11,5,0.6941472118590813
2022-03-08,Industrials,-0.0048099999999999974,0.141825,0.09241613787822335,13,5,0.6385623072725615
2022-03-08,Materials,0.10126500000000001,0.04526,0.04393633322777723,6,3,0.2795223152351191
2022-03-08,RealEstate,0.068,0.05440666666666667,0.10767983126321339,2,2,0.13187198158574429
2022-03-08,Tech,0.12529333333333334,0.02444204761904762,0.1142057602883495,29,4,0.5883886501467641
2022-03-08,Utilities,0.023079999999999996,0.15253999999999998,0.13157829634150292,3,2,0.1624278110061505
2022-03-09,Comm,0.10213000000000001,0.046473333333333325,0.07111158355449732,13,5,0.7631598306428174
2022-03-09,Consumer,0.04164821428571429,0.17687952380952382,0.09950906274105205,32,5,0.9378885920663027
2022-03-09,Energy,0.13485966666666668,0.13085977777777777,0.0944359451558681,35,5,0.8025461931752104
2022-03-09,Financials,0.1327713333333333,0.0681,0.059905275316551786,16,5,0.8185495859384608
2022-03-09,Healthcare,0.05889,-0.085295,0.08912066469852188,13,5,0.7276640245664072
2022-03-09,Industrials,0.14688380952380953,-0.0048099999999999974,0.08357739807111213,18,5,0.6565564873480776
2022-03-09,Materials,0.05589999999999999,0.10126500000000001,0.04914803020707021,3,3,0.27071301834358413
2022-03-09,RealEstate,-0.033859999999999994,0.068,0.10407257387564853,3,3,0.27071301834358413
2022-03-09,Tech,0.07840942857142857,0.12529333333333334,0.1152137214742571,37,5,0.7375542830027026
2022-03-09,Utilities,0.007089999999999999,0.023079999999999996,0.12171481485591173,2,1,0.06593599079287214
2022-03-10,Comm,0.07840666666666667,0.10213000000000001,0.07393143959499757,9,4,0.5008206670670481
2022-03-10,Consumer,0.07316199999999999,0.04164821428571429,0.0942489856087486,21,5,0.8775493951963017
2022-03-10,Energy,0.1012039523809524,0.13485966666666668,0.09811082892957705,30,5,0.9450201295168423
2022-03-10,Financials,-0.016067142857142863,0.1327713333333333,0.06652946240898647,21,5,0.41568129246140606
2022-03-10,Healthcare,-0.008906666666666665,0.05889,0.08637242245320172,15,3,0.4804447407128778
2022-03-10,Industrials,0.00547333333333333,0.14688380952380953,0.08933252638499371,19,5,0.7589766695912349
2022-03-10,Materials,0.16007,0.05589999999999999,0.049761845642791104,8,5,0.7296946121191722
2022-03-10,RealEstate,0.034,-0.033859999999999994,0.09153324897786229,10,4,0.6651267052026055
2022-03-10,Tech,0.2778336923076923,0.07840942857142857,0.11186787666490905,36,5,0.7754685178397269
2022-03-10,Utilities,0.062360000000000006,0.007089999999999999,0.11129437714173793,7,5,0.6712136139429324
2022-03-11,Comm,0.038795,0.07840666666666667,0.07433827841969474,11,3,0.31186324011060174
2022-03-11,Consumer,0.07675266666666666,0.07316199999999999,0.09233198691704418,23,5,0.8951838955403228
2022-03-11,Energy,0.14451055555555556,0.1012039523809524,0.09839202197061117,27,5,0.801886643638492
2022-03-11,Financials,0.0849742857142857,-0.016067142857142863,0.05902068011206563,11,4,0.3912466103205731
2022-03-11,Healthcare,0.1535975,-0.008906666666666665,0.07771068707866821,16,5,0.598938721418386
2022-03-11,Industrials,0.11408,0.00547333333333333,0.08170896338029732,10,5,0.6651267052026054
2022-03-11,Materials,0.10415333333333335,0.16007,0.05978985967526464,5,3,0.2873275267402535
2022-03-11,RealEstate,0.11364,0.034,0.08630295361623844,4,2,0.2202684143531114
2022-03-11,Tech,0.074438,0.2778336923076923,0.12695567808698027,21,5,0.6250171951398119
2022-03-11,Utilities,0.11148,0.062360000000000006,0.10684579740157993,1,1,0.03625384938440364
2022-03-14,Comm,0.10785928571428571,0.038795,0.0711070712906316,13,3,0.45347178342544225
2022-03-14,Consumer,0.060792857142857135,0.07675266666666666,0.09091568507610077,28,5,0.9189422057015029
2022-03-14,Energy,0.20138183333333332,0.14451055555555556,0.10258461593287885,32,5,0.780380584238374
2022-03-14,Financials,0.2666085714285714,0.0849742857142857,0.06138009880317654,23,5,0.7029296360954213
2022-03-14,Healthcare,0.1770766666666667,0.1535975,0.08460948825333474,8,4,0.5675402538704672
2022-03-14,Industrials,0.27364,0.11408,0.08465178489117937,12,5,0.38510769037154297
2022-03-14,Materials,0.05,0.10415333333333335,0.06382290273508907,3,2,0.1624278110061505
2022-03-14,RealEstate,0.12754000000000001,0.11364,0.08878813965112586,8,5,0.7296946121191722
2022-03-14,Tech,0.26458244444444445,0.074438,0.12218134371543658,26,5,0.6790614166177432
2022-03-14,Utilities,0.061453333333333325,0.11148,0.10726708854689085,7,4,0.49222331689148385
2022-03-15,Comm,0.151826,0.10785928571428571,0.07444818169278197,9,4,0.4361986455100096
2022-03-15,Consumer,0.14180444444444446,0.060792857142857135,0.08817724617307862,28,5,0.8398934138132015
2022-03-15,Energy,0.18263992857142858,0.20138183333333332,0.11156618115110198,33,5,0.7685643527965443
2022-03-15,Financials,0.004542666666666672,0.2666085714285714,0.08003723267821244,20,5,0.6333447491040425
2022-03-15,Healthcare,-0.07027000000000001,0.1770766666666667,0.09301559538181946,10,5,0.540415447977117
2022-03-15,Industrials,0.16330666666666666,0.27364,0.10183253171925397,12,4,0.6891400775069715
2022-03-15,Materials,0.11204,0.05,0.06256627521371733,3,2,0.1624278110061505
2022-03-15,RealEstate,0.26957333333333333,0.12754000000000001,0.09231103604647806,9,4,0.5879199135134913
2022-03-15,Tech,0.11572803896103896,0.26458244444444445,0.13512689832716457,36,5,0.8870085101317423
2022-03-15,Utilities,0.0951,0.061453333333333325,0.10310220170929471,2,2,0.13187198158574429
2022-03-16,Comm,0.02732,0.151826,0.08148252881161996,3,2,0.1624278110061505
2022-03-16,Consumer,0.08664166666666666,0.14180444444444446,0.09305244601593006,25,5,0.6239083247493181
2022-03-16,Energy,0.18090438311688312,0.18263992857142858,0.11802743091658621,29,5,0.701635001221037
2022-03-16,Financials,0.11810228571428572,0.004542666666666672,0.07317409031352647,14,3,0.472003148013993
2022-03-16,Healthcare,0.09095785714285715,-0.07027000000000001,0.0781714503471086,16,5,0.6462233573198375
2022-03-16,Industrials,0.018953690476190478,0.16330666666666666,0.10742108944174604,18,3,0.5166346129952085
2022-03-16,Materials,0.14148999999999998,0.11204,0.06706388655792485,3,2,0.1624278110061505
2022-03-16,RealEstate,0.11852666666666667,0.26957333333333333,0.10842579034528307,4,2,0.1762147314824891
2022-03-16,Tech,0.15233915584415586,0.11572803896103896,0.13336336565751677,31,4,0.6089204553387427
2022-03-16,Utilities,0.12,0.0951,0.10237472882663154,6,4,0.5031401674232144
2022-03-17,Comm,-0.09547333333333333,0.02732,0.07655866255601815,6,4,0.4192834728526786
2022-03-17,Consumer,0.01987111111111112,0.08664166666666666,0.09246964789326975,25,5,0.8222367988418166
2022-03-17,Energy,0.11862818181818183,0.18090438311688312,0.12374351748024956,32,4,0.7462033323739196
2022-03-17,Financials,0.15306642857142858,0.11810228571428572,0.07725847171359548,16,4,0.598938721418386
2022-03-17,Healthcare,0.025551333333333343,0.09095785714285715,0.07933385096490392,13,3,0.4813777393285463
2022-03-17,Industrials,0.15608,0.018953690476190478,0.09937859862669553,18,4,0.44386917454517916
2022-03-17,Materials,0.017,0.14148999999999998,0.07382989687084077,6,2,0.2515700837116072
2022-03-17,RealEstate,0.0,0.11852666666666667,0.10934405182904523,1,1,0.03625384938440364
2022-03-17,Tech,0.08402816666666665,0.15233915584415586,0.1350884374926658,26,5,0.8963610699354209
2022-03-17,Utilities,0.03066,0.12,0.1039770262060287,5,2,0.185917811420164
2022-03-18,Comm,0.28582,-0.09547333333333333,0.060919390202440735,7,5,0.6712136139429324
2022-03-18,Consumer,0.11450876190476192,0.01987111111111112,0.08586978091307351,19,5,0.775657475516317
2022-03-18,Energy,0.07074333333333334,0.11862818181818183,0.1232784869655161,11,5,0.6941472118590813
2022-03-18,Financials,0.13341333333333333,0.15306642857142858,0.08415010415521666,8,5,0.6384827856042757
2022-03-18,Healthcare,0.11555333333333336,0.025551333333333343,0.07444453118021568,6,3,0.3593858338737245
2022-03-18,Industrials,-0.016052820512820504,0.15608,0.10453327147881411,18,3,0.346315509809975
2022-03-18,Materials,0.05309000000000001,0.017,0.06866354260985524,6,4,0.5031401674232144
2022-03-18,RealEstate,0.07003000000000001,0.0,0.0994036834809502,10,5,0.6651267052026054
2022-03-18,Tech,0.1473853333333333,0.08402816666666665,0.13044659469030223,24,5,0.46069327879013267
2022-03-18,Utilities,0.08038,0.03066,0.09731184200548061,1,1,0.03625384938440364
2022-03-21,Comm,0.09507800000000001,0.28582,0.08136490018403704,9,4,0.4361986455100096
2022-03-21,Consumer,0.3143903333333333,0.11450876190476192,0.08847332463959064,36,5,0.5487425528781117
2022-03-21,Energy,0.1071451948051948,0.07074333333333334,0.11850256390804495,35,5,0.7870629868760102
2022-03-21,Financials,0.05901466666666666,0.13341333333333333,0.08862857953504547,17,5,0.8868416666078278
2022-03-21,Healthcare,0.18445333333333336,0.11555333333333336,0.07818169501231728,16,5,0.7921447605856073
2022-03-21,Industrials,0.030477999999999995,-0.016052820512820504,0.0935708994795746,42,5,0.37128491242950495
2022-03-21,Materials,0.12897333333333333,0.05309000000000001,0.0672477660089593,10,4,0.4117451032206606
2022-03-21,RealEstate,0.09498666666666666,0.07003000000000001,0.09673334861904563,13,5,0.8022962322142437
2022-03-21,Tech,0.11436733333333333,0.1473853333333333,0.13198648002148688,31,5,0.7703210579586506
2022-03-21,Utilities,0.0866,0.08038,0.095772583641346,9,5,0.7116925268847526
2022-03-22,Comm,-0.11776,0.09507800000000001,0.08261154562185184,9,3,0.32980873197098287
2022-03-22,Consumer,0.1289077777777778,0.3143903333333333,0.10901123452083997,25,4,0.36409899303552584
2022-03-22,Energy,0.13208666666666666,0.1071451948051948,0.11747007580778586,35,5,0.7973178792131569
2022-03-22,Financials,0.05983999999999999,0.05901466666666666,0.0859364056379201,8,2,0.31924139280213787
2022-03-22,Healthcare,-0.03509833333333332,0.18445333333333336,0.08784275304150056,11,5,0.6941472118590813
2022-03-22,Industrials,-0.12652666666666668,0.030477999999999995,0.0878351813450678,9,4,0.34672200027718714
2022-03-22,Materials,0.0843,0.12897333333333333,0.07285918122026604,3,3,0.27071301834358413
2022-03-22,RealEstate,0.030840000000000006,0.09498666666666666,0.09657455935064754,6,4,0.5031401674232144
2022-03-22,Tech,0.1375464761904762,0.11436733333333333,0.1303847394134729,25,5,0.9196870861119578
2022-03-22,Utilities,0.20812,0.0866,0.09493871240122363,3,2,0.1624278110061505
2022-03-23,Comm,0.090015,-0.11776,0.06439595056531985,8,4,0.4643511168031096
2022-03-23,Consumer,0.10520749999999998,0.1289077777777778,0.11082001118056159,15,4,0.5278960731289645
2022-03-23,Energy,0.04383416666666666,0.13208666666666666,0.11879885679495683,24,5,0.7825474872599514
2022-03-23,Financials,0.29982333333333333,0.05983999999999999,0.08356400512538191,9,4,0.6439122862290618
2022-03-23,Healthcare,0.027420000000000007,-0.03509833333333332,0.0766662906437884,7,3,0.351588083493917
2022-03-23,Industrials,0.03323333333333333,-0.12652666666666668,0.0683477406167283,10,3,0.3759411812014728
2022-03-23,Materials,0.0,0.0843,0.0738992556547873,1,1,0.03625384938440364
2022-03-23,RealEstate,0.08808,0.030840000000000006,0.09059869031877049,1,1,0.03625384938440364
2022-03-23,Tech,0.07451838636363636,0.1375464761904762,0.13103580639320048,50,5,0.8590675258335373
2022-03-23,Utilities,0.05464,0.20812,0.10522792036474875,1,1,0.03625384938440364
2022-03-24,Comm,0.12530999999999998,0.090015,0.06672495505938168,9,4,0.5408863204324119
2022-03-24,Consumer,-0.04295523809523809,0.10520749999999998,0.11030978289141961,21,5,0.8119382254619988
2022-03-24,Energy,0.11303038461538462,0.04383416666666666,0.11198388496511227,33,5,0.6993688483647013
2022-03-24,Financials,0.0036537142857142888,0.29982333333333333,0.1032239440533775,19,4,0.7129780835554027
2022-03-24,Healthcare,0.161075,0.027420000000000007,0.07218935513071671,10,4,0.5086263039784631
2022-03-24,Industrials,-0.035565714285714284,0.03323333333333333,0.0651555217727833,9,3,0.2651403531531431
2022-03-24,Materials,0.06637000000000001,0.0,0.06718114150435209,4,2,0.2202684143531114
2022-03-24,RealEstate,0.03716,0.08808,0.09036971847160953,5,3,0.2873275267402535
2022-03-24,Tech,0.12142754312354312,0.07451838636363636,0.12589785911778556,56,5,0.7327002611497986
2022-03-24,Utilities,0.10928,0.05464,0.10062901851340796,2,2,0.13187198158574429
2022-03-25,Comm,-0.0843,0.12530999999999998,0.07205086823580154,1,1,0.03625384938440364
2022-03-25,Consumer,0.11713083333333334,-0.04295523809523809,0.09637659916535983,22,5,0.8386978376963419
2022-03-25,Energy,0.30355533333333334,0.11303038461538462,0.11207902129695521,31,5,0.6730173453743998
2022-03-25,Financials,0.20247199999999999,0.0036537142857142888,0.09417210498358992,16,5,0.7921447605856073
2022-03-25,Healthcare,0.05574,0.161075,0.08026986830065155,7,3,0.351588083493917
2022-03-25,Industrials,0.19724,-0.035565714285714284,0.05599904576746535,17,4,0.3604582257825364
2022-03-25,Materials,0.12554666666666667,0.06637000000000001,0.06710740136759281,4,2,0.1762147314824891
2022-03-25,RealEstate,0.09628,0.03716,0.08553247133782685,5,3,0.35117808823808755
2022-03-25,Tech,0.13006791666666667,0.12142754312354312,0.1254914667546726,33,5,0.6232198047032149
2022-03-25,Utilities,0.013179999999999997,0.10928,0.10141547137582543,2,1,0.06593599079287214
2022-03-28,Comm,0.10390133333333333,-0.0843,0.05783715294163776,14,4,0.6136040924181909
2022-03-28,Consumer,0.1520642261904762,0.11713083333333334,0.0982633477260847,37,5,0.6857960877042673
2022-03-28,Energy,0.29447,0.30355533333333334,0.12948595875480776,29,5,0.6680906983738158
2022-03-28,Financials,0.02134142857142857,0.20247199999999999,0.10401754998508175,25,5,0.8932212706842756
2022-03-28,Healthcare,-0.06269499999999999,0.05574,0.0780398802733196,12,4,0.6235076891729743
2022-03-28,Industrials,0.17419333333333334,0.19724,0.06883913251587757,16,4,0.4308155715465583
2022-03-28,Materials,0.03615333333333333,0.12554666666666667,0.07242006184932678,3,1,0.09023767278119472
2022-03-28,RealEstate,0.055400000000000005,0.09628,0.0865095193980244,8,3,0.4256551904028505
2022-03-28,Tech,0.26842,0.13006791666666667,0.12590750765576297,35,5,0.7770685362490131
2022-03-28,Utilities,0.22599200000000003,0.013179999999999997,0.09339406488711402,7,3,0.2734573982730465
2022-03-29,Comm,0.05295333333333334,0.10390133333333333,0.06202480570451917,11,4,0.6148161019323292
2022-03-29,Consumer,0.12888616666666666,0.1520642261904762,0.10315433667739302,24,5,0.8279125589851658
2022-03-29,Energy,0.11205909090909091,0.29447,0.14448450795891615,28,5,0.629920060359901
2022-03-29,Financials,-0.03466166666666667,0.02134142857142857,0.0965015389474769,15,5,0.700976752843379
2022-03-29,Healthcare,0.040900000000000006,-0.06269499999999999,0.06524580024847236,10,5,0.540415447977117
2022-03-29,Industrials,0.12603266666666668,0.17419333333333334,0.07841678713564629,14,5,0.7670051155227386
2022-03-29,Materials,-0.03716,0.03615333333333333,0.06912308652969103,4,3,0.2936912191374818
2022-03-29,RealEstate,0.17370666666666665,0.055400000000000005,0.08368138127093128,6,4,0.4192834728526786
2022-03-29,Tech,0.07688580952380952,0.26842,0.13886318877796633,28,4,0.7439055950916927
2022-03-29,Utilities,0.040876,0.22599200000000003,0.10544842262464908,7,3,0.2734573982730465
2022-03-30,Comm,0.06124,0.05295333333333334,0.06120012639804773,5,3,0.35117808823808755
2022-03-30,Consumer,0.11848380952380952,0.12888616666666666,0.10549359394914518,12,4,0.4364553824210819
2022-03-30,Energy,0.29473333333333335,0.11205909090909091,0.1415367427725684,13,4,0.5689009646610094
2022-03-30,Financials,0.04887999999999999,-0.03466166666666667,0.08457761116437294,12,3,0.35388274250358004
2022-03-30,Healthcare,0.040953333333333335,0.040900000000000006,0.06303254568042942,8,4,0.5107862284834206
2022-03-30,Industrials,0.3025822222222222,0.12603266666666668,0.08274550345664813,16,4,0.49112975156307653
2022-03-30,Materials,0.068,-0.03716,0.05946098775426456,4,3,0.2936912191374818
2022-03-30,RealEstate,0.23598999999999998,0.17370666666666665,0.09186549812508903,6,3,0.3593858338737245
2022-03-30,Tech,0.14768283333333335,0.07688580952380952,0.13322888157304297,22,5,0.8102674025201947
2022-03-30,Utilities,0.3404,0.040876,0.09957820238604463,4,3,0.2936912191374818
2022-03-31,Comm,0.14542,0.06124,0.061203751270952476,10,4,0.5764431445089249
2022-03-31,Consumer,0.051818333333333334,0.11848380952380952,0.10667452263775101,26,5,0.9603868606450938
2022-03-31,Energy,0.01515666666666667,0.29473333333333335,0.15546370555081976,23,5,0.8655910394894031
2022-03-31,Financials,0.011833333333333331,0.04887999999999999,0.08133237378579358,15,4,0.6022476327245933
2022-03-31,Healthcare,0.11594000000000002,0.040953333333333335,0.061025344557966134,9,4,0.5008206670670481
2022-03-31,Industrials,0.20839333333333335,0.3025822222222222,0.10273065970806394,9,5,0.6439122862290618
2022-03-31,Materials,0.23979,0.068,0.060237261594785964,4,3,0.2936912191374818
2022-03-31,RealEstate,0.020330000000000004,0.23598999999999998,0.10496772556826275,6,4,0.5031401674232144
2022-03-31,Tech,0.14726007936507937,0.14768283333333335,0.13454287718761485,35,5,0.8186507990583249
2022-03-31,Utilities,0.23757,0.3404,0.12147109307822239,6,4,0.5031401674232144
2022-04-01,Comm,0.030560000000000004,0.14542,0.06885977388268408,5,3,0.35117808823808755
2022-04-01,Consumer,0.018912761904761904,0.051818333333333334,0.1016875963373494,23,4,0.7758260428016132
2022-04-01,Energy,0.17353800000000003,0.01515666666666667,0.1427085201977149,14,5,0.7080047220209896
2022-04-01,Financials,0.13065844444444444,0.011833333333333331,0.0750142791992063,29,4,0.7519765259723218
2022-04-01,Healthcare,0.25156999999999996,0.11594000000000002,0.06601758596178739,6,4,0.5031401674232144
2022-04-01,Industrials,-0.043424,0.20839333333333335,0.11233635731036118,11,4,0.55175804019568
2022-04-01,Materials,0.19083999999999998,0.23979,0.07656023781344179,3,3,0.27071301834358413
2022-04-01,RealEstate,0.14761,0.020330000000000004,0.09727338688023887,3,2,0.1624278110061505
2022-04-01,Tech,0.10522858275058275,0.14726007936507937,0.13569898647647521,42,5,0.8202806204837901
2022-04-01,Utilities,0.07793333333333333,0.23757,0.13202553916202037,3,1,0.09023767278119472
2022-04-04,Comm,0.147815,0.030560000000000004,0.06537797625698552,16,4,0.416211653867014
2022-04-04,Consumer,0.09430056722689076,0.018912761904761904,0.09416261138893235,39,5,0.7121202777971765
2022-04-04,Energy,0.046625666666666676,0.17353800000000003,0.14551120017974084,26,5,0.6656146558926394
2022-04-04,Financials,-0.005731384615384613,0.13065844444444444,0.08007283967604611,24,4,0.5193269688179677
2022-04-04,Healthcare,0.07585700000000002,0.25156999999999996,0.08288598723798854,20,5,0.9131947545221076
2022-04-04,Industrials,0.150995,-0.043424,0.09817632482760105,15,5,0.8726445290499207
2022-04-04,Materials,-0.02515,0.19083999999999998,0.0869493071031289,4,3,0.2936912191374818
2022-04-04,RealEstate,0.10538500000000002,0.14761,0.10184944261839897,7,4,0.3885973554406451
2022-04-04,Tech,0.12065729323308269,0.10522858275058275,0.13292894977412137,57,5,0.7671696873364218
2022-04-04,Utilities,0.11148,0.07793333333333333,0.12710806590486698,3,3,0.27071301834358413
2022-04-05,Comm,-0.069578,0.147815,0.0728722511427141,12,5,0.6891400775069715
2022-04-05,Consumer,0.08657761904761904,0.09430056722689076,0.09417515282874675,17,5,0.6139673076515731
2022-04-05,Energy,0.086984,0.046625666666666676,0.13652160622400683,16,5,0.7222496346515831
2022-04-05,Financials,0.189116,-0.005731384615384613,0.0722724556495524,18,5,0.7878677848176929
2022-04-05,Healthcare,0.161048,0.07585700000000002,0.08224698839817139,13,5,0.7276640245664072
2022-04-05,Industrials,0.025967619047619052,0.150995,0.10297802257054642,17,5,0.6139673076515731
2022-04-05,Materials,0.12086999999999999,-0.02515,0.07675846100284445,8,4,0.5675402538704672
2022-04-05,RealEstate,0.123888,0.10538500000000002,0.10217085692581725,10,4,0.48036928709077076
2022-04-05,Tech,0.029282346153846155,0.12065729323308269,0.13181334463402694,37,4,0.7415518671924192
2022-04-05,Utilities,0.10846,0.11148,0.12568733264078816,2,2,0.13187198158574429
2022-04-06,Comm,0.008533333333333334,-0.069578,0.05992222831155828,4,2,0.1762147314824891
2022-04-06,Consumer,0.07396133333333335,0.08657761904761904,0.09348446793955331,15,5,0.7009767528433791
2022-04-06,Energy,0.159475,0.086984,0.13201818747636984,11,4,0.6520776838676219
2022-04-06,Financials,0.08590499999999998,0.189116,0.08289459604504765,13,4,0.6385623072725615
2022-04-06,Healthcare,0.030345,0.161048,0.08941071672561036,7,3,0.351588083493917
2022-04-06,Industrials,0.107702,0.025967619047619052,0.09597707679573483,19,4,0.5471692269146112
2022-04-06,Materials,0.19324666666666668,0.12086999999999999,0.08076860091167677,7,4,0.49222331689148385
2022-04-06,RealEstate,0.10522000000000001,0.123888,0.10414514265983385,6,3,0.3593858338737245
2022-04-06,Tech,0.1552212857142857,0.029282346153846155,0.12249234477219231,33,5,0.6651489658759085
2022-04-06,Utilities,0.23135,0.10846,0.12412121149162558,4,3,0.2936912191374818
2022-04-07,Comm,0.002338333333333331,0.008533333333333334,0.0552505105862651,12,4,0.6235076891729743
2022-04-07,Consumer,0.014387444444444447,0.07396133333333335,0.09170963752080605,29,5,0.8599526425221937
2022-04-07,Energy,0.139066,0.159475,0.13451426134215438,17,4,0.7072281645100398
2022-04-07,Financials,0.06855766666666667,0.08590499999999998,0.0831682691318615,22,5,0.8386978376963421
2022-04-07,Healthcare,0.07783,0.030345,0.08404110611419123,5,4,0.45151468487754115
2022-04-07,Industrials,0.05160285714285714,0.107702,0.09704297890521349,11,4,0.3912466103205731
2022-04-07,Materials,0.059199999999999996,0.19324666666666668,0.09099387961667585,2,2,0.13187198158574429
2022-04-07,RealEstate,0.08236,0.10522000000000001,0.10424285696348531,6,5,0.6289252092790181
2022-04-07,Tech,0.23489771428571432,0.1552212857142857,0.12546770303965535,22,4,0.5759732138396565
2022-04-07,Utilities,0.10499333333333331,0.23135,0.13386928317420507,5,3,0.2873275267402535
2022-04-08,Comm,0.03356,0.002338333333333331,0.050440312654180385,9,2,0.20803320016631227
2022-04-08,Consumer,0.14961166666666664,0.014387444444444447,0.0846803472411368,17,5,0.8868416666078278
2022-04-08,Energy,0.1975842857142857,0.139066,0.1349280557655949,20,4,0.7408938574424647
2022-04-08,Financials,0.03279450980392156,0.06855766666666667,0.08184003254411651,31,5,0.5495986917813868
2022-04-08,Healthcare,0.358438,0.07783,0.0834764601038102,14,5,0.6574329561623474
2022-04-08,Industrials,0.106965,0.05160285714285714,0.09291205874499928,8,3,0.4256551904028505
2022-04-08,Materials,0.01779,0.059199999999999996,0.08810352692425077,5,3,0.35117808823808755
2022-04-08,RealEstate,0.059199999999999996,0.08236,0.1022535063304412,3,3,0.27071301834358413
2022-04-08,Tech,0.38193333333333335,0.23489771428571432,0.13541588588020617,25,5,0.4907421210478827
2022-04-08,Utilities,0.0,0.10499333333333331,0.1312441968250349,0,0,0.0
2022-04-11,Comm,0.048661764705882356,0.03356,0.04890573877652763,20,3,0.26712499622075264
2022-04-11,Consumer,0.15806592857142857,0.14961166666666664,0.09058319446163951,33,5,0.8877702524139675
2022-04-11,Energy,0.27352583333333336,0.1975842857142857,0.14062407667002133,20,4,0.6544562407408439
2022-04-11,Financials,0.004413142857142854,0.03279450980392156,0.07738134865864424,40,5,0.7802259803879784
2022-04-11,Healthcare,0.09281966666666666,0.358438,0.10847296373073653,14,5,0.7080047220209896
2022-04-11,Industrials,0.022772222222222225,0.106965,0.09418959885909024,17,4,0.46950441173355584
2022-04-11,Materials,0.17826,0.01779,0.08171138811295524,4,2,0.1762147314824891
2022-04-11,RealEstate,0.02352333333333333,0.059199999999999996,0.098339551209492,9,4,0.6439122862290618
2022-04-11,Tech,0.21789122494172494,0.38193333333333335,0.15782656292139954,55,5,0.675966363654773
2022-04-11,Utilities,0.15318,0.0,0.1193129062045772,4,3,0.2936912191374818
2022-04-12,Comm,0.22196857142857143,0.048661764705882356,0.04888355931555987,9,3,0.26514035315314305
2022-04-12,Consumer,0.054097142857142864,0.15806592857142857,0.09671798847162034,13,3,0.45347178342544225
2022-04-12,Energy,0.18135844444444443,0.27352583333333336,0.15270605454850422,21,5,0.6840739379876684
2022-04-12,Financials,0.05892481818181818,0.004413142857142854,0.0707478754039623,26,4,0.6282904695809026
2022-04-12,Healthcare,0.09319999999999999,0.09281966666666666,0.107049936724912,16,5,0.7441359872167826
2022-04-12,Industrials,0.06599066666666667,0.022772222222222225,0.08769711007392042,10,4,0.48036928709077076
2022-04-12,Materials,0.15298099999999998,0.17826,0.09048853464814113,14,4,0.6817823249091012
2022-04-12,RealEstate,0.28442,0.02352333333333333,0.09153807685711393,9,5,0.7116925268847526
2022-04-12,Tech,0.12285428571428572,0.21789122494172494,0.1632869867414291,15,5,0.6197040858470453
2022-04-12,Utilities,0.2279,0.15318,0.122391732913252,4,4,0.4405368287062228
2022-04-13,Comm,0.18822166666666668,0.22196857142857143,0.06461856041674274,10,4,0.5764431445089249
2022-04-13,Consumer,0.012541999999999998,0.054097142857142864,0.09284336614303149,16,5,0.8770174135054938
2022-04-13,Energy,0.18383994444444446,0.18135844444444443,0.155310817266317,28,4,0.7583503639284247
2022-04-13,Financials,0.1319242222222222,0.05892481818181818,0.06967305202013101,36,5,0.7662913756167715
2022-04-13,Healthcare,0.060786666666666676,0.09319999999999999,0.10579085156810182,12,5,0.7702153807430859
2022-04-13,Industrials,0.01094,0.06599066666666667,0.08572379703689734,5,3,0.35117808823808755
2022-04-13,Materials,0.2803916666666667,0.15298099999999998,0.09616966786194647,9,4,0.5008206670670481
2022-04-13,RealEstate,0.015250000000000003,0.28442,0.10907279714283084,5,2,0.24312329185713755
2022-04-13,Tech,0.11038833333333334,0.12285428571428572,0.15961128664805244,26,5,0.6590890220113388
2022-04-13,Utilities,0.08038,0.2279,0.13198339355750183,1,1,0.03625384938440364
2022-04-14,Comm,-0.058744,0.18822166666666668,0.0758552064394631,10,4,0.5086263039784631
2022-04-14,Consumer,0.10697214285714285,0.012541999999999998,0.08554324194821043,21,5,0.7826791903102152
2022-04-14,Energy,0.22596000000000002,0.18383994444444446,0.1579043742825104,8,4,0.5675402538704672
2022-04-14,Financials,0.20483617142857144,0.1319242222222222,0.0753322493112302,83,5,0.7340436413991619
2022-04-14,Healthcare,0.06769342857142857,0.060786666666666676,0.10169956203160772,15,4,0.5412605306765331
2022-04-14,Industrials,0.06582,0.01094,0.07892527003354304,4,3,0.2936912191374818
2022-04-14,Materials,0.162895,0.2803916666666667,0.11291712229873922,11,5,0.6941472118590811
2022-04-14,RealEstate,0.18849,0.015250000000000003,0.10054345194802802,8,3,0.4643511168031096
2022-04-14,Tech,0.02261833333333333,0.11038833333333334,0.1551364727103507,25,5,0.6367064442313555
2022-04-14,Utilities,0.09022,0.08038,0.12729217596136527,2,2,0.13187198158574429
2022-04-18,Comm,0.035902857142857146,-0.058744,0.06361891494496645,17,5,0.7449469999505752
2022-04-18,Consumer,0.180084,0.10697214285714285,0.08749132384902247,30,5,0.6553059292270075
2022-04-18,Energy,0.20733444444444443,0.22596000000000002,0.16409124934773672,15,4,0.4597804507897433
2022-04-18,Financials,0.2684466233766234,0.20483617142857144,0.08710533314007941,27,5,0.7149826724067344
2022-04-18,Healthcare,0.033716666666666666,0.06769342857142857,0.09860809535340961,9,3,0.4662813107175965
2022-04-18,Industrials,0.11248,0.06582,0.0777338818486755,8,4,0.5107862284834206
2022-04-18,Materials,0.12001500000000001,0.162895,0.11746056572612655,8,5,0.5107862284834206
2022-04-18,RealEstate,0.050885,0.18849,0.10853859268002548,6,3,0.2795223152351191
2022-04-18,Tech,0.09197,0.02261833333333333,0.14308936913062184,24,5,0.6013259638944889
2022-04-18,Utilities,0.11193,0.09022,0.1239219781466957,5,2,0.185917811420164
2022-04-19,Comm,-0.03867466666666666,0.035902857142857146,0.06109927332659289,16,5,0.4385087067527469
2022-04-19,Consumer,0.10732969047619045,0.180084,0.0959088398627477,25,5,0.8222367988418166
2022-04-19,Energy,0.235332,0.20733444444444443,0.16802244890198287,13,5,0.6657351714118194
2022-04-19,Financials,0.24010419047619047,0.2684466233766234,0.10359090497976522,23,5,0.8515163884407948
2022-04-19,Healthcare,0.030532666666666652,0.033716666666666666,0.0927088745637057,19,5,0.775657475516317
2022-04-19,Industrials,0.091538,0.11248,0.08089261986243226,10,4,0.5086263039784631
2022-04-19,Materials,0.051439999999999986,0.12001500000000001,0.11769278702375141,12,4,0.37410461350378466
2022-04-19,RealEstate,0.012207999999999997,0.050885,0.10329735698184135,11,5,0.6148161019323292
2022-04-19,Tech,0.17060755555555557,0.09197,0.13844215375511076,24,5,0.7516574548681111
2022-04-19,Utilities,0.15676,0.11193,0.1228317983151779,3,3,0.27071301834358413
2022-04-20,Comm,0.12341333333333333,-0.03867466666666666,0.05202891514538747,12,3,0.4676307668797307
2022-04-20,Consumer,0.004135333333333337,0.10732969047619045,0.0969470990094243,28,5,0.570146623975385
2022-04-20,Energy,0.27922,0.235332,0.1741414990018026,10,5,0.6651267052026054
2022-04-20,Financials,0.06109,0.24010419047619047,0.1160012036612584,11,5,0.7420194333666041
2022-04-20,Healthcare,0.2451975,0.030532666666666652,0.08705649202761125,16,4,0.5710811064686936
2022-04-20,Industrials,0.188834,0.091538,0.08186038169312024,14,5,0.7363249109018292
2022-04-20,Materials,0.06941133333333334,0.051439999999999986,0.11166980638522857,15,3,0.5553192457590406
2022-04-20,RealEstate,-0.04897,0.012207999999999997,0.0950165063471285,7,3,0.351588083493917
2022-04-20,Tech,0.16407100000000002,0.17060755555555557,0.14136628119151484,17,4,0.7653565067985364
2022-04-20,Utilities,0.00516,0.15676,0.12591618028652535,2,2,0.13187198158574429
2022-04-21,Comm,0.16514600000000002,0.12341333333333333,0.058518407707928,27,4,0.3712058375922432
2022-04-21,Consumer,0.14994066666666667,0.004135333333333337,0.0885096657661433,25,5,0.7260687521936507
2022-04-21,Energy,0.166066,0.27922,0.18369409000163875,23,4,0.5917317275605525
2022-04-21,Financials,-0.102685,0.06109,0.11100927605568947,14,5,0.87657727488313
2022-04-21,Healthcare,0.14151166666666665,0.2451975,0.1014329472978284,17,5,0.9469665253609008
2022-04-21,Industrials,0.2278,0.188834,0.09158525608465476,12,5,0.7702153807430859
2022-04-21,Materials,0.07242266666666666,0.06941133333333334,0.10782812701687443,20,5,0.654456240740844
2022-04-21,RealEstate,0.01262000000000001,-0.04897,0.08192682395193499,11,5,0.6941472118590813
2022-04-21,Tech,0.05926480952380951,0.16407100000000002,0.14343034653774075,23,5,0.910752311114937
2022-04-21,Utilities,0.16391833333333333,0.00516,0.11493834571502307,18,5,0.4040347614449708
2022-04-22,Comm,0.06856190476190475,0.16514600000000002,0.06821182518902544,12,4,0.4364553824210819
2022-04-22,Consumer,0.15205190476190475,0.14994066666666667,0.09409430221164543,24,5,0.8526263667160664
2022-04-22,Energy,0.15597233333333332,0.166066,0.18209153636512612,28,5,0.5785932406268721
2022-04-22,Financials,0.193377,-0.102685,0.09158252368699042,19,5,0.9411310702931314
2022-04-22,Healthcare,0.1645,0.14151166666666665,0.10507646724045006,9,4,0.5408863204324119
2022-04-22,Industrials,-0.08736000000000001,0.2278,0.10396841462241342,11,5,0.7969838358382045
2022-04-22,Materials,0.03361688888888889,0.07242266666666666,0.10460944880321918,20,4,0.5949602188553126
2022-04-22,RealEstate,0.04046,0.01262000000000001,0.07562620359266817,3,2,0.1624278110061505
2022-04-22,Tech,0.06755,0.05926480952380951,0.13577893408192881,9,5,0.7116925268847526
2022-04-22,Utilities,0.13824533333333333,0.16391833333333333,0.11939107186214218,13,5,0.6953234012523447
2022-04-25,Comm,0.068066,0.06856190476190475,0.06824365060474175,17,3,0.4331087209014973
2022-04-25,Consumer,0.07804766666666667,0.15205190476190475,0.0993631751707599,58,5,0.6964739472631171
2022-04-25,Energy,0.13068880808080807,0.15597233333333332,0.17971706336223586,48,5,0.7705163722378344
2022-04-25,Financials,0.15040833333333334,0.193377,0.10083656698817309,30,5,0.7944859495938056
2022-04-25,Healthcare,0.28117,0.1645,0.11047860658222733,26,5,0.9468602851430503
2022-04-25,Industrials,0.16140285714285713,-0.08736000000000001,0.0865749223840122,24,5,0.8526263667160662
2022-04-25,Materials,0.19643083333333333,0.03361688888888889,0.09815557972009824,15,5,0.5412605306765332
2022-04-25,RealEstate,0.13704666666666668,0.04046,0.07242927599333471,7,5,0.5679499810286353
2022-04-25,Tech,0.1535740238095238,0.06755,0.1295763037108444,39,5,0.8023096533493255
2022-04-25,Utilities,0.200405,0.13824533333333333,0.12110509563225044,13,4,0.5489395273044826
2022-04-26,Comm,0.2819006666666667,0.068066,0.06822750054976522,13,4,0.49665957232310337
2022-04-26,Consumer,0.07064000000000001,0.07804766666666667,0.0974254016703878,17,5,0.7449469999505752
2022-04-26,Energy,0.11398702380952382,0.13068880808080807,0.17525994924574242,25,4,0.726068752193651
2022-04-26,Financials,0.13938244444444442,0.15040833333333334,0.10534309120136949,28,5,0.7300008176133433
2022-04-26,Healthcare,-0.029710357142857146,0.28117,0.12599600598384303,25,5,0.8332735343967403
2022-04-26,Industrials,0.0057993290043290065,0.16140285714285713,0.09337746190754356,60,5,0.7725274422393836
2022-04-26,Materials,0.132305,0.19643083333333333,0.10708969368493779,13,4,0.4286240144706235
2022-04-26,RealEstate,0.0,0.13704666666666668,0.07830358423636488,5,4,0.45151468487754115
2022-04-26,Tech,0.135942,0.1535740238095238,0.13175791462890613,22,5,0.63741035664922
2022-04-26,Utilities,0.28776,0.200405,0.1283141778475004,4,4,0.4405368287062228
2022-04-27,Comm,0.09136214285714286,0.2819006666666667,0.0876523338331199,18,4,0.6179355175040729
2022-04-27,Consumer,0.05156588888888889,0.07064000000000001,0.09499036515489799,28,5,0.7439055950916925
2022-04-27,Energy,0.2804457777777778,0.11398702380952382,0.16968968329699527,28,5,0.7300008176133433
2022-04-27,Financials,0.016048000000000014,0.13938244444444442,0.10843757785983085,26,4,0.3798140126845005
2022-04-27,Healthcare,0.10347333333333333,-0.029710357142857146,0.1118408820632339,20,5,0.8354760520095879
2022-04-27,Industrials,0.049255909090909086,0.0057993290043290065,0.08541581346179677,31,5,0.3768368240308525
2022-04-27,Materials,0.0,0.132305,0.10938199425903435,3,2,0.1624278110061505
2022-04-27,RealEstate,0.08850666666666666,0.0,0.07118507657851353,15,4,0.6197040858470453
2022-04-27,Tech,0.1534508888888889,0.135942,0.1321382860262783,32,5,0.8311370450018455
2022-04-27,Utilities,0.031796666666666674,0.28776,0.14280925258863672,6,3,0.3593858338737245
2022-04-28,Comm,0.10021666666666666,0.09136214285714286,0.08798958919894016,14,5,0.6817823249091012
2022-04-28,Consumer,0.17883500000000002,0.05156588888888889,0.09104268549435171,13,5,0.8022962322142437
2022-04-28,Energy,0.2515092857142857,0.2804457777777778,0.17975841915888457,33,5,0.6949000378320193
2022-04-28,Financials,0.030515238095238106,0.016048000000000014,0.10003852532711895,18,5,0.6705257743129303
2022-04-28,Healthcare,0.14327780952380953,0.10347333333333333,0.11108019581506112,31,5,0.8162125252412936
2022-04-28,Industrials,0.07520571428571428,0.049255909090909086,0.0821285494280797,23,5,0.4696704743417837
2022-04-28,Materials,0.021976666666666665,0.0,0.09943817659912214,6,3,0.3593858338737245
2022-04-28,RealEstate,0.12934,0.08850666666666666,0.07275976658652744,4,2,0.2202684143531114
2022-04-28,Tech,0.05353568181818182,0.1534508888888889,0.1340757953774247,46,4,0.7529488258454493
2022-04-28,Utilities,0.24903999999999998,0.031796666666666674,0.13271719932300308,23,5,0.926871821046175
2022-04-29,Comm,0.11994099999999999,0.10021666666666666,0.0891011416960062,12,4,0.5692896292448896
2022-04-29,Consumer,0.08041375324675325,0.17883500000000002,0.09902380499486518,32,5,0.8663547164002287
2022-04-29,Energy,-0.01504044444444445,0.2515092857142857,0.18628122520937557,58,5,0.6017833927157163
2022-04-29,Financials,0.15678,0.030515238095238106,0.09371822648785706,5,3,0.2873275267402534
2022-04-29,Healthcare,0.142801,0.14327780952380953,0.11400725160676553,23,5,0.5723306873126655
2022-04-29,Industrials,0.2221973333333333,0.07520571428571428,0.08149920077877375,18,5,0.8080695228899415
2022-04-29,Materials,0.0,0.021976666666666665,0.09239622115071709,1,1,0.03625384938440364
2022-04-29,RealEstate,0.14292,0.12934,0.0779034241695704,9,4,0.5408863204324119
2022-04-29,Tech,0.016057056277056274,0.05353568181818182,0.126753966872039,27,5,0.6878743246377587
2022-04-29,Utilities,0.18022666666666667,0.24903999999999998,0.14329199938454823,9,3,0.32980873197098287
2022-05-02,Comm,0.121806,0.11994099999999999,0.09190476517818746,12,5,0.6891400775069715
2022-05-02,Consumer,0.11714738095238095,0.08041375324675325,0.09733198210867319,25,5,0.8222367988418166
2022-05-02,Energy,0.146958,-0.01504044444444445,0.1679792552408465,35,4,0.7178199088517278
2022-05-02,Financials,0.13496999999999998,0.15678,0.09945111498896095,14,4,0.7080047220209896
2022-05-02,Healthcare,0.242439,0.142801,0.11662486509705956,13,5,0.6657351714118194
2022-05-02,Industrials,0.06344066666666666,0.2221973333333333,0.09428994010191553,14,5,0.7670051155227386
2022-05-02,Materials,0.0,0.0,0.08399656468247009,3,3,0.27071301834358413
2022-05-02,RealEstate,0.14368,0.14292,0.08381402197233671,5,3,0.35117808823808755
2022-05-02,Tech,0.04577086580086581,0.016057056277056274,0.1166906113634042,33,5,0.6341216088671195
2022-05-02,Utilities,0.11643466666666666,0.18022666666666667,0.14664969641019537,12,3,0.5237464589052984
2022-05-03,Comm,-0.015349999999999997,0.121806,0.09462305925289768,7,3,0.351588083493917
2022-05-03,Consumer,0.140252,0.11714738095238095,0.0991333820035557,25,5,0.7434596205096664
2022-05-03,Energy,0.20648366666666665,0.146958,0.16606823203713317,31,5,0.7828977282926693
2022-05-03,Financials,0.21465666666666666,0.13496999999999998,0.10268010453541905,13,5,0.6135206481638334
2022-05-03,Healthcare,0.051570000000000005,0.242439,0.1280625137245996,3,2,0.1624278110061505
2022-05-03,Industrials,0.24938,0.06344066666666666,0.09148546069871108,7,4,0.49222331689148374
2022-05-03,Materials,-0.005242222222222221,0.0,0.07636051334770007,9,1,0.1669402223556827
2022-05-03,RealEstate,0.060833333333333336,0.14368,0.0892563836112152,4,2,0.1762147314824891
2022-05-03,Tech,0.014240000000000003,0.04577086580086581,0.11024336176680978,41,5,0.5845350634256962
2022-05-03,Utilities,0.37533666666666665,0.11643466666666666,0.14390287552442002,10,5,0.786058833421261
2022-05-04,Comm,-0.01088,-0.015349999999999997,0.08462550841172517,5,4,0.45151468487754115
2022-05-04,Consumer,0.07485710144927535,0.140252,0.10287143818505065,31,5,0.3506580318678317
2022-05-04,Energy,0.061408000000000004,0.20648366666666665,0.16974236245799984,20,4,0.6333447491040425
2022-05-04,Financials,0.0,0.21465666666666666,0.11285979200189611,7,3,0.3885973554406451
2022-05-04,Healthcare,0.12083999999999999,0.051570000000000005,0.12110864884054506,6,4,0.5031401674232144
2022-05-04,Industrials,0.11836666666666666,0.24938,0.10583950972610098,8,5,0.6384827856042757
2022-05-04,Materials,0.08664000000000001,-0.005242222222222221,0.06894208284134348,3,2,0.1624278110061505
2022-05-04,RealEstate,0.03518,0.060833333333333336,0.08667246994958958,7,4,0.49222331689148385
2022-05-04,Tech,-0.01976769230769231,0.014240000000000003,0.10151578342437254,45,4,0.5158598968526686
2022-05-04,Utilities,0.1097952380952381,0.37533666666666665,0.16494231108280608,11,3,0.3647214164005342
2022-05-05,Comm,-0.013093333333333328,-0.01088,0.0759431894652047,9,4,0.6439122862290618
2022-05-05,Consumer,-0.09383695238095237,0.07485710144927535,0.10032468029998017,21,5,0.7554555662994249
2022-05-05,Energy,0.3308949523809524,0.061408000000000004,0.1598937840527271,40,5,0.7439363999048167
2022-05-05,Financials,0.127162,0.0,0.10259981091081463,13,5,0.6657351714118194
2022-05-05,Healthcare,0.21069666666666667,0.12083999999999999,0.12108422621867734,14,5,0.6817823249091012
2022-05-05,Industrials,0.027954,0.11836666666666666,0.10697834217524331,18,5,0.5341476507238596
2022-05-05,Materials,0.12494000000000001,0.08664000000000001,0.07055098440122136,3,2,0.1624278110061505
2022-05-05,RealEstate,0.024773333333333335,0.03518,0.08199133631780871,4,2,0.1762147314824891
2022-05-05,Tech,0.27581316666666666,-0.01976769230769231,0.09049001290327571,25,5,0.7094728950006531
2022-05-05,Utilities,0.13406166666666666,0.1097952380952381,0.15992894081120898,19,5,0.7589766695912349
2022-05-06,Comm,0.2340806666666667,-0.013093333333333328,0.06784896011988305,14,5,0.7080047220209895
2022-05-06,Consumer,0.03527057142857143,-0.09383695238095237,0.08267362278353174,30,5,0.8390365635897199
2022-05-06,Energy,0.16832407142857145,0.3308949523809524,0.17543934480983853,27,5,0.8904385429359943
2022-05-06,Financials,-0.11525333333333335,0.127162,0.10483273719164965,20,5,0.8013749886622578
2022-05-06,Healthcare,0.013813333333333327,0.21069666666666667,0.1292308117139491,8,4,0.5675402538704672
2022-05-06,Industrials,0.09739999999999999,0.027954,0.09979431106840302,3,3,0.27071301834358413
2022-05-06,Materials,0.047099999999999996,0.12494000000000001,0.07549544036474669,5,3,0.35117808823808755
2022-05-06,RealEstate,0.049193333333333325,0.024773333333333335,0.0767896996828564,6,3,0.3593858338737245
2022-05-06,Tech,0.07282428571428572,0.27581316666666666,0.10733757233631128,23,5,0.7535001135123581
2022-05-06,Utilities,0.06744900000000001,0.13406166666666666,0.1575773704344324,14,4,0.6817823249091012
2022-05-09,Comm,-0.024980000000000002,0.2340806666666667,0.08296093344231793,14,5,0.4975168316904252
2022-05-09,Consumer,0.12882402597402595,0.03527057142857143,0.07836425447853534,29,5,0.7799570478689665
2022-05-09,Energy,0.12466179220779221,0.16832407142857145,0.17479250177517786,34,4,0.7547140365549616
2022-05-09,Financials,0.025053333333333344,-0.11525333333333335,0.08482491259846939,13,4,0.6953234012523447
2022-05-09,Healthcare,0.06190666666666665,0.013813333333333327,0.11873831367934766,4,2,0.1762147314824891
2022-05-09,Industrials,0.1487765,0.09739999999999999,0.09957664642582091,17,5,0.5881160525925594
2022-05-09,Materials,0.0,0.047099999999999996,0.07291403669522425,2,2,0.13187198158574429
2022-05-09,RealEstate,0.13553,0.049193333333333325,0.07428093910562703,7,5,0.6712136139429324
2022-05-09,Tech,0.08908256410256411,0.07282428571428572,0.10420000082521803,33,5,0.7423334875133858
2022-05-09,Utilities,0.09454666666666667,0.06744900000000001,0.14938388221312035,12,4,0.4849504249123133
2022-05-10,Comm,0.017312857142857137,-0.024980000000000002,0.07314812131119812,11,4,0.3912466103205731
2022-05-10,Consumer,0.10817166666666667,0.12882402597402595,0.08295150643267085,24,5,0.7825474872599514
2022-05-10,Energy,0.16221142857142856,0.12466179220779221,0.17023516454177917,19,5,0.775657475516317
2022-05-10,Financials,0.18918000000000001,0.025053333333333344,0.0793911326652752,13,4,0.4171940407514068
2022-05-10,Healthcare,0.14197200000000001,0.06190666666666665,0.11357180031455846,13,5,0.7276640245664072
2022-05-10,Industrials,0.042471666666666665,0.1487765,0.10404936038710992,12,4,0.6891400775069715
2022-05-10,Materials,0.2419,0.0,0.06628548790474934,8,4,0.4643511168031096
2022-05-10,RealEstate,0.12243,0.13553,0.07984903555057002,15,5,0.7501681039201072
2022-05-10,Tech,0.2062902564102564,0.08908256410256411,0.10282568839588586,25,5,0.5721555604843976
2022-05-10,Utilities,0.0,0.09454666666666667,0.1443986807998064,1,1,0.03625384938440364
2022-05-11,Comm,0.048114000000000004,0.017312857142857137,0.0680721882049853,14,3,0.3408911624545505
2022-05-11,Consumer,-0.0055535,0.10817166666666667,0.08524424827212503,26,5,0.46363503617349355
2022-05-11,Energy,0.2608522222222222,0.16221142857142856,0.16950573399902,23,4,0.7029296360954213
2022-05-11,Financials,0.08363833333333333,0.18918000000000001,0.08937193878661381,14,5,0.8003531640237274
2022-05-11,Healthcare,0.026530000000000015,0.14197200000000001,0.11615363664959862,15,5,0.7247386766685783
2022-05-11,Industrials,0.0881952380952381,0.042471666666666665,0.09845138823070598,16,5,0.6821246549487173
2022-05-11,Materials,0.0,0.2419,0.08225044354977211,1,1,0.03625384938440364
2022-05-11,RealEstate,0.017810000000000003,0.12243,0.0837200323187,5,3,0.35117808823808755
2022-05-11,Tech,0.10732678571428571,0.2062902564102564,0.11223155821537409,21,5,0.6631861841559838
2022-05-11,Utilities,0.10533999999999999,0.0,0.13127152799982397,5,3,0.35117808823808755
2022-05-12,Comm,-0.03306666666666667,0.048114000000000004,0.06625780745907754,11,4,0.5517580401956801
2022-05-12,Consumer,0.05508774509803922,-0.0055535,0.07698990752011366,33,5,0.6025033569014461
2022-05-12,Energy,0.09739833333333334,0.2608522222222222,0.1778099602011293,31,5,0.8839167900078525
2022-05-12,Financials,0.09586833333333333,0.08363833333333333,0.08885070192722469,11,4,0.6148161019323292
2022-05-12,Healthcare,-0.005173333333333319,0.026530000000000015,0.10800603331781691,14,5,0.87657727488313
2022-05-12,Industrials,0.11331333333333334,0.0881952380952381,0.09751901094566344,11,4,0.4781903015029227
2022-05-12,Materials,0.26960666666666666,0.0,0.07477313049979283,8,4,0.5107862284834206
2022-05-12,RealEstate,0.19050666666666669,0.017810000000000003,0.07772821119881819,5,3,0.2873275267402535
2022-05-12,Tech,0.03639452380952381,0.10732678571428571,0.11178566980618423,34,5,0.6914445963647253
2022-05-12,Utilities,0.004685000000000002,0.10533999999999999,0.12891411636347633,6,3,0.2795223152351191
2022-05-13,Comm,0.1059,-0.03306666666666667,0.05722830981128261,7,3,0.4343146913748387
2022-05-13,Consumer,0.05718619047619048,0.05508774509803922,0.07499880184537962,22,5,0.796762945811525
2022-05-13,Energy,0.07539644444444445,0.09739833333333334,0.17049981230405692,34,4,0.6487148741174671
2022-05-13,Financials,0.11499199999999998,0.09586833333333333,0.0894886684186891,21,5,0.7688264612781759
2022-05-13,Healthcare,-0.01507,-0.005173333333333319,0.09771699998589416,12,4,0.6235076891729743
2022-05-13,Industrials,0.04651266666666667,0.11331333333333334,0.09895485843545163,11,4,0.55175804019568
2022-05-13,Materials,0.06369,0.26960666666666666,0.09248527015132682,3,2,0.1624278110061505
2022-05-13,RealEstate,0.14161,0.19050666666666669,0.08798079805953168,5,4,0.45151468487754115
2022-05-13,Tech,0.11526757575757576,0.03639452380952381,0.10493192926103327,24,5,0.6566203054020282
2022-05-13,Utilities,0.13271,0.004685000000000002,0.11762056033043303,4,2,0.2202684143531114
2022-05-16,Comm,0.04784000000000001,0.1059,0.06165300891934783,10,3,0.39302941671063063
2022-05-16,Consumer,0.014043583333333335,0.05718619047619048,0.07337947353908969,60,5,0.5778455667472758
2022-05-16,Energy,0.09579527716727716,0.07539644444444445,0.16185405158954672,48,5,0.837761437451318
2022-05-16,Financials,0.03664714285714285,0.11499199999999998,0.09180715310789918,22,5,0.7243299507377499
2022-05-16,Healthcare,0.048321666666666666,-0.01507,0.08746363635081286,20,5,0.7012031150794754
2022-05-16,Industrials,0.137495,0.04651266666666667,0.09418738645647116,9,5,0.5879199135134913
2022-05-16,Materials,0.01806,0.06369,0.08986751831938801,4,1,0.1101342071765557
2022-05-16,RealEstate,0.10123666666666667,0.14161,0.0928561800541197,9,4,0.6439122862290618
2022-05-16,Tech,0.017866,0.11526757575757576,0.10587153348799169,22,5,0.7030261286572277
2022-05-16,Utilities,0.10928,0.13271,0.11899232757312092,2,2,0.13187198158574429
2022-05-17,Comm,0.009181333333333333,0.04784000000000001,0.06039728083577075,22,5,0.6460240101174526
2022-05-17,Consumer,0.07611019607843136,0.014043583333333335,0.06798530170220274,47,4,0.3635913189364914
2022-05-17,Energy,0.06679315151515151,0.09579527716727716,0.15584870846024948,24,4,0.6142577050535102
2022-05-17,Financials,0.03083033333333334,0.03664714285714285,0.08679260672146678,19,5,0.8304097679057042
2022-05-17,Healthcare,-0.0173475,0.048321666666666666,0.08390527547043594,14,4,0.472003148013993
2022-05-17,Industrials,0.11529199999999999,0.137495,0.09812444223315561,14,5,0.35400236101049476
2022-05-17,Materials,0.07167166666666666,0.01806,0.08333956210853455,10,4,0.5764431445089249
2022-05-17,RealEstate,0.27235,0.10123666666666667,0.09361804247344216,9,4,0.5879199135134913
2022-05-17,Tech,0.17127663003663005,0.017866,0.09787103044362881,35,5,0.6324976457840803
2022-05-17,Utilities,0.31206,0.10928,0.1181093887028372,5,5,0.6321205588285576
2022-05-18,Comm,-0.021075,0.009181333333333333,0.05574128560827644,11,5,0.614816101932329
2022-05-18,Consumer,0.00857112903225807,0.07611019607843136,0.06872392846367807,41,5,0.33984596710796294
2022-05-18,Energy,0.10793920512820512,0.06679315151515151,0.14775274873796782,29,5,0.6789099809385741
2022-05-18,Financials,0.10264333333333335,0.03083033333333334,0.08170512732254556,12,5,0.8729107648421642
2022-05-18,Healthcare,0.17670999999999998,-0.0173475,0.07470047770039631,11,5,0.7420194333666041
2022-05-18,Industrials,0.00029333333333333436,0.11529199999999999,0.09968512930286874,16,5,0.598938721418386
2022-05-18,Materials,0.059199999999999996,0.07167166666666666,0.082278844341092,1,1,0.03625384938440364
2022-05-18,RealEstate,-0.03686,0.27235,0.10986640224858377,5,3,0.35117808823808755
2022-05-18,Tech,0.269345,0.17127663003663005,0.10454426677026529,20,5,0.5860802155888152
2022-05-18,Utilities,0.0,0.31206,0.13574126245712476,2,2,0.13187198158574429
2022-05-19,Comm,0.04399000000000001,-0.021075,0.04875798691661494,10,3,0.3759411812014728
2022-05-19,Consumer,0.1512607142857143,0.00857112903225807,0.0632554921517308,39,5,0.36242593399212675
2022-05-19,Energy,0.13105990476190477,0.10793920512820512,0.14413333568253486,21,4,0.730062101885999
2022-05-19,Financials,0.14355400000000001,0.10264333333333335,0.08360860059625354,18,5,0.7878677848176929
2022-05-19,Healthcare,0.094805,0.17670999999999998,0.08397407063672392,11,4,0.5815827991251763
2022-05-19,Industrials,0.19797666666666666,0.00029333333333333436,0.09064951148745642,9,3,0.32980873197098287
2022-05-19,Materials,0.13044666666666666,0.059199999999999996,0.08018076758281091,5,3,0.2873275267402535
2022-05-19,RealEstate,0.029205,-0.03686,0.09652763840780343,8,4,0.4643511168031096
2022-05-19,Tech,0.14425613636363638,0.269345,0.11952615160933207,25,4,0.6056475932932406
2022-05-19,Utilities,0.11063,0.0,0.12340114768829522,3,2,0.1624278110061505
2022-05-20,Comm,0.16309,0.04399000000000001,0.04832453356055903,7,5,0.6712136139429324
2022-05-20,Consumer,0.14018524844720498,0.1512607142857143,0.07125596689118384,43,5,0.5822549884685067
2022-05-20,Energy,0.21657,0.13105990476190477,0.14294484196247756,19,4,0.775657475516317
2022-05-20,Financials,0.22629666666666667,0.14355400000000001,0.08905818236023048,10,4,0.4117451032206606
2022-05-20,Healthcare,-0.03602333333333334,0.094805,0.08495870057883992,13,5,0.8456635961177164
2022-05-20,Industrials,0.08522611111111111,0.19797666666666666,0.10040652559465735,16,3,0.4633299543047892
2022-05-20,Materials,0.11655,0.13044666666666666,0.08475039477225235,4,3,0.2936912191374818
2022-05-20,RealEstate,0.07935999999999999,0.029205,0.09040739855254856,11,5,0.6148161019323292
2022-05-20,Tech,0.27979583333333335,0.14425613636363638,0.12177433204154156,21,5,0.7179949597060651
2022-05-20,Utilities,0.039828333333333334,0.11063,0.12224013426208655,9,3,0.4662813107175965
2022-05-23,Comm,-0.006215999999999999,0.16309,0.05875775778232639,9,4,0.4361986455100096
2022-05-23,Consumer,0.06651283540372671,0.14018524844720498,0.07752226521445849,45,5,0.6035022638291281
2022-05-23,Energy,0.1303946666666667,0.21657,0.14963803814770688,19,5,0.8113198881837339
2022-05-23,Financials,-0.11263766666666664,0.22629666666666667,0.10153440820627013,21,5,0.8434698070333385
2022-05-23,Healthcare,0.18671,-0.03602333333333334,0.07396033385955145,17,5,0.7653565067985362
2022-05-23,Industrials,0.12813166666666667,0.08522611111111111,0.09902648791433497,10,4,0.5764431445089249
2022-05-23,Materials,0.169035,0.11655,0.08764126797477485,6,3,0.2795223152351191
2022-05-23,RealEstate,0.098474,0.07935999999999999,0.08940308959322597,14,5,0.7670051155227386
2022-05-23,Tech,0.18070618546365916,0.27979583333333335,0.13613992306806807,37,5,0.6040455606931628
2022-05-23,Utilities,0.15509,0.039828333333333334,0.11474815235947262,8,4,0.6384827856042757
2022-05-24,Comm,0.09552799999999999,-0.006215999999999999,0.052851052529387633,11,5,0.6148161019323292
2022-05-24,Consumer,0.19893866666666668,0.06651283540372671,0.07652140795893743,28,5,0.5242287750646157
2022-05-24,Energy,0.17849844444444446,0.1303946666666667,0.14788864074033958,22,5,0.7469652616983045
2022-05-24,Financials,0.38,-0.11263766666666664,0.0820642195814577,13,5,0.6657351714118194
2022-05-24,Healthcare,0.013724,0.18671,0.08421030350868312,12,4,0.5951664305742027
2022-05-24,Industrials,0.255668,0.12813166666666667,0.10167241325545602,7,3,0.2734573982730465
2022-05-24,Materials,-0.0568,0.169035,0.09504069815888622,2,2,0.13187198158574429
2022-05-24,RealEstate,0.19203,0.098474,0.09022771781202361,4,3,0.2936912191374818
2022-05-24,Tech,0.29367333333333334,0.18070618546365916,0.14019140146766726,14,5,0.6574329561623474
2022-05-24,Utilities,0.084095,0.15509,0.11841559305406602,5,2,0.185917811420164
2022-05-25,Comm,0.20104285714285713,0.09552799999999999,0.056730775026716015,11,5,0.40601063335153814
2022-05-25,Consumer,0.023675047619047616,0.19893866666666668,0.08765024965964008,28,5,0.629920060359901
2022-05-25,Energy,0.15403333333333333,0.17849844444444446,0.15067135016798547,26,4,0.6167622040840052
2022-05-25,Financials,0.016666666666666666,0.38,0.1091492905285979,5,3,0.2873275267402535
2022-05-25,Healthcare,-0.10386500000000001,0.013724,0.07780245773516647,16,4,0.6821246549487173
2022-05-25,Industrials,0.20750533333333335,0.255668,0.11567201205041458,11,4,0.55175804019568
2022-05-25,Materials,0.09712666666666667,-0.0568,0.0812369983262602,5,3,0.2873275267402534
2022-05-25,RealEstate,0.20534,0.19203,0.09948247073820328,5,4,0.45151468487754115
2022-05-25,Tech,0.035355353535353524,0.29367333333333334,0.154144304364546,36,5,0.45123081003217547
2022-05-25,Utilities,0.10928,0.084095,0.11529553914006001,4,3,0.2936912191374818
2022-05-26,Comm,0.21776,0.20104285714285713,0.06985005521909249,11,5,0.7969838358382045
2022-05-26,Consumer,0.08861450000000001,0.023675047619047616,0.0818343222014044,28,5,0.5242287750646157
2022-05-26,Energy,0.1861735,0.15403333333333333,0.1509769850011989,23,5,0.799515387619983
2022-05-26,Financials,0.177105,0.016666666666666666,0.10074177926842234,17,5,0.9159184425621828
2022-05-26,Healthcare,0.20277809523809526,-0.10386500000000001,0.061287234304696805,24,5,0.840087743676124
2022-05-26,Industrials,0.05842333333333334,0.20750533333333335,0.12402049580340717,14,4,0.6347628542257148
2022-05-26,Materials,0.035645,0.09712666666666667,0.0826815136299335,7,4,0.3885973554406451
2022-05-26,RealEstate,0.08823,0.20534,0.1091058824892757,4,3,0.2936912191374818
2022-05-26,Tech,0.25083578947368423,0.035355353535353524,0.1433453088346194,31,5,0.46669085993115317
2022-05-26,Utilities,0.06777999999999999,0.10928,0.11474867194550911,3,2,0.1624278110061505
2022-05-27,Comm,0.07342333333333333,0.21776,0.08329641383553862,9,4,0.5008206670670481
2022-05-27,Consumer,0.11223100000000001,0.08861450000000001,0.08245070200127672,17,5,0.46950441173355584
2022-05-27,Energy,0.25107380952380953,0.1861735,0.15417666818290812,20,5,0.7551418162394351
2022-05-27,Financials,0.11309,0.177105,0.1076838902440203,7,5,0.6712136139429324
2022-05-27,Healthcare,-0.02572499999999999,0.20277809523809526,0.07415003984409665,14,4,0.6817823249091012
2022-05-27,Industrials,0.12723666666666666,0.05842333333333334,0.11805711739703681,9,5,0.7116925268847526
2022-05-27,Materials,-0.07432,0.035645,0.0784054669363032,2,2,0.13187198158574429
2022-05-27,RealEstate,0.17781,0.08823,0.10720807499025065,5,4,0.45151468487754115
2022-05-27,Tech,-0.004007777777777777,0.25083578947368423,0.153117170710898,17,5,0.5643537878413449
2022-05-27,Utilities,0.07636,0.06777999999999999,0.11047879267773555,1,1,0.03625384938440364
2022-05-31,Comm,0.11564933333333334,0.07342333333333333,0.08239886106261088,10,3,0.4550866930333618
2022-05-31,Consumer,0.09905444444444444,0.11223100000000001,0.08515800181934248,26,5,0.6722708024515658
2022-05-31,Energy,0.22741289377289378,0.25107380952380953,0.16298549921389915,31,5,0.7405789321687412
2022-05-31,Financials,0.06108333333333334,0.11309,0.10817535476729119,17,5,0.7869158450182133
2022-05-31,Healthcare,0.35723333333333335,-0.02572499999999999,0.06507049076736059,18,5,0.6705257743129303
2022-05-31,Industrials,0.298388,0.12723666666666666,0.11889162187609408,11,4,0.5004317108751516
2022-05-31,Materials,0.07277,-0.07432,0.06452133357845743,4,3,0.2936912191374818
2022-05-31,RealEstate,0.095115,0.17781,0.11362643180931875,6,3,0.2795223152351191
2022-05-31,Tech,0.2941422222222222,-0.004007777777777777,0.13883308448465476,27,5,0.6072865376509083
2022-05-31,Utilities,0.21101166666666665,0.07636,0.10737708425248685,10,5,0.6176176548309908
2022-06-01,Comm,0.14264000000000002,0.11564933333333334,0.08542163126904019,5,2,0.185917811420164
2022-06-01,Consumer,-0.05751166666666667,0.09905444444444444,0.08642131478526083,28,5,0.7232415507835903
2022-06-01,Energy,0.2107964285714286,0.22741289377289378,0.16884253508289865,21,5,0.797040276370953
2022-06-01,Financials,0.10417999999999998,0.06108333333333334,0.10389426190965864,15,4,0.7009767528433791
2022-06-01,Healthcare,0.05744166666666667,0.35723333333333335,0.09163074918244903,9,4,0.5008206670670481
2022-06-01,Industrials,0.238698,0.298388,0.13520947443281278,13,5,0.7276640245664072
2022-06-01,Materials,0.0791,0.07277,0.06527121234405223,8,4,0.5675402538704672
2022-06-01,RealEstate,0.09534000000000001,0.095115,0.11194357437210796,3,2,0.1624278110061505
2022-06-01,Tech,0.15144611111111111,0.2941422222222222,0.15295209700625179,19,4,0.6137811327998683
2022-06-01,Utilities,0.34697,0.21101166666666665,0.11679840992650319,6,4,0.5031401674232144
2022-06-02,Comm,-0.07633000000000001,0.14264000000000002,0.0906233011536729,8,5,0.6384827856042757
2022-06-02,Consumer,0.17414066666666667,-0.05751166666666667,0.07333649828963106,16,5,0.8185495859384608
2022-06-02,Energy,0.33902,0.2107964285714286,0.17265652540003773,21,5,0.8119382254619988
2022-06-02,Financials,0.06271999999999998,0.10417999999999998,0.10392023809968967,11,4,0.5004317108751516
2022-06-02,Healthcare,-0.07786000000000001,0.05744166666666667,0.08852265077192335,11,5,0.6148161019323292
2022-06-02,Industrials,0.038462666666666666,0.238698,0.14461752221164798,14,4,0.5578219021983555
2022-06-02,Materials,0.00516,0.0791,0.0665283748582293,3,3,0.27071301834358413
2022-06-02,RealEstate,0.11127000000000001,0.09534000000000001,0.11043415852009812,6,4,0.5031401674232144
2022-06-02,Tech,0.10932380952380952,0.15144611111111111,0.15281518919760265,27,5,0.662746495427247
2022-06-02,Utilities,0.2118,0.34697,0.1377230999331847,3,2,0.1624278110061505
2022-06-03,Comm,0.04448866666666666,-0.07633000000000001,0.07544572832152081,13,4,0.6135206481638334
2022-06-03,Consumer,0.029041666666666667,0.17414066666666667,0.0825005135966343,14,4,0.5938104120176042
2022-06-03,Energy,0.19836666666666666,0.33902,0.18778047763639796,18,5,0.9269032762561095
2022-06-03,Financials,-0.03326,0.06271999999999998,0.10017476190880878,9,4,0.5408863204324119
2022-06-03,Healthcare,0.052653333333333344,-0.07786000000000001,0.07339695524720305,10,4,0.6176176548309908
2022-06-03,Industrials,0.08422666666666666,0.038462666666666666,0.13496708079846786,8,3,0.3929124834487851
2022-06-03,Materials,0.04046,0.00516,0.06094943168929936,2,2,0.13187198158574429
2022-06-03,RealEstate,0.18933,0.11127000000000001,0.11051014410918011,8,4,0.6384827856042757
2022-06-03,Tech,0.11425733333333335,0.10932380952380952,0.14886142740907599,23,5,0.8515163884407948
2022-06-03,Utilities,0.10887,0.2118,0.14445736357562247,6,3,0.4192834728526787
2022-06-06,Comm,0.01377333333333335,0.04448866666666666,0.07263144998926134,8,5,0.6384827856042757
2022-06-06,Consumer,0.10034866666666668,0.029041666666666667,0.07764061842118268,36,4,0.7708526338049664
2022-06-06,Energy,0.14872483516483517,0.19836666666666666,0.18874285845733146,24,4,0.5011049699120741
2022-06-06,Financials,0.23270833333333335,-0.03326,0.08804432900800799,14,5,0.8765772748831302
2022-06-06,Healthcare,0.09547209523809526,0.052653333333333344,0.07151117143685125,22,5,0.8852921620128054
2022-06-06,Industrials,0.016852000000000006,0.08422666666666666,0.13035431587739502,12,4,0.5692896292448896
2022-06-06,Materials,0.05872999999999999,0.04046,0.059086756081181226,5,4,0.45151468487754115
2022-06-06,RealEstate,0.045592,0.18933,0.11767558555380012,9,3,0.38634737173743705
2022-06-06,Tech,0.098995,0.11425733333333335,0.14571560067491757,17,5,0.7869158450182133
2022-06-06,Utilities,0.08502666666666667,0.10887,0.14122214870511135,6,3,0.3593858338737245
2022-06-07,Comm,0.09287999999999999,0.01377333333333335,0.0672807121114497,6,2,0.2515700837116072
2022-06-07,Consumer,0.20103416666666668,0.10034866666666668,0.07970498644349941,30,5,0.5646346685792454
2022-06-07,Energy,0.125369,0.14872483516483517,0.18510485633983179,23,5,0.732423187260264
2022-06-07,Financials,0.13640666666666668,0.23270833333333335,0.1011956021284921,13,5,0.6953234012523447
2022-06-07,Healthcare,0.13734333333333332,0.09547209523809526,0.07368943723696433,5,2,0.24312329185713755
2022-06-07,Industrials,0.32036000000000003,0.016852000000000006,0.12003592352490458,8,5,0.5107862284834206
2022-06-07,Materials,0.031019999999999992,0.05872999999999999,0.059054323710164745,5,4,0.45151468487754115
2022-06-07,RealEstate,0.04432666666666667,0.045592,0.11112253232163646,8,5,0.6384827856042757
2022-06-07,Tech,0.10275533333333334,0.098995,0.14146827334083414,22,5,0.7354734884414076
2022-06-07,Utilities,0.16316,0.08502666666666667,0.13611346851979816,5,4,0.45151468487754115
2022-06-08,Comm,0.191892,0.09287999999999999,0.0696079201013179,9,3,0.38634737173743705
2022-06-08,Consumer,0.14608,0.20103416666666668,0.0907349119183328,18,4,0.5836057665316243
2022-06-08,Energy,0.18043984126984128,0.125369,0.17967432394530164,27,5,0.8108462709417156
2022-06-08,Financials,0.033697142857142856,0.13640666666666668,0.10439660799559888,10,3,0.3202461913938472
2022-06-08,Healthcare,0.2734,0.13734333333333332,0.07947615506390697,6,4,0.5031401674232144
2022-06-08,Industrials,0.003510000000000002,0.32036000000000003,0.13824720320445869,7,4,0.5679499810286353
2022-06-08,Materials,0.04939,0.031019999999999992,0.0565057488274225,3,2,0.1624278110061505
2022-06-08,RealEstate,0.098664,0.04432666666666667,0.10505018089845738,7,2,0.25459826735766405
2022-06-08,Tech,0.07279275,0.10275533333333334,0.13794891515833405,27,4,0.4727735586272544
2022-06-08,Utilities,0.19480000000000003,0.16316,0.13857224410890742,3,3,0.27071301834358413
2022-06-09,Comm,0.08032133333333333,0.191892,0.08072465463756173,14,5,0.7670051155227386
2022-06-09,Consumer,0.004124714285714287,0.14608,0.09576628356212072,23,5,0.8801387880522502
2022-06-09,Energy,0.13054000000000002,0.18043984126984128,0.17974391642935067,10,4,0.48036928709077076
2022-06-09,Financials,-0.00770666666666667,0.033697142857142856,0.09796938389210288,11,3,0.5248430138446711
2022-06-09,Healthcare,0.013486666666666666,0.2734,0.0971055955126427,7,4,0.49222331689148385
2022-06-09,Industrials,0.21109383333333334,0.003510000000000002,0.1259983665495079,19,4,0.6596713109531295
2022-06-09,Materials,0.023219999999999998,0.04939,0.05585886257038408,5,4,0.45151468487754115
2022-06-09,RealEstate,0.13612666666666667,0.098664,0.10446961899859761,4,2,0.1762147314824891
2022-06-09,Tech,0.065266,0.07279275,0.13202562741666732,15,5,0.7247386766685784
2022-06-09,Utilities,0.10734666666666666,0.19480000000000003,0.14368385828082492,11,5,0.6941472118590813
2022-06-10,Comm,-0.031369999999999995,0.08032133333333333,0.08068798906445004,10,5,0.540415447977117
2022-06-10,Consumer,0.0647810909090909,0.004124714285714287,0.08743523180972013,24,5,0.6642554252322842
2022-06-10,Energy,0.13747333333333334,0.13054000000000002,0.17527083311759153,19,5,0.8113198881837339
2022-06-10,Financials,0.07261866666666666,-0.00770666666666667,0.088362470204942,14,4,0.7080047220209896
2022-06-10,Healthcare,-0.009484666666666672,0.013486666666666666,0.08950387470846306,12,4,0.6235076891729743
2022-06-10,Industrials,0.037685,0.21109383333333334,0.13373431807531022,10,3,0.48036928709077065
2022-06-10,Materials,-0.09534000000000001,0.023219999999999998,0.052891693245803714,5,3,0.2873275267402535
2022-06-10,RealEstate,0.13562,0.13612666666666667,0.10734753242296753,9,4,0.5408863204324119
2022-06-10,Tech,0.04853750000000001,0.065266,0.12595657037878846,18,5,0.7003269198379494
2022-06-10,Utilities,0.23270999999999997,0.10734666666666666,0.14038047722499236,8,4,0.5675402538704672
2022-06-13,Comm,0.09076999999999999,-0.031369999999999995,0.07050089914950006,10,5,0.6651267052026054
2022-06-13,Consumer,0.11722030303030304,0.0647810909090909,0.08537576445511746,42,5,0.7348347225167285
2022-06-13,Energy,0.1252779292929293,0.13747333333333334,0.17183469677356805,28,4,0.6676075853386987
2022-06-13,Financials,0.14315833333333333,0.07261866666666666,0.08693121533782606,14,5,0.7080047220209896
2022-06-13,Healthcare,0.21730357142857143,-0.009484666666666672,0.08050491640163308,15,4,0.5857476975814537
2022-06-13,Industrials,-0.004973333333333335,0.037685,0.12500256188664566,20,5,0.4847824005487733
2022-06-13,Materials,0.075,-0.09534000000000001,0.039416084768912465,10,3,0.48036928709077065
2022-06-13,RealEstate,0.09178800000000001,0.13562,0.1099177567481523,12,4,0.5692896292448896
2022-06-13,Tech,0.10588970634920633,0.04853750000000001,0.11891847307162588,36,5,0.9664421080539879
2022-06-13,Utilities,0.122345,0.23270999999999997,0.1487740702045385,11,5,0.7420194333666041
2022-06-14,Comm,0.2152675,0.09076999999999999,0.07234354468136368,11,4,0.32117259056166453
2022-06-14,Consumer,0.07506357142857142,0.11722030303030304,0.08827072250740706,20,4,0.604113452991548
2022-06-14,Energy,0.1712075,0.1252779292929293,0.16760226336623724,19,4,0.6722364787808082
2022-06-14,Financials,-0.09208476190476192,0.14315833333333333,0.09204277151923582,23,5,0.8515163884407948
2022-06-14,Healthcare,-0.030830000000000003,0.21730357142857143,0.09294115776771839,11,5,0.7420194333666041
2022-06-14,Industrials,0.18406466666666668,-0.004973333333333335,0.11318657141210209,14,5,0.7670051155227386
2022-06-14,Materials,0.12944,0.075,0.04265098615355678,7,4,0.49222331689148374
2022-06-14,RealEstate,0.08678999999999999,0.09178800000000001,0.10826959704377481,8,5,0.7296946121191722
2022-06-14,Tech,0.16499714285714284,0.10588970634920633,0.11773403973322409,19,5,0.8113198881837339
2022-06-14,Utilities,0.09343000000000001,0.122345,0.14637142745867135,8,3,0.4256551904028505
2022-06-15,Comm,0.040440000000000004,0.2152675,0.08533663152851242,10,5,0.7205539306361561
2022-06-15,Consumer,-0.08891500000000001,0.07506357142857142,0.0870700724093311,22,5,0.6548736540916641
2022-06-15,Energy,0.2154575,0.1712075,0.16793001215112477,16,5,0.5710811064686936
2022-06-15,Financials,0.058606666666666675,-0.09208476190476192,0.07530390484432692,15,5,0.7501681039201075
2022-06-15,Healthcare,0.101719,-0.030830000000000003,0.08168923433428946,15,5,0.7774469440626567
2022-06-15,Industrials,0.17115181818181818,0.18406466666666668,0.11963003461706252,18,5,0.47036882675683156
2022-06-15,Materials,0.17692000000000002,0.12944,0.05054089650323344,10,4,0.5086263039784631
2022-06-15,RealEstate,-0.02241,0.08678999999999999,0.10631690640343164,9,3,0.40976236396394844
2022-06-15,Tech,0.250809,0.16499714285714284,0.12203068547176217,20,5,0.8536385748793616
2022-06-15,Utilities,0.0,0.09343000000000001,0.14155857041697395,4,3,0.2936912191374818
2022-06-16,Comm,0.022036666666666666,0.040440000000000004,0.08125511957137495,13,5,0.6135206481638334
2022-06-16,Consumer,0.08174111111111113,-0.08891500000000001,0.07107142946302827,22,5,0.7135190559506192
2022-06-16,Energy,0.06751,0.2154575,0.17225069286465886,10,5,0.786058833421261
2022-06-16,Financials,-0.008701666666666672,0.058606666666666675,0.07378597410090326,18,5,0.8080695228899416
2022-06-16,Healthcare,0.24372,0.101719,0.08351012212208131,4,4,0.4405368287062228
2022-06-16,Industrials,0.08075800000000001,0.17115181818181818,0.12431383312294939,17,5,0.48583499996776647
2022-06-16,Materials,0.086484,0.17692000000000002,0.062029905912030406,6,2,0.1935154490089286
2022-06-16,RealEstate,0.08519,-0.02241,0.09461446036675603,5,4,0.45151468487754115
2022-06-16,Tech,0.10343549783549784,0.250809,0.13373780497432924,30,5,0.816153748219091
2022-06-16,Utilities,0.03946000000000001,0.0,0.12868960946997632,9,5,0.5879199135134913
2022-06-17,Comm,0.13694599999999998,0.022036666666666666,0.0758716238527651,9,4,0.4361986455100096
2022-06-17,Consumer,0.14481,0.08174111111111113,0.07204140052194488,17,5,0.7869158450182133
2022-06-17,Energy,0.19483333333333333,0.06751,0.16272881169514442,24,5,0.7418956697399538
2022-06-17,Financials,0.08931000000000001,-0.008701666666666672,0.06628709766748782,13,5,0.6657351714118194
2022-06-17,Healthcare,0.20803333333333335,0.24372,0.09807465647461937,11,4,0.4781903015029227
2022-06-17,Industrials,0.14329,0.08075800000000001,0.12035421192995399,9,3,0.32980873197098287
2022-06-17,Materials,0.010185000000000005,0.086484,0.0642530053745731,6,2,0.2515700837116072
2022-06-17,RealEstate,0.23089400000000002,0.08519,0.09375769124250548,8,3,0.34052415232228034
2022-06-17,Tech,0.12270466666666666,0.10343549783549784,0.13098304977989,19,4,0.5471692269146112
2022-06-17,Utilities,0.1525,0.03946000000000001,0.12057782679088755,6,5,0.6289252092790181
2022-06-21,Comm,0.09559428571428571,0.13694599999999998,0.08142383986615008,12,4,0.4515055680218089
2022-06-21,Consumer,0.045003712121212125,0.14481,0.07865672774722261,48,5,0.8759862939129753
2022-06-21,Energy,0.05272926470588235,0.19483333333333333,0.16564740457134342,39,4,0.5814060394252282
2022-06-21,Financials,-0.02925466666666667,0.08931000000000001,0.06838008878862528,26,5,0.8403385030644571
2022-06-21,Healthcare,0.2519159523809524,0.20803333333333335,0.10807089982541154,18,4,0.6179355175040729
2022-06-21,Industrials,0.20736333333333334,0.14329,0.12243928357268544,18,5,0.8080695228899416
2022-06-21,Materials,0.08520000000000001,0.010185000000000005,0.05933773215870282,5,4,0.45151468487754115
2022-06-21,RealEstate,0.22520333333333334,0.23089400000000002,0.10622462840227771,11,4,0.6941472118590813
2022-06-21,Tech,0.13872239743589745,0.12270466666666666,0.13023046949686973,33,5,0.7373007181065155
2022-06-21,Utilities,0.10598,0.1525,0.12347984253717051,7,3,0.2734573982730465
2022-06-22,Comm,0.08254500000000001,0.09559428571428571,0.0827120622159806,8,3,0.4256551904028505
2022-06-22,Consumer,0.15841818181818182,0.045003712121212125,0.07559736269031257,23,5,0.6271647651390285
2022-06-22,Energy,0.04987444444444444,0.05272926470588235,0.15538211912902877,38,5,0.5843228130081425
2022-06-22,Financials,0.10756000000000002,-0.02925466666666667,0.05950420192905328,8,3,0.4643511168031096
2022-06-22,Healthcare,0.018083333333333333,0.2519159523809524,0.12114772278500616,20,5,0.8180703009260548
2022-06-22,Industrials,-0.030042777777777797,0.20736333333333334,0.13015965173274432,19,5,0.6358993718196834
2022-06-22,Materials,0.05897333333333332,0.08520000000000001,0.061688847417002556,9,3,0.32980873197098287
2022-06-22,RealEstate,0.15359333333333333,0.22520333333333334,0.11704087430510095,4,2,0.1762147314824891
2022-06-22,Tech,0.18884190476190477,0.13872239743589745,0.13100246294587223,20,5,0.7012031150794755
2022-06-22,Utilities,0.3825033333333333,0.10598,0.1218889477610641,11,5,0.7969838358382045
2022-06-23,Comm,0.008013333333333332,0.08254500000000001,0.08269687474180054,9,3,0.38634737173743705
2022-06-23,Consumer,0.14914092857142858,0.15841818181818182,0.08312652806557341,29,5,0.7519765259723218
2022-06-23,Energy,0.12957916666666666,0.04987444444444444,0.1457905123395211,40,5,0.7303485204545003
2022-06-23,Financials,0.023884666666666672,0.10756000000000002,0.0638729108445939,25,5,0.8562603905180297
2022-06-23,Healthcare,-0.09467933333333332,0.018083333333333333,0.11177823283485408,15,5,0.7774469440626567
2022-06-23,Industrials,0.130004,-0.030042777777777797,0.11559579450451504,17,5,0.8338958954670619
2022-06-23,Materials,0.1475433333333333,0.05897333333333332,0.061441982500305345,12,5,0.8183538420395288
2022-06-23,RealEstate,0.20191999999999996,0.15359333333333333,0.12036382512584935,6,4,0.4192834728526787
2022-06-23,Tech,0.18014999999999998,0.18884190476190477,0.136260594020057,22,5,0.9019957877111602
2022-06-23,Utilities,0.153,0.3825033333333333,0.1455811646312704,6,3,0.3593858338737245
2022-06-24,Comm,-0.014863999999999999,0.008013333333333332,0.07590746188648533,6,2,0.1935154490089286
2022-06-24,Consumer,0.03551166666666667,0.14914092857142858,0.08912783720246933,24,5,0.9067613741266103
2022-06-24,Energy,-0.08981416666666667,0.12957916666666666,0.14431675364198887,18,5,0.6705257743129303
2022-06-24,Financials,0.2861228333333333,0.023884666666666672,0.06023761591932778,22,5,0.7354734884414076
2022-06-24,Healthcare,0.28993714285714284,-0.09467933333333332,0.09300936318320067,11,4,0.3912466103205731
2022-06-24,Industrials,0.0032333333333333324,0.130004,0.11690563136774094,6,3,0.3593858338737245
2022-06-24,Materials,0.059199999999999996,0.1475433333333333,0.06926937803058061,2,2,0.13187198158574429
2022-06-24,RealEstate,-0.06933,0.20191999999999996,0.12777802284168122,4,3,0.2936912191374818
2022-06-24,Tech,-0.009807999999999994,0.18014999999999998,0.14025054001823362,24,5,0.8279125589851658
2022-06-24,Utilities,0.06364,0.153,0.1462556042102458,2,2,0.13187198158574429
2022-06-27,Comm,0.09763000000000001,-0.014863999999999999,0.06765551080589575,11,4,0.5815827991251763
2022-06-27,Consumer,0.13107188235294118,0.03551166666666667,0.08425363988103272,51,5,0.8598027504135878
2022-06-27,Energy,0.10657933333333333,-0.08981416666666667,0.12303212452302019,26,5,0.679061416617743
2022-06-27,Financials,0.039687333333333345,0.2861228333333333,0.08077263568423737,27,5,0.8487805994068252
2022-06-27,Healthcare,0.19292942857142856,0.28993714285714284,0.1109118886081045,22,4,0.6733207992773449
2022-06-27,Industrials,0.12119071428571429,0.0032333333333333324,0.10657178609188571,24,5,0.8526263667160662
2022-06-27,Materials,0.21814666666666666,0.059199999999999996,0.06835398002780055,10,4,0.48036928709077076
2022-06-27,RealEstate,0.08831,-0.06933,0.10985911167425563,8,5,0.7296946121191722
2022-06-27,Tech,0.22432695238095235,-0.009807999999999994,0.12660885456203058,37,5,0.714445532621417
2022-06-27,Utilities,0.057300000000000004,0.06364,0.13874509473658708,9,2,0.25513505680774146
2022-06-28,Comm,0.11567000000000001,0.09763000000000001,0.07038046436899614,5,4,0.45151468487754115
2022-06-28,Consumer,0.13368007017543862,0.13107188235294118,0.0885098437421153,37,5,0.5483620019919895
2022-06-28,Energy,0.269013081232493,0.10657933333333333,0.12153641623304864,32,5,0.543775832634186
2022-06-28,Financials,0.11619583333333332,0.039687333333333345,0.07703760819779155,26,4,0.7228718305930814
2022-06-28,Healthcare,-0.029466666666666662,0.19292942857142856,0.11836802860477033,7,3,0.3885973554406451
2022-06-28,Industrials,0.046588571428571424,0.12119071428571429,0.10790077956405195,13,5,0.5303314077348392
2022-06-28,Materials,0.24530000000000002,0.21814666666666666,0.08197149699497021,4,3,0.2936912191374818
2022-06-28,RealEstate,0.0913,0.08831,0.10790010152205058,8,5,0.7296946121191722
2022-06-28,Tech,0.07973964285714286,0.22432695238095235,0.13549231800011435,27,5,0.8108462709417156
2022-06-28,Utilities,0.15372333333333335,0.057300000000000004,0.1313409952150792,7,4,0.49222331689148385
2022-06-29,Comm,0.005244999999999999,0.11567000000000001,0.07449769488090559,7,2,0.2953339901348903
2022-06-29,Consumer,0.02155271861471862,0.13368007017543862,0.09261622796332651,31,5,0.8162125252412935
2022-06-29,Energy,0.18623314285714287,0.269013081232493,0.1349433857784527,27,4,0.5876173380508789
2022-06-29,Financials,0.05522833333333334,0.11619583333333332,0.08059744684647717,15,4,0.6578397218991711
2022-06-29,Healthcare,0.2953904761904762,-0.029466666666666662,0.10492851085282151,16,4,0.6462233573198375
2022-06-29,Industrials,0.17250666666666667,0.046588571428571424,0.10232694246082644,13,5,0.8022962322142437
2022-06-29,Materials,0.034,0.24530000000000002,0.09681954272270019,3,2,0.1624278110061505
2022-06-29,RealEstate,0.14173,0.0913,0.10639100138368233,7,4,0.49222331689148385
2022-06-29,Tech,0.16612555555555555,0.07973964285714286,0.13042389298711693,29,5,0.7657112570403094
2022-06-29,Utilities,0.15225999999999998,0.15372333333333335,0.13337575322582956,8,4,0.5675402538704672
2022-06-30,Comm,0.1959216666666667,0.005244999999999999,0.0682019953462778,14,5,0.8765772748831302
2022-06-30,Consumer,0.19754798534798534,0.02155271861471862,0.0861559089316349,30,5,0.6801281235159093
2022-06-30,Energy,-0.04983449999999999,0.18623314285714287,0.13960609096742452,20,5,0.7139522626263751
2022-06-30,Financials,0.1354057142857143,0.05522833333333334,0.07829116379982773,18,5,0.7329002649466911
2022-06-30,Healthcare,0.04474,0.2953904761904762,0.12224323497442649,8,3,0.4256551904028505
2022-06-30,Industrials,0.2588933333333333,0.17250666666666667,0.1087069173886301,10,4,0.5764431445089249
2022-06-30,Materials,0.04427,0.034,0.09110867520245472,3,2,0.1624278110061505
2022-06-30,RealEstate,0.034,0.14173,0.1096036376215294,3,2,0.1624278110061505
2022-06-30,Tech,0.12980755555555554,0.16612555555555555,0.13366949867515682,31,5,0.8093246558299745
2022-06-30,Utilities,0.14246,0.15225999999999998,0.1350925029325723,6,5,0.6289252092790181
2022-07-01,Comm,0.31268,0.1959216666666667,0.07981287455722223,8,4,0.5675402538704672
2022-07-01,Consumer,0.062128928571428564,0.19754798534798534,0.09628246133312128,18,4,0.5341476507238597
2022-07-01,Energy,0.22599,-0.04983449999999999,0.122384219061295,21,5,0.4548554456776642
2022-07-01,Financials,0.06918333333333333,0.1354057142857143,0.08348339566218105,10,5,0.7205539306361561
2022-07-01,Healthcare,0.041837,0.04474,0.1151974863403877,12,4,0.5692896292448897
2022-07-01,Industrials,0.05158,0.2588933333333333,0.12236022792905765,8,3,0.26883485709653715
2022-07-01,Materials,0.08038,0.04427,0.08685061382041337,2,2,0.13187198158574429
2022-07-01,RealEstate,0.09706,0.034,0.10273057965593582,6,5,0.6289252092790181
2022-07-01,Tech,0.17648452380952379,0.12980755555555554,0.13331841293701124,23,5,0.7535001135123581
2022-07-01,Utilities,-0.03318,0.14246,0.13576227539324756,4,3,0.2936912191374818
2022-07-05,Comm,0.11972333333333333,0.31268,0.10098261323383842,17,4,0.6277643258010465
2022-07-05,Consumer,0.11083910256410257,0.062128928571428564,0.09317759471842195,40,5,0.8374153192645842
2022-07-05,Energy,0.08173358682983684,0.22599,0.13180292641935906,55,5,0.8655077188426636
2022-07-05,Financials,0.10188780952380953,0.06918333333333333,0.08218338999592216,16,4,0.5846782756703292
2022-07-05,Healthcare,0.13635250000000002,0.041837,0.10852835121853428,24,5,0.8526263667160664
2022-07-05,Industrials,0.16748499999999997,0.05158,0.11592566175368879,17,4,0.5321049999646966
2022-07-05,Materials,0.18472333333333335,0.08038,0.08626237620037579,11,4,0.6148161019323292
2022-07-05,RealEstate,0.17089333333333334,0.09706,0.1022150724144871,9,4,0.6439122862290618
2022-07-05,Tech,0.12629277777777775,0.17648452380952379,0.1372426048345124,32,4,0.757258196557237
2022-07-05,Utilities,0.16784,-0.03318,0.12040388672113415,7,3,0.351588083493917
2022-07-06,Comm,-0.10833833333333334,0.11972333333333333,0.10268631506106521,8,3,0.3929124834487851
2022-07-06,Consumer,0.11930133333333333,0.11083910256410257,0.09478318634075655,23,5,0.9107523111149373
2022-07-06,Energy,0.32752042857142855,0.08173358682983684,0.12725116827485705,28,5,0.9189422057015029
2022-07-06,Financials,0.034421999999999994,0.10188780952380953,0.08397470086209374,11,5,0.6148161019323292
2022-07-06,Healthcare,0.09093,0.13635250000000002,0.11105781928957661,13,5,0.4406979303712044
2022-07-06,Industrials,0.153915,0.16748499999999997,0.12061287432153525,11,5,0.614816101932329
2022-07-06,Materials,0.18658000000000002,0.18472333333333335,0.09521337230337193,4,4,0.4405368287062228
2022-07-06,RealEstate,-0.0003599999999999937,0.17089333333333334,0.10845855067983676,6,4,0.4192834728526787
2022-07-06,Tech,0.131968,0.12629277777777775,0.13624716601117287,18,5,0.7878677848176929
2022-07-06,Utilities,0.24192,0.16784,0.1247162606555765,4,3,0.2936912191374818
2022-07-07,Comm,0.0,-0.10833833333333334,0.08350225611611989,1,1,0.03625384938440364
2022-07-07,Consumer,0.010063333333333337,0.11930133333333333,0.09701210879462716,17,5,0.6731448794734113
2022-07-07,Energy,0.26227666666666666,0.32752042857142855,0.14545746466545445,21,5,0.6631861841559838
2022-07-07,Financials,0.18813266666666667,0.034421999999999994,0.07946990987463068,17,5,0.8338958954670619
2022-07-07,Healthcare,-0.012712857142857137,0.09093,0.10922801753597874,13,4,0.46700825457247036
2022-07-07,Industrials,0.0772725,0.153915,0.12364034029230478,18,5,0.6851024215806026
2022-07-07,Materials,-0.040319999999999995,0.18658000000000002,0.10351942936670175,6,4,0.5031401674232144
2022-07-07,RealEstate,0.08804666666666666,-0.0003599999999999937,0.09856595516348796,8,4,0.5675402538704672
2022-07-07,Tech,0.06432939682539682,0.131968,0.13585815091924808,37,5,0.9275682677762804
2022-07-07,Utilities,0.26877,0.24192,0.13537114605052408,4,3,0.2936912191374818
2022-07-08,Comm,0.029563333333333337,0.0,0.07591114192374535,8,2,0.2553931142417103
2022-07-08,Consumer,-0.057898000000000005,0.010063333333333337,0.08910767466178225,12,4,0.5692896292448897
2022-07-08,Energy,0.12221000000000001,0.26227666666666666,0.15607739212011013,17,4,0.7653565067985364
2022-07-08,Financials,0.02326333333333334,0.18813266666666667,0.0893483423102703,13,5,0.7276640245664072
2022-07-08,Healthcare,0.3418,-0.012712857142857137,0.09814248347426638,9,5,0.5879199135134913
2022-07-08,Industrials,0.08492000000000001,0.0772725,0.11942508208391342,10,4,0.6176176548309908
2022-07-08,Materials,0.06597,-0.040319999999999995,0.0904431176060925,3,2,0.1624278110061505
2022-07-08,RealEstate,0.16555999999999998,0.08804666666666666,0.09760965620923148,4,3,0.2936912191374818
2022-07-08,Tech,0.1131946666666667,0.06432939682539682,0.12935553691071613,13,5,0.7276640245664072
2022-07-08,Utilities,0.13102666666666668,0.26877,0.14749831459138552,7,4,0.49222331689148385
2022-07-11,Comm,0.18240933333333334,0.029563333333333337,0.07169770477916244,19,5,0.5833457047271475
2022-07-11,Consumer,0.07448800000000001,-0.057898000000000005,0.07574352241980205,27,4,0.633805600430424
2022-07-11,Energy,0.044755333333333334,0.12221000000000001,0.15299853829100918,30,4,0.5867772046019608
2022-07-11,Financials,0.1992262454212454,0.02326333333333334,0.08334061422145785,36,5,0.6962539918238407
2022-07-11,Healthcare,0.038387142857142856,0.3418,0.12029316679478763,25,5,0.8222367988418166
2022-07-11,Industrials,0.13935333333333333,0.08492000000000001,0.11628825643992129,10,4,0.4117451032206606
2022-07-11,Materials,-0.018499999999999996,0.06597,0.08821828873281137,6,5,0.6289252092790181
2022-07-11,RealEstate,0.29322,0.16555999999999998,0.10378696019021043,8,5,0.6384827856042757
2022-07-11,Tech,0.2371707142857143,0.1131946666666667,0.1278863668885298,21,5,0.8434698070333385
2022-07-11,Utilities,0.13214,0.13102666666666668,0.14600089205277472,7,4,0.49222331689148374
2022-07-12,Comm,0.16039333333333333,0.18240933333333334,0.08176239828408707,9,5,0.7116925268847526
2022-07-12,Consumer,0.1937422077922078,0.07448800000000001,0.07562938401800187,31,5,0.7641830415605735
2022-07-12,Energy,0.23591047619047617,0.044755333333333334,0.14315824693122048,20,5,0.7408938574424647
2022-07-12,Financials,0.01541409523809525,0.1992262454212454,0.09387567160325672,22,4,0.5901947746752035
2022-07-12,Healthcare,0.013692619047619047,0.038387142857142856,0.11284716461863811,17,5,0.70722816451004
2022-07-12,Industrials,0.064636,0.13935333333333333,0.11838508161204966,14,4,0.3473230711801081
2022-07-12,Materials,0.0,-0.018499999999999996,0.07851662612073759,1,1,0.03625384938440364
2022-07-12,RealEstate,-0.00516,0.29322,0.12100814562746402,4,4,0.4405368287062228
2022-07-12,Tech,0.1854952380952381,0.2371707142857143,0.13782130756100114,22,5,0.8386978376963419
2022-07-12,Utilities,0.0,0.13214,0.14474081095706792,0,0,0.0
2022-07-13,Comm,-0.05716000000000001,0.16039333333333333,0.0889106651067458,7,4,0.49222331689148385
2022-07-13,Consumer,0.16275714285714288,0.1937422077922078,0.08636691345202058,19,5,0.775657475516317
2022-07-13,Energy,0.17654833333333336,0.23591047619047617,0.15159026777297097,23,5,0.926871821046175
2022-07-13,Financials,-0.020761923076923077,0.01541409523809525,0.08674280102460567,23,5,0.5263141496392854
2022-07-13,Healthcare,0.1998071428571429,0.013692619047619047,0.10383311502127272,25,5,0.5374794659095857
2022-07-13,Industrials,0.18887666666666666,0.064636,0.11349880146549966,14,5,0.41836642664876655
2022-07-13,Materials,0.03658,0.0,0.07137875101885235,4,2,0.2202684143531114
2022-07-13,RealEstate,0.14231,-0.00516,0.10953831420678548,5,3,0.35117808823808755
2022-07-13,Tech,0.01983603174603175,0.1854952380952381,0.14215530124593173,22,5,0.6639691215096041
2022-07-13,Utilities,0.08038,0.0,0.13158255541551628,3,3,0.27071301834358413
2022-07-14,Comm,0.04177000000000001,-0.05716000000000001,0.07563151373340528,8,3,0.34052415232228034
2022-07-14,Consumer,0.176815,0.16275714285714288,0.09331147976157714,23,5,0.8801387880522502
2022-07-14,Energy,0.18075333333333335,0.17654833333333336,0.15385918282391303,31,5,0.7765584754319999
2022-07-14,Financials,-0.061683357142857144,-0.020761923076923077,0.07696964428810306,50,4,0.5186486514887123
2022-07-14,Healthcare,-0.08169799999999999,0.1998071428571429,0.11255802664271546,13,4,0.5689009646610094
2022-07-14,Industrials,0.18381333333333333,0.18887666666666666,0.12035133466560577,9,5,0.7116925268847526
2022-07-14,Materials,0.08671666666666666,0.03658,0.06821522819895669,7,4,0.49222331689148374
2022-07-14,RealEstate,0.06642,0.14231,0.11251755836980497,5,3,0.2873275267402535
2022-07-14,Tech,0.1413992857142857,0.01983603174603175,0.13103536765503174,28,5,0.8052586338621416
2022-07-14,Utilities,0.06539,0.08038,0.12692777765046934,6,3,0.4192834728526787
2022-07-15,Comm,-0.07432,0.04177000000000001,0.0725531943030957,4,3,0.2936912191374818
2022-07-15,Consumer,0.07085287878787877,0.176815,0.10090270887416104,24,5,0.6642554252322842
2022-07-15,Energy,0.27465833333333334,0.18075333333333335,0.1563041055974967,19,5,0.8934788642023398
2022-07-15,Financials,0.047432999999999996,-0.061683357142857144,0.06436482597619758,55,5,0.7478243454524374
2022-07-15,Healthcare,0.06587749999999999,-0.08169799999999999,0.09489838785701406,17,5,0.6277643258010467
2022-07-15,Industrials,-0.01765333333333333,0.18381333333333333,0.12612060727176283,13,4,0.5903689255916134
2022-07-15,Materials,-0.0843,0.08671666666666666,0.06989717715056669,1,1,0.03625384938440364
2022-07-15,RealEstate,-0.196442,0.06642,0.10832687124527725,9,4,0.4361986455100096
2022-07-15,Tech,0.1643535714285714,0.1413992857142857,0.13197754202405482,17,5,0.7255977272245865
2022-07-15,Utilities,0.17647200000000002,0.06539,0.1213334342276994,8,3,0.34052415232228034
2022-07-18,Comm,0.038951071428571425,-0.07432,0.059201085730087,18,4,0.5341476507238597
2022-07-18,Consumer,0.14950528571428573,0.07085287878787877,0.09817090613904447,31,5,0.6924546694285342
2022-07-18,Energy,0.26950738095238097,0.27465833333333334,0.1670635808462091,25,5,0.8932212706842756
2022-07-18,Financials,0.1590265168067227,0.047432999999999996,0.06282556906927053,55,5,0.46717366445638764
2022-07-18,Healthcare,0.100544,0.06587749999999999,0.09226012532455823,21,5,0.6950191209954709
2022-07-18,Industrials,0.10145300000000002,-0.01765333333333333,0.11305024903493588,28,3,0.35995432020565776
2022-07-18,Materials,0.0765,-0.0843,0.055879251955060626,5,2,0.24312329185713755
2022-07-18,RealEstate,0.10213999999999998,-0.196442,0.08062061022297931,13,4,0.4286240144706235
2022-07-18,Tech,0.24266700000000002,0.1643535714285714,0.13492081742446543,28,5,0.8309583774960398
2022-07-18,Utilities,0.21922533333333333,0.17647200000000002,0.12634603111609038,13,5,0.6953234012523447
2022-07-19,Comm,0.20059,0.038951071428571425,0.05736017533904013,8,4,0.6384827856042757
2022-07-19,Consumer,0.10471971428571429,0.14950528571428573,0.10283766791861185,24,5,0.6720701949408993
2022-07-19,Energy,0.3478133333333333,0.26950738095238097,0.17637665358313379,17,5,0.9159184425621828
2022-07-19,Financials,0.16516533333333333,0.1590265168067227,0.07157110977267526,16,5,0.701613930804395
2022-07-19,Healthcare,0.07024023809523809,0.100544,0.09301320484050749,20,5,0.8354760520095879
2022-07-19,Industrials,0.12208,0.10145300000000002,0.11199595366812354,9,4,0.5008206670670481
2022-07-19,Materials,0.07422,0.0765,0.05775386541369147,6,4,0.5031401674232144
2022-07-19,RealEstate,-0.06294999999999999,0.10213999999999998,0.08257691838452665,4,3,0.2936912191374818
2022-07-19,Tech,0.040014,0.24266700000000002,0.1447159249313322,20,5,0.5530616118936709
2022-07-19,Utilities,0.19366333333333335,0.21922533333333333,0.13478960404493062,7,4,0.49222331689148374
2022-07-20,Comm,-0.0012333333333333335,0.20059,0.07038106849003647,10,4,0.5764431445089249
2022-07-20,Consumer,0.02287928571428572,0.10471971428571429,0.10300876304289389,22,5,0.8386978376963419
2022-07-20,Energy,0.18648880952380953,0.3478133333333333,0.19196180628769738,23,5,0.865591039489403
2022-07-20,Financials,0.06715,0.16516533333333333,0.08007967555091691,10,5,0.7205539306361561
2022-07-20,Healthcare,0.28430618181818185,0.07024023809523809,0.09094293513639208,32,5,0.730213260965907
2022-07-20,Industrials,0.1101842857142857,0.12208,0.11291268515283956,12,4,0.45150556802180897
2022-07-20,Materials,0.050083333333333334,0.07422,0.05925078673971952,11,4,0.4781903015029227
2022-07-20,RealEstate,0.19366666666666665,-0.06294999999999999,0.06934719853138785,7,5,0.5679499810286353
2022-07-20,Tech,0.13325464285714286,0.040014,0.13519756811939293,31,5,0.9177509255105453
2022-07-20,Utilities,0.07837,0.19366333333333335,0.14014176125296723,6,4,0.5031401674232144
2022-07-21,Comm,0.15252833333333332,-0.0012333333333333335,0.0638706683242756,33,5,0.49097903350208144
2022-07-21,Consumer,0.04345619047619048,0.02287928571428572,0.0957242651039295,19,5,0.775657475516317
2022-07-21,Energy,0.13282,0.18648880952380953,0.19146426112734394,21,5,0.9546965947739986
2022-07-21,Financials,0.16416499999999998,0.06715,0.07890425050083355,8,4,0.4643511168031096
2022-07-21,Healthcare,-0.03533499999999999,0.28430618181818185,0.10852141210746387,14,3,0.438288637441565
2022-07-21,Industrials,-0.00765666666666667,0.1101842857142857,0.11266464884024377,7,3,0.4343146913748387
2022-07-21,Materials,0.06852619047619048,0.050083333333333334,0.0584173818845935,15,4,0.49148944739593237
2022-07-21,RealEstate,0.17796,0.19366666666666665,0.08064896836186775,7,3,0.3885973554406451
2022-07-21,Tech,0.15202666666666667,0.13325464285714286,0.13502093855009745,19,4,0.672236478780808
2022-07-21,Utilities,0.0866,0.07837,0.13452614659360657,5,4,0.45151468487754115
2022-07-22,Comm,0.08428266666666667,0.15252833333333332,0.07193045605237175,19,4,0.6988597056632162
2022-07-22,Consumer,0.16752261904761906,0.04345619047619048,0.09097262195595324,22,5,0.9019957877111602
2022-07-22,Energy,0.2765090909090909,0.13282,0.18613296466122176,22,5,0.6051364145403985
2022-07-22,Financials,0.04585,0.16416499999999998,0.0866552277280305,16,5,0.9094995399316231
2022-07-22,Healthcare,0.278042,-0.03533499999999999,0.09544355646133079,13,5,0.7276640245664072
2022-07-22,Industrials,0.03432,-0.00765666666666667,0.10172634743052462,7,4,0.5679499810286353
2022-07-22,Materials,-0.010069999999999999,0.06852619047619048,0.05933636448382958,5,3,0.35117808823808755
2022-07-22,RealEstate,0.26661999999999997,0.17796,0.08949542578351613,4,3,0.2936912191374818
2022-07-22,Tech,0.20978,0.15202666666666667,0.13656691383342193,23,5,0.7124933046137264
2022-07-22,Utilities,0.24853,0.0866,0.130169224176006,13,5,0.7631598306428172
2022-07-25,Comm,-0.022425,0.08428266666666667,0.07305338429003491,18,5,0.5946171960888249
2022-07-25,Consumer,0.10700597435897437,0.16752261904761906,0.09793171260065012,43,5,0.8161852487362069
2022-07-25,Energy,0.3828571544011544,0.2765090909090909,0.19434897613830077,35,5,0.8588652242752253
2022-07-25,Financials,0.128082,0.04585,0.08294566157093682,18,5,0.7686514973831152
2022-07-25,Healthcare,0.060343999999999995,0.278042,0.11204341496484618,15,5,0.7247386766685783
2022-07-25,Industrials,0.024085714285714287,0.03432,0.0955984976641133,16,3,0.5456997239589739
2022-07-25,Materials,0.1344121568627451,-0.010069999999999999,0.05302669498529962,25,5,0.4044226600166589
2022-07-25,RealEstate,0.21288,0.26661999999999997,0.10559765980319646,12,5,0.654683073631623
2022-07-25,Tech,0.07361013636363636,0.20978,0.14322264893947448,33,5,0.8665486527546695
2022-07-25,Utilities,0.11213,0.24853,0.14092929470545998,8,3,0.4256551904028505
2022-07-26,Comm,0.0,-0.022425,0.06437353117275901,4,2,0.1762147314824891
2022-07-26,Consumer,0.05342059710144927,0.10700597435897437,0.09875664548777051,83,5,0.44923375119211817
2022-07-26,Energy,0.08303666666666668,0.3828571544011544,0.21148608325310564,16,5,0.701613930804395
2022-07-26,Financials,0.01540999999999998,0.128082,0.087048965064488,10,3,0.3930294167106305
2022-07-26,Healthcare,0.15696333333333334,0.060343999999999995,0.10734346814986015,10,5,0.786058833421261
2022-07-26,Industrials,0.14549123015873017,0.024085714285714287,0.08909733553880429,44,4,0.6068050723406316
2022-07-26,Materials,-0.03182,0.1344121568627451,0.060425373337794665,7,4,0.5679499810286353
2022-07-26,RealEstate,0.13984000000000002,0.21288,0.11535059982108771,5,4,0.45151468487754115
2022-07-26,Tech,0.013856666666666665,0.07361013636363636,0.13689423870530737,12,3,0.4676307668797307
2022-07-26,Utilities,0.21551800000000002,0.11213,0.1383111770049636,12,5,0.6891400775069715
2022-07-27,Comm,0.073235,0.0,0.05852139197523547,29,5,0.6734568887221999
2022-07-27,Consumer,0.056782549019607845,0.05342059710144927,0.09463518654355949,30,4,0.5130109274520002
2022-07-27,Energy,0.14898409523809525,0.08303666666666668,0.19980886356342936,27,5,0.7761576604201449
2022-07-27,Financials,0.26719499999999996,0.01540999999999998,0.08053633187680728,10,5,0.6651267052026055
2022-07-27,Healthcare,0.09343833333333333,0.15696333333333334,0.11185436498472137,22,5,0.7710609153014757
2022-07-27,Industrials,0.0,0.14549123015873017,0.09422405323152482,2,2,0.13187198158574429
2022-07-27,Materials,0.08635142857142855,-0.03182,0.05203943030708606,8,2,0.20431449139336824
2022-07-27,RealEstate,0.2771306666666667,0.13984000000000002,0.11757690892826153,16,5,0.7673902368173071
2022-07-27,Tech,0.13770324675324674,0.013856666666666665,0.12570900488361275,28,5,0.7583503639284247
2022-07-27,Utilities,0.22414499999999998,0.21551800000000002,0.14532997909542147,10,5,0.6651267052026054
2022-07-28,Comm,0.059172222222222216,0.073235,0.059858992704759514,15,3,0.4233621972618429
2022-07-28,Consumer,0.04950688888888889,0.056782549019607845,0.0911940376777457,24,5,0.793416202360784
2022-07-28,Energy,0.1813370606060606,0.14898409523809525,0.19518843007930806,34,5,0.8189450183894263
2022-07-28,Financials,-0.012695999999999995,0.26719499999999996,0.09750530170618843,22,5,0.8536745847980625
2022-07-28,Healthcare,0.171483,0.09343833333333333,0.11018018028914063,23,5,0.7029296360954213
2022-07-28,Industrials,0.05924761904761905,0.0,0.08565823021047711,11,3,0.3647214164005343
2022-07-28,Materials,0.18047,0.08635142857142855,0.05515870287657174,5,3,0.35117808823808755
2022-07-28,RealEstate,0.11862333333333333,0.2771306666666667,0.13208179599538927,16,4,0.701613930804395
2022-07-28,Tech,0.04384893939393939,0.13770324675324674,0.12679939050812492,40,4,0.7172480985629397
2022-07-28,Utilities,0.31305,0.22414499999999998,0.1524949809958377,18,5,0.787867784817693
2022-07-29,Comm,0.12614,0.059172222222222216,0.05979655902452885,5,4,0.45151468487754115
2022-07-29,Consumer,0.15896714285714286,0.04950688888888889,0.08740429687875871,18,5,0.7329002649466911
2022-07-29,Energy,0.33081596153846154,0.1813370606060606,0.19392921467264918,61,5,0.5633582561203159
2022-07-29,Financials,0.05444,-0.012695999999999995,0.08748700155108038,11,5,0.6941472118590813
2022-07-29,Healthcare,0.12721333333333334,0.171483,0.11575316389921875,15,4,0.3852214587697849
2022-07-29,Industrials,0.08038,0.05924761904761905,0.0832572655593082,3,2,0.1624278110061505
2022-07-29,Materials,0.0,0.18047,0.06655063897870159,2,1,0.06593599079287214
2022-07-29,RealEstate,0.26866,0.11862333333333333,0.13085829938974783,7,5,0.5679499810286353
2022-07-29,Tech,0.24684140350877196,0.04384893939393939,0.11925844040683534,37,5,0.5809610169724049
2022-07-29,Utilities,0.32149833333333333,0.31305,0.1670908918143979,12,5,0.7702153807430859
2022-08-01,Comm,0.07203444444444444,0.12614,0.06582778093138986,22,4,0.6928373441839345
2022-08-01,Consumer,0.12408014285714286,0.15896714285714286,0.09391001014952091,36,5,0.8931258102016162
2022-08-01,Energy,0.15099461111111112,0.33081596153846154,0.20637346438772303,35,5,0.829751148876065
2022-08-01,Financials,0.18658000000000002,0.05444,0.08448272868280035,9,5,0.4662813107175964
2022-08-01,Healthcare,0.15070299999999998,0.12721333333333334,0.11679499748413824,18,5,0.9269032762561095
2022-08-01,Industrials,0.174929,0.08038,0.08299569596300745,15,4,0.7009767528433791
2022-08-01,Materials,0.0,0.0,0.06050058088972872,1,1,0.03625384938440364
2022-08-01,RealEstate,0.21189,0.26866,0.14338572671795258,12,4,0.6891400775069715
2022-08-01,Tech,0.23438027777777778,0.24684140350877196,0.13085689159792047,24,5,0.6966581289021517
2022-08-01,Utilities,0.09072,0.32149833333333333,0.18112793195248295,8,3,0.4643511168031096
2022-08-02,Comm,0.057640000000000004,0.07203444444444444,0.06639202306894028,14,4,0.472003148013993
2022-08-02,Consumer,0.06272155555555556,0.12408014285714286,0.09665274948657746,21,5,0.7063202449140965
2022-08-02,Energy,0.13683892857142857,0.15099461111111112,0.2013390231807583,31,4,0.7958918814593527
2022-08-02,Financials,0.09679600000000002,0.18658000000000002,0.09376429880254578,12,4,0.5692896292448896
2022-08-02,Healthcare,0.1808825,0.15070299999999998,0.1198775431673984,16,5,0.6139121894538456
2022-08-02,Industrials,-0.0007046153846153813,0.174929,0.0913532690572795,19,4,0.3899714379667671
2022-08-02,Materials,0.06855,0.0,0.05500052808157156,13,3,0.297995743393862
2022-08-02,RealEstate,0.066905,0.21189,0.14961338792541143,8,2,0.31924139280213787
2022-08-02,Tech,-0.014004166666666673,0.23438027777777778,0.14026810852336205,44,5,0.6388475844114241
2022-08-02,Utilities,0.06478500000000001,0.09072,0.17290902904771174,6,2,0.2515700837116072
2022-08-03,Comm,0.05558999999999999,0.057640000000000004,0.06559638460812753,12,5,0.6891400775069715
2022-08-03,Consumer,0.07320945887445887,0.06272155555555556,0.09356809549284818,28,4,0.7036944818434931
2022-08-03,Energy,0.28744975401069517,0.13683892857142857,0.19547537821627378,39,5,0.6595994763978186
2022-08-03,Financials,0.084515,0.09679600000000002,0.09403990800231433,8,4,0.4643511168031096
2022-08-03,Healthcare,0.27491833333333326,0.1808825,0.12542344833399854,18,5,0.7003269198379494
2022-08-03,Industrials,0.07549333333333333,-0.0007046153846153813,0.08298437047165268,4,2,0.1762147314824891
2022-08-03,Materials,0.10557999999999998,0.06855,0.056232298255974145,3,3,0.27071301834358413
2022-08-03,RealEstate,0.010363333333333329,0.066905,0.14209444356855583,8,4,0.5675402538704672
2022-08-03,Tech,0.11366828571428571,-0.014004166666666673,0.12624335623335942,32,4,0.6195748880922848
2022-08-03,Utilities,0.211293,0.06478500000000001,0.16307957186155614,17,5,0.7869158450182133
2022-08-04,Comm,0.09134333333333332,0.05558999999999999,0.06468671328011592,11,4,0.6520776838676219
2022-08-04,Consumer,0.06134833333333334,0.07320945887445887,0.09171731034572188,18,4,0.7329002649466911
2022-08-04,Energy,0.2134738095238095,0.28744975401069517,0.20383668510667574,27,5,0.6688547580579127
2022-08-04,Financials,0.041964999999999995,0.084515,0.0931740072748312,9,2,0.32980873197098287
2022-08-04,Healthcare,-0.007907111111111111,0.27491833333333326,0.13901389242484716,17,4,0.5033425675341725
2022-08-04,Industrials,0.0,0.07549333333333333,0.08230336709544184,4,2,0.2202684143531114
2022-08-04,Materials,0.04609,0.10557999999999998,0.060718452959976486,6,5,0.6289252092790181
2022-08-04,RealEstate,0.21666666666666665,0.010363333333333329,0.1301188880926265,8,4,0.5107862284834206
2022-08-04,Tech,0.06113416666666667,0.11366828571428571,0.12510016800435272,24,5,0.7825474872599514
2022-08-04,Utilities,0.25501285714285715,0.211293,0.16746261078323282,19,5,0.7129780835554025
2022-08-05,Comm,0.16040333333333331,0.09134333333333332,0.06711004237586296,7,4,0.49222331689148385
2022-08-05,Consumer,0.0006400000000000184,0.06134833333333334,0.08895649425368655,10,4,0.6651267052026055
2022-08-05,Energy,0.234694,0.2134738095238095,0.20471278732641512,21,4,0.5753469544664495
2022-08-05,Financials,0.13387666666666664,0.041964999999999995,0.08851864297711928,6,3,0.3593858338737245
2022-08-05,Healthcare,0.17648166666666665,-0.007907111111111111,0.12565743755794184,10,4,0.5764431445089249
2022-08-05,Industrials,0.035645,0.0,0.07482124281403803,6,3,0.2795223152351191
2022-08-05,Materials,0.09534000000000001,0.04609,0.059388593599978626,2,2,0.13187198158574429
2022-08-05,RealEstate,0.17848000000000003,0.21666666666666665,0.1379868679629938,5,3,0.35117808823808755
2022-08-05,Tech,0.10629333333333335,0.06113416666666667,0.11928507697365398,12,4,0.6235076891729743
2022-08-05,Utilities,0.14668,0.25501285714285715,0.17542172408865322,16,4,0.598938721418386
2022-08-08,Comm,-0.15406999999999998,0.16040333333333331,0.07559125064472391,16,5,0.4385087067527469
2022-08-08,Consumer,0.09630780952380953,0.0006400000000000184,0.08092772204880597,35,5,0.7220548345676672
2022-08-08,Energy,0.10862176190476192,0.234694,0.20743835211492287,29,3,0.5723234310301288
2022-08-08,Financials,0.12589142857142857,0.13387666666666664,0.09264209967616904,16,5,0.6462233573198375
2022-08-08,Healthcare,-0.048900000000000006,0.17648166666666665,0.13027782202237137,9,3,0.38634737173743705
2022-08-08,Industrials,0.17396,0.035645,0.07125976619458003,8,3,0.34052415232228034
2022-08-08,Materials,0.16576000000000002,0.09534000000000001,0.06265690327270784,2,2,0.13187198158574429
2022-08-08,RealEstate,0.10256000000000001,0.17848000000000003,0.1416680617845398,10,4,0.5764431445089249
2022-08-08,Tech,0.10271551851851853,0.10629333333333335,0.11810400936998847,44,4,0.453327442802486
2022-08-08,Utilities,0.17372666666666667,0.14668,0.17280884008059383,14,4,0.6817823249091012
2022-08-09,Comm,0.11191,-0.15406999999999998,0.054712955131567174,6,4,0.5031401674232144
2022-08-09,Consumer,0.08117031746031744,0.09630780952380953,0.08232591181926083,21,5,0.6250171951398121
2022-08-09,Energy,0.057108380952380945,0.10862176190476192,0.19845502573218096,21,3,0.5604992911253799
2022-08-09,Financials,0.12018000000000002,0.12589142857142857,0.09566476593937445,6,3,0.2795223152351191
2022-08-09,Healthcare,0.020973333333333333,-0.048900000000000006,0.1139889291112467,10,3,0.39302941671063063
2022-08-09,Industrials,0.02097,0.17396,0.08059615108598184,7,4,0.5679499810286353
2022-08-09,Materials,0.0,0.16576000000000002,0.07202991206609803,1,1,0.03625384938440364
2022-08-09,RealEstate,0.23228,0.10256000000000001,0.13811278344049074,6,4,0.5031401674232144
2022-08-09,Tech,0.0713476923076923,0.10271551851851853,0.11670505565621847,44,5,0.8343569744683684
2022-08-09,Utilities,0.108384,0.17372666666666667,0.17289227886114591,9,4,0.4361986455100096
2022-08-10,Comm,0.176446,0.11191,0.0599126864832429,13,5,0.7276640245664072
2022-08-10,Consumer,0.0916740606060606,0.08117031746031744,0.08222085778662962,22,4,0.5829972774230668
2022-08-10,Energy,0.17560038095238095,0.057108380952380945,0.18560533075219915,23,5,0.7874925998362238
2022-08-10,Financials,0.23499749999999997,0.12018000000000002,0.0978934235812495,16,4,0.5224784591096558
2022-08-10,Healthcare,0.09884000000000001,0.020973333333333333,0.10553296585870911,6,3,0.2795223152351191
2022-08-10,Industrials,0.06518166666666667,0.02097,0.07517559189634712,8,3,0.3929124834487851
2022-08-10,Materials,0.08038,0.0,0.06548173824190731,2,2,0.13187198158574429
2022-08-10,RealEstate,0.15653999999999998,0.23228,0.1466734394913552,3,3,0.27071301834358413
2022-08-10,Tech,0.07431784126984127,0.0713476923076923,0.11258165898817063,26,5,0.7817102354087975
2022-08-10,Utilities,0.25639,0.108384,0.167027889873769,10,5,0.7205539306361561
2022-08-11,Comm,0.052556666666666675,0.176446,0.07050662407567534,18,5,0.7003269198379494
2022-08-11,Consumer,0.08970851851851852,0.0916740606060606,0.08308023986112334,41,5,0.42599196637487374
2022-08-11,Energy,0.191412,0.17560038095238095,0.18469578986130658,15,5,0.8067845645933229
2022-08-11,Financials,-0.04968499999999999,0.23499749999999997,0.11035743052840863,8,4,0.4643511168031096
2022-08-11,Healthcare,0.043980000000000005,0.09884000000000001,0.1049245144170083,14,5,0.7363249109018293
2022-08-11,Industrials,0.04873,0.06518166666666667,0.07426705323910344,6,3,0.4192834728526787
2022-08-11,Materials,0.0,0.08038,0.06683612567446118,0,0,0.0
2022-08-11,RealEstate,0.25048,0.15653999999999998,0.14757039953759563,9,4,0.6439122862290618
2022-08-11,Tech,0.09660564935064936,0.07431784126984127,0.10910313010468613,27,5,0.7149826724067345
2022-08-11,Utilities,-0.008853333333333338,0.25639,0.17515171806706273,5,2,0.24312329185713755
2022-08-12,Comm,0.0695,0.052556666666666675,0.06887480976576546,6,3,0.2795223152351191
2022-08-12,Consumer,0.22668885714285714,0.08970851851851852,0.08368281064815926,20,5,0.5166759795322452
2022-08-12,Energy,0.156642,0.191412,0.1853063544193696,15,4,0.7009767528433791
2022-08-12,Financials,0.198578,-0.04968499999999999,0.09580811866218966,10,4,0.5086263039784631
2022-08-12,Healthcare,-0.006983999999999997,0.043980000000000005,0.09938410401546208,10,3,0.4550866930333618
2022-08-12,Industrials,0.16574666666666665,0.04873,0.0719455029446395,7,3,0.3885973554406451
2022-08-12,Materials,0.0,0.0,0.060760114249510166,0,0,0.0
2022-08-12,RealEstate,0.01806,0.25048,0.1569258177614506,8,4,0.4643511168031096
2022-08-12,Tech,0.27806766666666666,0.09660564935064936,0.10796699549068278,21,5,0.9144988434150935
2022-08-12,Utilities,0.08272,-0.008853333333333338,0.15842398612157219,2,1,0.06593599079287214
2022-08-15,Comm,0.08424833333333334,0.0695,0.06893164524160497,18,5,0.8517489565596683
2022-08-15,Consumer,0.06438912121212122,0.22668885714285714,0.09668336032949543,62,5,0.5833056400827024
2022-08-15,Energy,0.1439025050505051,0.156642,0.1827005040176087,44,5,0.8272257182763313
2022-08-15,Financials,0.10764333333333334,0.198578,0.10515083514744514,11,5,0.6941472118590811
2022-08-15,Healthcare,0.01483133333333333,-0.006983999999999997,0.08971427637769278,12,3,0.422376176536531
2022-08-15,Industrials,0.26516,0.16574666666666665,0.08047288146482379,6,4,0.5031401674232144
2022-08-15,Materials,0.03615333333333333,0.0,0.05523646749955469,4,2,0.1762147314824891
2022-08-15,RealEstate,-0.03005000000000002,0.01806,0.1443016525104096,6,4,0.5031401674232144
2022-08-15,Tech,0.17435819047619047,0.27806766666666666,0.12343069287031769,23,5,0.8515163884407948
2022-08-15,Utilities,0.18165,0.08272,0.1515418055650656,7,4,0.3885973554406451
2022-08-16,Comm,0.07264833333333334,0.08424833333333334,0.07032407143176209,9,3,0.4662813107175965
2022-08-16,Consumer,0.12236297619047617,0.06438912121212122,0.09374752040973414,55,5,0.3289776484344871
2022-08-16,Energy,0.16326666666666667,0.1439025050505051,0.17917341320241748,18,4,0.7003269198379494
2022-08-16,Financials,0.02023,0.10764333333333334,0.1053774258916168,6,3,0.4192834728526787
2022-08-16,Healthcare,0.06571666666666667,0.01483133333333333,0.08290673610093284,10,4,0.4117451032206606
2022-08-16,Industrials,-0.12504,0.26516,0.09726261951347617,4,4,0.4405368287062228
2022-08-16,Materials,0.03612,0.03615333333333333,0.053501637120807286,5,4,0.45151468487754115
2022-08-16,RealEstate,0.050380000000000015,-0.03005000000000002,0.12845150228219054,5,3,0.35117808823808755
2022-08-16,Tech,0.19299066666666667,0.17435819047619047,0.12806046537994248,16,5,0.7673902368173071
2022-08-16,Utilities,0.104555,0.18165,0.15427891415005962,11,4,0.6520776838676219
2022-08-17,Comm,-0.04899333333333333,0.07264833333333334,0.07053536796826856,6,4,0.4192834728526787
2022-08-17,Consumer,0.04285618357487922,0.12236297619047617,0.09634892548071068,42,5,0.5477028987702324
2022-08-17,Energy,0.28897666666666666,0.16326666666666667,0.17772734533553103,15,4,0.7501681039201075
2022-08-17,Financials,0.06278000000000002,0.02023,0.09763675081056072,9,4,0.5879199135134913
2022-08-17,Healthcare,0.01909,0.06571666666666667,0.08134400251599956,6,3,0.2795223152351191
2022-08-17,Industrials,0.017570000000000002,-0.12504,0.0770532904667965,5,3,0.35117808823808755
2022-08-17,Materials,0.04404,0.03612,0.05192148829164299,3,2,0.1624278110061505
2022-08-17,RealEstate,0.175945,0.050380000000000015,0.12135409298380959,11,4,0.6520776838676219
2022-08-17,Tech,0.07430666666666666,0.19299066666666667,0.13396321095146285,14,4,0.40017658201186357
2022-08-17,Utilities,0.23064,0.104555,0.149758558318236,3,3,0.27071301834358413
2022-08-18,Comm,0.004529999999999999,-0.04899333333333333,0.05966912239539566,8,4,0.4643511168031096
2022-08-18,Consumer,0.03643533333333334,0.04285618357487922,0.09148594894381691,24,5,0.6882646574695956
2022-08-18,Energy,-0.03210066666666666,0.28897666666666666,0.1878409200019979,22,5,0.9019957877111602
2022-08-18,Financials,0.20482266666666665,0.06278000000000002,0.09446795528232793,14,5,0.8003531640237274
2022-08-18,Healthcare,0.05664400000000001,0.01909,0.07568454774181778,12,5,0.654683073631623
2022-08-18,Industrials,0.032820000000000016,0.017570000000000002,0.07164571860617863,6,4,0.4192834728526786
2022-08-18,Materials,0.02263,0.04404,0.051204989356039086,6,4,0.5031401674232144
2022-08-18,RealEstate,0.02054,0.175945,0.1263169027125542,2,2,0.13187198158574429
2022-08-18,Tech,0.10242,0.07430666666666666,0.1285398887437541,12,5,0.6891400775069715
2022-08-18,Utilities,0.19779,0.23064,0.15711141665294184,6,3,0.4192834728526787
2022-08-19,Comm,-0.188835,0.004529999999999999,0.05465647490490515,7,4,0.3885973554406451
2022-08-19,Consumer,0.03893066666666667,0.03643533333333334,0.08648134752468203,31,5,0.6730173453743998
2022-08-19,Energy,0.11998866666666666,-0.03210066666666666,0.16784623030484658,16,3,0.5710811064686936
2022-08-19,Financials,0.03278666666666667,0.20482266666666665,0.10450020177181327,10,4,0.6651267052026055
2022-08-19,Healthcare,-0.028240000000000008,0.05664400000000001,0.07395358885619797,9,5,0.7116925268847526
2022-08-19,Industrials,0.03818,0.032820000000000016,0.06811610782379876,7,3,0.351588083493917
2022-08-19,Materials,0.0,0.02263,0.04860726305094462,0,0,0.0
2022-08-19,RealEstate,0.29232,0.02054,0.11670082064777651,5,4,0.45151468487754115
2022-08-19,Tech,0.16227,0.10242,0.1261653534034128,12,5,0.5692896292448897
2022-08-19,Utilities,0.056679999999999994,0.19779,0.16080946968449256,6,3,0.3593858338737245
2022-08-22,Comm,0.21372,-0.188835,0.032520886277186495,11,5,0.860742542705261
2022-08-22,Consumer,0.15708733333333333,0.03893066666666667,0.08215855835577154,29,5,0.7135777246460756
2022-08-22,Energy,0.21420266666666668,0.11998866666666666,0.16349554270137567,23,5,0.7124933046137264
2022-08-22,Financials,0.044505,0.03278666666666667,0.09798078948952721,16,5,0.7921447605856073
2022-08-22,Healthcare,0.22596333333333335,-0.028240000000000008,0.06466326259654362,12,5,0.5692896292448897
2022-08-22,Industrials,0.16370095238095236,0.03818,0.0653946434761807,13,4,0.49665957232310337
2022-08-22,Materials,0.05423,0.0,0.04418842095540419,5,4,0.45151468487754115
2022-08-22,RealEstate,0.25181,0.29232,0.13266620058888776,11,4,0.5004317108751516
2022-08-22,Tech,0.26945819047619046,0.16227,0.12944759400310257,37,5,0.7707961661802893
2022-08-22,Utilities,0.24335333333333337,0.056679999999999994,0.1513431542586296,6,4,0.4192834728526787
2022-08-23,Comm,0.18688666666666665,0.21372,0.04899353297926045,8,4,0.5107862284834206
2022-08-23,Consumer,0.07946685714285714,0.15708733333333333,0.08897026517191353,17,5,0.6731448794734114
2022-08-23,Energy,0.1240711111111111,0.21420266666666668,0.16810528124367483,25,5,0.7711661902181014
2022-08-23,Financials,0.21303200000000003,0.044505,0.09311935408138837,7,3,0.2734573982730465
2022-08-23,Healthcare,0.16522333333333333,0.22596333333333335,0.07932690539079722,12,5,0.5455692280263524
2022-08-23,Industrials,0.10846,0.16370095238095236,0.07433158064934174,3,3,0.27071301834358413
2022-08-23,Materials,0.00664,0.05423,0.045101291777640176,7,3,0.3885973554406451
2022-08-23,RealEstate,0.04019,0.25181,0.14349745508080702,4,3,0.2936912191374818
2022-08-23,Tech,0.19616899999999998,0.26945819047619046,0.14217583004611054,14,5,0.7363249109018293
2022-08-23,Utilities,0.0407,0.24335333333333337,0.15970771599269357,5,4,0.45151468487754115
2022-08-24,Comm,0.13018666666666664,0.18688666666666665,0.06152927240538829,15,5,0.7247386766685783
2022-08-24,Consumer,-0.04626866666666666,0.07946685714285714,0.08810631898745384,19,5,0.7129780835554025
2022-08-24,Energy,0.012638,0.1240711111111111,0.16410217486798723,26,5,0.7469675582795174
2022-08-24,Financials,0.054753333333333334,0.21303200000000003,0.10402050371035305,10,5,0.786058833421261
2022-08-24,Healthcare,0.104735,0.16522333333333333,0.08713567156739141,8,4,0.4643511168031096
2022-08-24,Industrials,0.1059,0.10846,0.07743416422667432,7,4,0.49222331689148374
2022-08-24,Materials,0.0,0.00664,0.04160481070694562,2,2,0.13187198158574429
2022-08-24,RealEstate,0.16047000000000003,0.04019,0.13410586825527912,9,5,0.5879199135134913
2022-08-24,Tech,0.14824991596638654,0.19616899999999998,0.1470843000419187,30,5,0.5130109274520002
2022-08-24,Utilities,0.15559,0.0407,0.14888883272063053,3,2,0.1624278110061505
2022-08-25,Comm,0.02849833333333333,0.13018666666666664,0.06777085370186814,9,3,0.4662813107175965
2022-08-25,Consumer,0.150502,-0.04626866666666666,0.07589041120071563,13,5,0.6657351714118194
2022-08-25,Energy,0.1050217857142857,0.012638,0.15033270442544291,25,5,0.7434596205096664
2022-08-25,Financials,0.017446,0.054753333333333334,0.0995416700397149,14,5,0.7363249109018292
2022-08-25,Healthcare,0.09743809523809525,0.104735,0.08873561051581037,15,4,0.5701277589792815
2022-08-25,Industrials,0.11928000000000001,0.1059,0.08002196747879482,5,3,0.35117808823808755
2022-08-25,Materials,0.00258,0.0,0.03782255518813238,5,4,0.45151468487754115
2022-08-25,RealEstate,0.17573,0.16047000000000003,0.1365026075047992,6,4,0.5031401674232144
2022-08-25,Tech,0.14103666666666664,0.14824991596638654,0.1471902651259612,27,4,0.5202203673783766
2022-08-25,Utilities,0.09844800000000001,0.15559,0.14949802974602772,6,2,0.1935154490089286
2022-08-26,Comm,-0.10375083333333335,0.02849833333333333,0.06420062457745587,22,5,0.7710609153014757
2022-08-26,Consumer,0.0048238095238095245,0.150502,0.08267328290974148,16,5,0.5581019904125869
2022-08-26,Energy,0.10825933333333333,0.1050217857142857,0.14621352999715592,10,3,0.4550866930333618
2022-08-26,Financials,0.09000666666666665,0.017446,0.09207842730883171,9,4,0.5008206670670481
2022-08-26,Healthcare,0.15202666666666667,0.09743809523809525,0.08952674549056354,10,4,0.4117451032206606
2022-08-26,Industrials,-0.03485333333333333,0.11928000000000001,0.08359087952617712,7,3,0.4343146913748387
2022-08-26,Materials,0.057730000000000004,0.00258,0.034618686534665793,4,3,0.2936912191374818
2022-08-26,RealEstate,0.1406,0.17573,0.14006873409527199,2,2,0.13187198158574429
2022-08-26,Tech,0.1917832380952381,0.14103666666666664,0.14663084708420718,26,5,0.5602256687096381
2022-08-26,Utilities,0.08196,0.09844800000000001,0.14485711795093428,3,2,0.1624278110061505
2022-08-29,Comm,0.157895,-0.10375083333333335,0.04893231022192958,16,5,0.8467754337294423
2022-08-29,Consumer,0.09779961904761905,0.0048238095238095245,0.07559605805647493,27,4,0.7220969278535676
2022-08-29,Energy,0.18382174603174603,0.10825933333333333,0.14276314848226296,21,4,0.6075341966743627
2022-08-29,Financials,0.082995,0.09000666666666665,0.09189008543227126,13,4,0.5489395273044826
2022-08-29,Healthcare,0.2640533333333333,0.15202666666666667,0.09520855650657292,11,5,0.5004317108751517
2022-08-29,Industrials,0.010111999999999996,-0.03485333333333333,0.07282322381167616,11,4,0.55175804019568
2022-08-29,Materials,0.001809999999999995,0.057730000000000004,0.03671971503151436,7,3,0.351588083493917
2022-08-29,RealEstate,0.06865833333333334,0.1406,0.1401170309957018,9,4,0.5008206670670481
2022-08-29,Tech,0.11014833333333333,0.1917832380952381,0.1507356099033918,32,5,0.8113480677398968
2022-08-29,Utilities,0.2883,0.08196,0.13913919813721298,5,4,0.45151468487754115
2022-08-30,Comm,-0.10533999999999999,0.157895,0.058838009292663265,2,2,0.13187198158574429
2022-08-30,Consumer,0.14592999999999998,0.09779961904761905,0.07761456360112438,20,5,0.7699485185186398
2022-08-30,Energy,0.09114714285714286,0.18382174603174603,0.14649574825948866,24,5,0.8526263667160662
2022-08-30,Financials,-0.016370000000000003,0.082995,0.09108144130206478,10,4,0.6651267052026055
2022-08-30,Healthcare,0.03273,0.2640533333333333,0.11055808167264206,6,4,0.5031401674232144
2022-08-30,Industrials,0.142605,0.010111999999999996,0.06712220346516015,11,4,0.5815827991251763
2022-08-30,Materials,0.02278,0.001809999999999995,0.033546104574103966,4,3,0.2936912191374818
2022-08-30,RealEstate,0.10846,0.06865833333333334,0.13362078575366831,3,2,0.1624278110061505
2022-08-30,Tech,0.11686649999999998,0.11014833333333333,0.14704585748793192,20,5,0.6770236973181143
2022-08-30,Utilities,0.0354,0.2883,0.15269927103383,7,4,0.3885973554406451
2022-08-31,Comm,0.15776333333333334,-0.10533999999999999,0.04391273572060296,17,5,0.6897657406949772
2022-08-31,Consumer,0.0524675,0.14592999999999998,0.08382505781920399,23,5,0.7029296360954214
2022-08-31,Energy,0.19469054545454548,0.09114714285714286,0.1414640568592754,19,4,0.4674492070992373
2022-08-31,Financials,0.061616666666666674,-0.016370000000000003,0.08131312845642252,13,5,0.8939872301815861
2022-08-31,Healthcare,-0.20458499999999996,0.03273,0.10348280152058367,11,5,0.6941472118590813
2022-08-31,Industrials,0.11480666666666665,0.142605,0.07398427587741832,6,3,0.3593858338737245
2022-08-31,Materials,0.00516,0.02278,0.032567367794639965,4,3,0.2936912191374818
2022-08-31,RealEstate,0.22335,0.10846,0.13133344159424393,7,5,0.6712136139429324
2022-08-31,Tech,0.07308666666666666,0.11686649999999998,0.14430227953448355,19,4,0.6032891476238021
2022-08-31,Utilities,0.13264,0.0354,0.1420357009398454,5,3,0.35117808823808755
2022-09-01,Comm,0.03812666666666666,0.15776333333333334,0.05426279004903299,6,4,0.4192834728526787
2022-09-01,Consumer,0.168611,0.0524675,0.08097437074473089,18,5,0.8517489565596681
2022-09-01,Energy,0.164953,0.19469054545454548,0.1463028285497545,21,5,0.7300621018859992
2022-09-01,Financials,0.277945,0.061616666666666674,0.07952254102099017,13,5,0.6657351714118194
2022-09-01,Healthcare,0.11460166666666667,-0.20458499999999996,0.07547663774598515,14,5,0.8003531640237274
2022-09-01,Industrials,0.181505,0.11480666666666665,0.07769540231280452,11,4,0.5004317108751516
2022-09-01,Materials,0.08595,0.00516,0.030075788904218147,3,2,0.1624278110061505
2022-09-01,RealEstate,0.068,0.22335,0.13969858326749446,1,1,0.03625384938440364
2022-09-01,Tech,0.00784126750700281,0.07308666666666666,0.13782813291013657,78,5,0.5953032268690147
2022-09-01,Utilities,0.11444000000000001,0.13264,0.14118154630895038,8,5,0.6384827856042757
2022-09-02,Comm,0.06369,0.03812666666666666,0.05279586974154514,3,2,0.1624278110061505
2022-09-02,Consumer,0.039372000000000004,0.168611,0.08894133704066445,20,5,0.7699485185186398
2022-09-02,Energy,0.19711547619047617,0.164953,0.147998298681595,29,5,0.6187851117779624
2022-09-02,Financials,0.11016466666666666,0.277945,0.09756094638271832,15,5,0.7774469440626567
2022-09-02,Healthcare,0.07638666666666667,0.11460166666666667,0.0790334585569562,5,2,0.24312329185713755
2022-09-02,Industrials,0.09512666666666666,0.181505,0.08713263846618594,8,4,0.5675402538704672
2022-09-02,Materials,0.09152,0.08595,0.03515526264019832,2,2,0.13187198158574429
2022-09-02,RealEstate,0.03404,0.068,0.13318053024317678,4,2,0.1762147314824891
2022-09-02,Tech,0.22613571428571427,0.00784126750700281,0.1260111451462153,26,5,0.7307291330995279
2022-09-02,Utilities,0.07584666666666666,0.11444000000000001,0.13875049664450034,5,3,0.2873275267402534
2022-09-06,Comm,0.13329,0.06369,0.05378624521958649,9,4,0.5408863204324119
2022-09-06,Consumer,0.19044866666666666,0.039372000000000004,0.08443503367333131,35,5,0.6743156719516229
2022-09-06,Energy,0.101681,0.19711547619047617,0.15246349663694783,23,4,0.6505373650820979
2022-09-06,Financials,0.05085833333333334,0.11016466666666666,0.09870673913580455,19,5,0.6137811327998683
2022-09-06,Healthcare,0.23256099999999996,0.07638666666666667,0.07879284111238442,13,4,0.6385623072725615
2022-09-06,Industrials,0.18913933333333333,0.09512666666666666,0.08785936830259326,16,4,0.7441359872167826
2022-09-06,Materials,0.0,0.09152,0.04027932967290755,3,3,0.27071301834358413
2022-09-06,RealEstate,0.29121,0.03404,0.12416775476652435,7,4,0.3885973554406451
2022-09-06,Tech,0.10662194444444444,0.22613571428571427,0.13511337870435158,49,5,0.6678350099331748
2022-09-06,Utilities,0.21678999999999998,0.07584666666666666,0.13303196664651545,7,4,0.3885973554406451
2022-09-07,Comm,0.08317809523809525,0.13329,0.06101385929053318,13,4,0.4966595723231035
2022-09-07,Consumer,0.13488232142857143,0.19044866666666666,0.09407263667272545,31,4,0.5691689716074303
2022-09-07,Energy,0.19341666666666668,0.101681,0.1478469060335889,22,5,0.9019957877111602
2022-09-07,Financials,0.00998,0.05085833333333334,0.09435688406285261,9,5,0.6439122862290618
2022-09-07,Healthcare,0.052178666666666665,0.23256099999999996,0.09277176464762218,13,4,0.6135206481638334
2022-09-07,Industrials,0.0864,0.18913933333333333,0.09706663785084238,9,4,0.5408863204324119
2022-09-07,Materials,0.026530000000000005,0.0,0.036617572429915965,4,2,0.2202684143531114
2022-09-07,RealEstate,0.05066666666666666,0.29121,0.13935341342411303,9,4,0.5879199135134913
2022-09-07,Tech,0.175865,0.10662194444444444,0.1325232483170873,18,5,0.9549912543244764
2022-09-07,Utilities,0.19389,0.21678999999999998,0.14064633331501403,9,5,0.7116925268847526
2022-09-08,Comm,0.22610076190476192,0.08317809523809525,0.06302878983122064,19,5,0.775657475516317
2022-09-08,Consumer,0.23989000000000002,0.13488232142857143,0.09778260801416598,18,5,0.7003269198379494
2022-09-08,Energy,0.27588999999999997,0.19341666666666668,0.1519896115456869,16,5,0.62965352764497
2022-09-08,Financials,0.154652,0.00998,0.08668625823895693,8,4,0.3648473060595861
2022-09-08,Healthcare,0.17820533333333333,0.052178666666666665,0.08908148301298988,22,5,0.95611553497383
2022-09-08,Industrials,0.005136666666666678,0.0864,0.09609694350076578,12,4,0.4849504249123133
2022-09-08,Materials,0.18839,0.026530000000000005,0.035700520390832685,6,4,0.5031401674232144
2022-09-08,RealEstate,0.23678,0.05066666666666666,0.13129098190070881,4,3,0.2936912191374818
2022-09-08,Tech,0.02906000000000001,0.175865,0.13646340756098846,19,5,0.7129780835554027
2022-09-08,Utilities,0.15284333333333336,0.19389,0.14548666665001275,9,5,0.7116925268847526
2022-09-09,Comm,-0.028329999999999987,0.22610076190476192,0.07785351456517894,10,5,0.6651267052026054
2022-09-09,Consumer,0.2202491666666667,0.23989000000000002,0.11070146183105997,18,5,0.5946171960888249
2022-09-09,Energy,0.048162666666666666,0.27588999999999997,0.16325328322335173,15,5,0.7009767528433791
2022-09-09,Financials,0.170143,0.154652,0.09286496203541539,10,3,0.4117451032206606
2022-09-09,Healthcare,-0.008273333333333322,0.17820533333333333,0.09718365122393018,11,5,0.7420194333666041
2022-09-09,Industrials,0.012310000000000005,0.005136666666666678,0.0878278274249386,7,3,0.4343146913748387
2022-09-09,Materials,0.10533999999999999,0.18839,0.04958138217348427,2,2,0.13187198158574429
2022-09-09,RealEstate,0.43032000000000004,0.23678,0.140880892637008,5,4,0.45151468487754115
2022-09-09,Tech,0.14664866666666668,0.02906000000000001,0.12669946141908042,17,5,0.833895895467062
2022-09-09,Utilities,0.24855,0.15284333333333336,0.14615545453031462,8,4,0.4643511168031096
2022-09-12,Comm,0.047181904761904765,-0.028329999999999987,0.0682004677865263,17,4,0.5881160525925594
2022-09-12,Consumer,0.18548816666666668,0.2202491666666667,0.12066034408884241,27,5,0.7520284067283268
2022-09-12,Energy,0.161335,0.048162666666666666,0.1527904999000167,21,4,0.6341415337549917
2022-09-12,Financials,0.014843999999999996,0.170143,0.09989023821401397,16,4,0.701613930804395
2022-09-12,Healthcare,0.291163,-0.008273333333333322,0.08759665262781531,33,5,0.8463179449082571
2022-09-12,Industrials,0.051891,0.012310000000000005,0.0809625703863078,9,2,0.32980873197098287
2022-09-12,Materials,-0.05408999999999999,0.10533999999999999,0.05465034743044024,6,4,0.5031401674232144
2022-09-12,RealEstate,0.17584833333333333,0.43032000000000004,0.1671935387609164,10,3,0.5086263039784631
2022-09-12,Tech,0.029070357142857144,0.14664866666666668,0.12851302553249733,26,5,0.8509756993057793
2022-09-12,Utilities,0.19197333333333333,0.24855,0.1554640495730133,11,4,0.6520776838676219
2022-09-13,Comm,-0.0025906666666666634,0.047181904761904765,0.06628968932974252,11,4,0.55175804019568
2022-09-13,Consumer,0.18866866666666665,0.18548816666666668,0.12655378250500823,19,5,0.8304097679057042
2022-09-13,Energy,0.2755194761904762,0.161335,0.15356727263637882,20,5,0.7853474888890126
2022-09-13,Financials,0.11116999999999999,0.014843999999999996,0.09215876201273998,11,4,0.3912466103205731
2022-09-13,Healthcare,0.05998666666666667,0.291163,0.10610268420710482,13,5,0.8022962322142437
2022-09-13,Industrials,0.250115,0.051891,0.07831970035118892,10,4,0.5086263039784631
2022-09-13,Materials,0.0256,-0.05408999999999999,0.044764861300400215,1,1,0.03625384938440364
2022-09-13,RealEstate,0.09451000000000001,0.17584833333333333,0.16798033826749975,8,4,0.5675402538704672
2022-09-13,Tech,0.025618333333333333,0.029070357142857144,0.11947278295162096,26,5,0.6930626829397585
2022-09-13,Utilities,0.00516,0.19197333333333333,0.158783075369406,3,3,0.27071301834358413
2022-09-14,Comm,0.07474,-0.0025906666666666634,0.06002783878461441,11,4,0.5815827991251763
2022-09-14,Consumer,0.19535309523809524,0.18866866666666665,0.13220059015606808,32,5,0.6954412009199115
2022-09-14,Energy,0.09391750000000001,0.2755194761904762,0.16465383659584223,26,4,0.7469675582795174
2022-09-14,Financials,-0.008446666666666667,0.11116999999999999,0.09388705637521814,21,5,0.8956431971591121
2022-09-14,Healthcare,-0.02307,0.05998666666666667,0.1019103189761559,8,4,0.4643511168031096
2022-09-14,Industrials,0.085735,0.250115,0.09393745486471719,14,4,0.7363249109018293
2022-09-14,Materials,0.10938666666666667,0.0256,0.04302260118218201,12,3,0.35388274250358004
2022-09-14,RealEstate,0.12735000000000002,0.09451000000000001,0.16130121660681793,7,3,0.351588083493917
2022-09-14,Tech,0.11339183333333333,0.025618333333333333,0.11094056025904935,24,5,0.8788610241534838
2022-09-14,Utilities,0.19888,0.00516,0.14481734124491458,4,3,0.2936912191374818
2022-09-15,Comm,0.14071833333333333,0.07474,0.0613653079860131,14,5,0.6347628542257149
2022-09-15,Consumer,0.05041142857142857,0.19535309523809524,0.13794172698170692,15,4,0.6022476327245933
2022-09-15,Energy,0.2575388888888889,0.09391750000000001,0.15822326054167474,24,5,0.7418956697399538
2022-09-15,Financials,0.22598142857142856,-0.008446666666666667,0.08458399064413771,14,4,0.5259463649298779
2022-09-15,Healthcare,-0.008235000000000003,-0.02307,0.09054847179650535,15,5,0.8726445290499207
2022-09-15,Industrials,-0.01531,0.085735,0.09319177714974292,8,4,0.5675402538704672
2022-09-15,Materials,0.026026666666666663,0.10938666666666667,0.04905569804440789,6,3,0.3593858338737245
2022-09-15,RealEstate,0.25329999999999997,0.12735000000000002,0.1582147423698345,6,4,0.5031401674232144
2022-09-15,Tech,0.00011343478260869428,0.11339183333333333,0.11116340326580243,41,5,0.52930340388941
2022-09-15,Utilities,0.29800166666666666,0.19888,0.14973212840446776,14,5,0.48442428348804556
2022-09-16,Comm,0.10519166666666668,0.14071833333333333,0.06857921938122404,9,3,0.4662813107175965
2022-09-16,Consumer,0.13598533333333335,0.05041142857142857,0.12998442712622707,12,5,0.654683073631623
2022-09-16,Energy,0.495585,0.2575388888888889,0.1672519540277851,15,5,0.515175685824652
2022-09-16,Financials,0.100016,0.22598142857142856,0.09743830318298233,13,5,0.7276640245664072
2022-09-16,Healthcare,0.11209533333333335,-0.008235000000000003,0.08156815617864124,13,4,0.6657351714118194
2022-09-16,Industrials,0.08033176470588234,-0.01531,0.08332797922703901,18,2,0.21734283719108774
2022-09-16,Materials,0.0,0.026026666666666663,0.0469621497373405,2,2,0.13187198158574429
2022-09-16,RealEstate,0.223466,0.25329999999999997,0.1668588566998495,10,4,0.5086263039784631
2022-09-16,Tech,0.06915171428571429,0.00011343478260869428,0.1010679515855121,20,5,0.8013749886622578
2022-09-16,Utilities,0.3941733333333334,0.29800166666666666,0.16321117733739493,8,5,0.6384827856042757
2022-09-19,Comm,0.03698963636363636,0.10519166666666668,0.07190762367990064,20,4,0.5099659018759822
2022-09-19,Consumer,0.31008199999999997,0.13598533333333335,0.1305299640541458,33,5,0.7909225885142621
2022-09-19,Energy,0.09387814285714287,0.495585,0.19710041275253193,22,5,0.8691959408852998
2022-09-19,Financials,0.06296333333333333,0.100016,0.09767263925725667,14,5,0.8765772748831302
2022-09-19,Healthcare,0.015823809523809525,0.11209533333333335,0.08434335410179505,21,5,0.8601721794498404
2022-09-19,Industrials,0.17700119047619048,0.08033176470588234,0.08305559608875203,14,3,0.4975168316904251
2022-09-19,Materials,-0.08276,0.0,0.04269286339758228,6,4,0.5031401674232144
2022-09-19,RealEstate,0.15440800000000002,0.223466,0.17200496063622683,7,3,0.2734573982730465
2022-09-19,Tech,0.09093066666666666,0.06915171428571429,0.09816647546734865,27,5,0.8691106736441143
2022-09-19,Utilities,0.136476,0.3941733333333334,0.18420773697338935,8,3,0.34052415232228034
2022-09-20,Comm,0.07379500000000001,0.03698963636363636,0.06873326119660389,7,4,0.3885973554406451
2022-09-20,Consumer,0.027582857142857138,0.31008199999999997,0.14685287641285982,19,5,0.8304097679057042
2022-09-20,Energy,0.22261999999999998,0.09387814285714287,0.18771657003476924,9,5,0.7116925268847526
2022-09-20,Financials,0.008696333333333328,0.06296333333333333,0.09451724780962727,14,4,0.6817823249091012
2022-09-20,Healthcare,0.025174285714285725,0.015823809523809525,0.07811430459470545,12,4,0.4364553824210819
2022-09-20,Industrials,0.10869333333333334,0.17700119047619048,0.09159610466942825,10,4,0.4117451032206606
2022-09-20,Materials,0.0,-0.08276,0.03128805763416571,0,0,0.0
2022-09-20,RealEstate,0.09198833333333334,0.15440800000000002,0.1704052369420244,7,2,0.2953339901348903
2022-09-20,Tech,0.07047895238095239,0.09093066666666666,0.09750867466728666,21,4,0.730062101885999
2022-09-20,Utilities,0.06808,0.136476,0.17986848815762665,6,4,0.5031401674232144
2022-09-21,Comm,0.14043199999999997,0.07379500000000001,0.06919341926963989,13,5,0.6953234012523447
2022-09-21,Consumer,0.11222222222222222,0.027582857142857138,0.1360101473883141,16,4,0.501152807717425
2022-09-21,Energy,0.24372500000000002,0.22261999999999998,0.1908896091225175,14,4,0.6347628542257148
2022-09-21,Financials,0.028435,0.008696333333333328,0.08671534649360053,10,5,0.6176176548309908
2022-09-21,Healthcare,-0.08621999999999999,0.025174285714285725,0.07330157560557639,7,5,0.6712136139429324
2022-09-21,Industrials,0.047420000000000004,0.10869333333333334,0.09315039818432871,7,3,0.2734573982730465
2022-09-21,Materials,0.034,0.0,0.028443688758332458,6,4,0.5031401674232144
2022-09-21,RealEstate,0.13189333333333333,0.09198833333333334,0.16327642752305246,8,4,0.5675402538704672
2022-09-21,Tech,0.03157551282051283,0.07047895238095239,0.09505142718671081,23,5,0.5263141496392854
2022-09-21,Utilities,0.20415999999999998,0.06808,0.16970589832511512,2,2,0.13187198158574429
2022-09-22,Comm,0.05356000000000001,0.14043199999999997,0.0756696538814908,9,5,0.5879199135134913
2022-09-22,Consumer,0.20207314285714287,0.11222222222222222,0.1338476087368512,25,5,0.8332735343967402
2022-09-22,Energy,0.11057333333333333,0.24372500000000002,0.1956928264750159,10,4,0.5764431445089249
2022-09-22,Financials,-0.043146666666666667,0.028435,0.0814171331760005,15,5,0.909778338796726
2022-09-22,Healthcare,0.16976666666666668,-0.08621999999999999,0.05879961418688763,15,5,0.7247386766685783
2022-09-22,Industrials,-0.014527333333333326,0.047420000000000004,0.08899308925848064,12,4,0.6235076891729743
2022-09-22,Materials,0.17044666666666666,0.034,0.028948807962120415,7,4,0.49222331689148385
2022-09-22,RealEstate,0.028550000000000002,0.13189333333333333,0.16042341896035073,6,5,0.6289252092790181
2022-09-22,Tech,0.1434662857142857,0.03157551282051283,0.08928088951705646,22,5,0.8691959408852998
2022-09-22,Utilities,0.11435166666666667,0.20415999999999998,0.17283808938646833,14,4,0.5938104120176042
2022-09-23,Comm,0.13395200000000002,0.05356000000000001,0.07365968534680982,13,4,0.6135206481638334
2022-09-23,Consumer,-0.020104,0.20207314285714287,0.14004993002051408,19,5,0.8113198881837339
2022-09-23,Energy,-0.05615450000000001,0.11057333333333333,0.18795469073486296,18,4,0.6179355175040729
2022-09-23,Financials,0.09322666666666665,-0.043146666666666667,0.07009315137212166,12,5,0.7702153807430859
2022-09-23,Healthcare,0.08872,0.16976666666666668,0.06888752804868573,11,4,0.5815827991251763
2022-09-23,Industrials,0.054900000000000004,-0.014527333333333326,0.07958214175013392,7,3,0.2734573982730465
2022-09-23,Materials,0.14150666666666667,0.17044666666666666,0.041812249662533704,8,4,0.5675402538704672
2022-09-23,RealEstate,0.04526666666666667,0.028550000000000002,0.14843492632759156,5,3,0.2873275267402534
2022-09-23,Tech,0.02783228571428572,0.1434662857142857,0.09420683462589546,20,5,0.8013749886622578
2022-09-23,Utilities,0.11891,0.11435166666666667,0.1675211418664863,5,3,0.35117808823808755
2022-09-26,Comm,0.10272333333333335,0.13395200000000002,0.0791408048607362,14,5,0.6817823249091012
2022-09-26,Consumer,0.2069354761904762,-0.020104,0.12549048183683098,27,5,0.9128395125696044
2022-09-26,Energy,0.07940833333333334,-0.05615450000000001,0.16576294612260267,17,4,0.3651700980149878
2022-09-26,Financials,0.18393866666666664,0.09322666666666665,0.07219619821708029,16,5,0.701613930804395
2022-09-26,Healthcare,0.015480000000000002,0.08872,0.07069048004425973,13,5,0.8022962322142437
2022-09-26,Industrials,0.023574999999999995,0.054900000000000004,0.07733831068193993,10,4,0.6176176548309908
2022-09-26,Materials,0.09908000000000002,0.14150666666666667,0.05087537848109125,5,3,0.2873275267402534
2022-09-26,RealEstate,0.07312142857142859,0.04526666666666667,0.13905599363114382,15,5,0.6022476327245934
2022-09-26,Tech,0.08646011904761904,0.02783228571428572,0.08817278472484003,26,5,0.8099648222308021
2022-09-26,Utilities,0.57756,0.11891,0.1631019471513512,11,5,0.6148161019323292
2022-09-27,Comm,0.165855,0.10272333333333335,0.08128467108551776,13,4,0.7276640245664072
2022-09-27,Consumer,0.018224999999999998,0.2069354761904762,0.13289457223261691,12,5,0.6891400775069717
2022-09-27,Energy,-0.03177428571428571,0.07940833333333334,0.15791252677812365,10,3,0.3202461913938472
2022-09-27,Financials,0.03595411111111112,0.18393866666666664,0.08235460443976997,20,4,0.6232916578484226
2022-09-27,Healthcare,0.16542166666666666,0.015480000000000002,0.06567134549478157,11,5,0.6941472118590813
2022-09-27,Industrials,0.032805,0.023574999999999995,0.07245073698358176,6,3,0.2795223152351191
2022-09-27,Materials,0.0,0.09908000000000002,0.05525761680099204,2,1,0.06593599079287214
2022-09-27,RealEstate,0.18853,0.07312142857142859,0.13306194226207882,4,3,0.2936912191374818
2022-09-27,Tech,0.18781806349206348,0.08646011904761904,0.08801708784509266,29,5,0.8599526425221937
2022-09-27,Utilities,0.07487,0.57756,0.2007799519557738,6,3,0.3593858338737245
2022-09-28,Comm,0.11243885714285713,0.165855,0.08897288280501614,15,4,0.5412605306765332
2022-09-28,Consumer,0.060516190476190466,0.018224999999999998,0.12247006566601537,21,5,0.7063202449140965
2022-09-28,Energy,0.18127833333333332,-0.03177428571428571,0.1406682710969955,20,4,0.467468743386317
2022-09-28,Financials,0.15456444444444445,0.03595411111111112,0.07813637777352825,17,5,0.5531784653098332
2022-09-28,Healthcare,0.14720499999999997,0.16542166666666666,0.0747395565104075,11,5,0.7420194333666041
2022-09-28,Industrials,0.010746666666666673,0.032805,0.0688465790759834,5,3,0.2873275267402535
2022-09-28,Materials,-0.013426666666666661,0.0,0.05023419709181094,6,4,0.4192834728526786
2022-09-28,RealEstate,-0.07070333333333333,0.18853,0.1381044929655262,7,4,0.49222331689148374
2022-09-28,Tech,0.01147724675324675,0.18781806349206348,0.0970899038129991,38,5,0.8540102651657467
2022-09-28,Utilities,-0.04951666666666665,0.07487,0.18933359268706712,10,5,0.6176176548309908
2022-09-29,Comm,0.05316333333333334,0.11243885714285713,0.09110615319936531,11,4,0.6148161019323292
2022-09-29,Consumer,0.12367428571428571,0.060516190476190466,0.1168378951942131,36,5,0.7358138777229227
2022-09-29,Energy,0.144942,0.18127833333333332,0.14436009493666258,16,4,0.663688853463617
2022-09-29,Financials,0.10194055555555555,0.15456444444444445,0.08508438383452062,23,5,0.7758260428016132
2022-09-29,Healthcare,0.16065999999999997,0.14720499999999997,0.08132732410037044,5,4,0.45151468487754115
2022-09-29,Industrials,0.04576,0.010746666666666673,0.06356476885695461,6,4,0.5031401674232144
2022-09-29,Materials,0.0,-0.013426666666666661,0.04444684584104026,1,1,0.03625384938440364
2022-09-29,RealEstate,0.0,-0.07070333333333333,0.1191219633019935,1,1,0.03625384938440364
2022-09-29,Tech,0.0904715,0.01147724675324675,0.08930693498938524,38,5,0.806300194486096
2022-09-29,Utilities,0.07636,-0.04951666666666665,0.1676199327458186,1,1,0.03625384938440364
2022-09-30,Comm,0.015295,0.05316333333333334,0.08765680593881695,6,3,0.2795223152351191
2022-09-30,Consumer,0.20326469696969696,0.12367428571428571,0.11745938524149242,37,5,0.4984201074571998
2022-09-30,Energy,0.17142523809523807,0.144942,0.144412995396966,12,3,0.422376176536531
2022-09-30,Financials,0.23364666666666664,0.10194055555555555,0.08661676308188743,7,3,0.3885973554406451
2022-09-30,Healthcare,0.0843,0.16065999999999997,0.08853938554579131,6,3,0.3593858338737245
2022-09-30,Industrials,0.08808,0.04576,0.06194615350632238,3,3,0.27071301834358413
2022-09-30,Materials,0.0,0.0,0.04040622349185478,6,3,0.3593858338737245
2022-09-30,RealEstate,0.16138000000000002,0.0,0.10829269391090317,3,2,0.1624278110061505
2022-09-30,Tech,-0.1387766666666667,0.0904715,0.08941280453580477,11,5,0.7969838358382045
2022-09-30,Utilities,0.011859999999999999,0.07636,0.15932357522347143,3,1,0.09023767278119472
2022-10-03,Comm,0.24489099999999997,0.015295,0.08107845994437904,13,5,0.6657351714118194
2022-10-03,Consumer,0.13023090476190477,0.20326469696969696,0.12525986812587464,30,5,0.9450201295168423
2022-10-03,Energy,0.09041141025641025,0.17142523809523807,0.14686865382408162,33,5,0.6416038697387082
2022-10-03,Financials,0.243342,0.23364666666666664,0.099983117953231,12,4,0.5692896292448896
2022-10-03,Healthcare,0.04760000000000001,0.0843,0.08815398685981028,16,5,0.9094995399316231
2022-10-03,Industrials,0.13913999999999999,0.08808,0.06432195773302034,8,3,0.34052415232228034
2022-10-03,Materials,0.07085,0.0,0.0367329304471407,5,3,0.35117808823808755
2022-10-03,RealEstate,0.15457,0.16138000000000002,0.11311881264627562,4,2,0.2202684143531114
2022-10-03,Tech,0.24741190476190478,-0.1387766666666667,0.0686683071537619,27,4,0.7931228551834267
2022-10-03,Utilities,0.06577999999999999,0.011859999999999999,0.1459177956577013,7,4,0.49222331689148374
2022-10-04,Comm,0.15402999999999997,0.24489099999999997,0.09597050904034457,6,5,0.6289252092790181
2022-10-04,Consumer,-0.011166666666666668,0.13023090476190477,0.12571178054733192,15,5,0.8726445290499207
2022-10-04,Energy,0.10693000000000001,0.09041141025641025,0.14173617713611147,14,4,0.5938104120176042
2022-10-04,Financials,0.26717880952380957,0.243342,0.11301574359384636,21,4,0.7063202449140965
2022-10-04,Healthcare,0.007169999999999998,0.04760000000000001,0.08446726078164571,6,5,0.6289252092790181
2022-10-04,Industrials,0.03653,0.13913999999999999,0.0711235979391094,5,4,0.45151468487754115
2022-10-04,Materials,0.153,0.07085,0.03983448222467337,2,2,0.13187198158574429
2022-10-04,RealEstate,0.33353,0.15457,0.1168871024057051,8,5,0.6384827856042757
2022-10-04,Tech,0.1498364935064935,0.24741190476190478,0.08491772511813853,25,5,0.6639452225941941
2022-10-04,Utilities,0.09498499999999999,0.06577999999999999,0.13863254150700116,10,4,0.6176176548309908
2022-10-05,Comm,0.18780000000000002,0.15402999999999997,0.10124864458213143,5,3,0.35117808823808755
2022-10-05,Consumer,0.05573066666666667,-0.011166666666666668,0.11326828534605933,16,5,0.7673902368173071
2022-10-05,Energy,0.2191266666666667,0.10693000000000001,0.1385719792146468,29,5,0.794742963468378
2022-10-05,Financials,0.12466333333333332,0.26717880952380957,0.12703056776929755,11,4,0.6941472118590813
2022-10-05,Healthcare,0.05945333333333334,0.007169999999999998,0.07744023707422336,7,3,0.4343146913748387
2022-10-05,Industrials,0.18565333333333334,0.03653,0.06797872539919035,7,3,0.3885973554406451
2022-10-05,Materials,0.055900000000000005,0.153,0.05012225656788488,4,3,0.2936912191374818
2022-10-05,RealEstate,0.21647999999999995,0.33353,0.13658191127791372,10,4,0.617617654830991
2022-10-05,Tech,0.11293427777777779,0.1498364935064935,0.0908194313352617,27,5,0.7931228551834267
2022-10-05,Utilities,0.22012,0.09498499999999999,0.1346645831881829,7,5,0.5679499810286351
2022-10-06,Comm,0.09591000000000001,0.18780000000000002,0.10911694962011949,11,4,0.5815827991251763
2022-10-06,Consumer,0.17992055555555556,0.05573066666666667,0.10803759273884181,24,5,0.7825474872599514
2022-10-06,Energy,0.153571,0.2191266666666667,0.14589513261937587,28,5,0.7300008176133433
2022-10-06,Financials,0.15378095238095238,0.12466333333333332,0.12681536463875534,19,5,0.7589766695912349
2022-10-06,Healthcare,-0.15184000000000003,0.05945333333333334,0.07580506400686973,4,2,0.1762147314824891
2022-10-06,Industrials,0.09483,0.18565333333333334,0.07867641702956699,5,3,0.35117808823808755
2022-10-06,Materials,-0.11454,0.055900000000000005,0.05064750597080444,5,3,0.35117808823808755
2022-10-06,RealEstate,0.0,0.21647999999999995,0.14384537388901247,4,4,0.4405368287062228
2022-10-06,Tech,-0.07437,0.11293427777777779,0.09282987192094498,24,4,0.6720701949408993
2022-10-06,Utilities,0.09963000000000001,0.22012,0.1424332574438026,7,4,0.5679499810286353
2022-10-07,Comm,0.09542666666666667,0.09591000000000001,0.10791631783647224,7,3,0.4343146913748387
2022-10-07,Consumer,0.01323333333333333,0.17992055555555556,0.11457240754036124,21,5,0.8601721794498404
2022-10-07,Energy,0.26992971428571433,0.153571,0.14659293874488716,20,5,0.7551418162394351
2022-10-07,Financials,0.13618000000000002,0.15378095238095238,0.1292667817062278,15,5,0.8067845645933229
2022-10-07,Healthcare,0.07916,-0.15184000000000003,0.05511005818806338,6,4,0.5031401674232144
2022-10-07,Industrials,0.016614999999999998,0.09483,0.08014492457233362,9,4,0.5408863204324119
2022-10-07,Materials,0.03512,-0.11454,0.03563045997345858,2,2,0.13187198158574429
2022-10-07,RealEstate,0.045924999999999994,0.0,0.1307685217172841,10,4,0.5764431445089249
2022-10-07,Tech,0.05114833333333333,-0.07437,0.07762988356449543,65,5,0.49156375219409604
2022-10-07,Utilities,0.36124333333333325,0.09963000000000001,0.13854205222163873,8,5,0.6384827856042757
2022-10-10,Comm,0.0,0.09542666666666667,0.10678089500285355,5,4,0.45151468487754115
2022-10-10,Consumer,0.14281214285714286,0.01323333333333333,0.10535976443063141,29,5,0.9264683165294352
2022-10-10,Energy,0.13325833333333334,0.26992971428571433,0.15780537288496235,26,5,0.6282904695809024
2022-10-10,Financials,0.124072,0.13618000000000002,0.1298952560965707,26,5,0.7553604521927705
2022-10-10,Healthcare,0.326336,0.07916,0.05729641653460308,18,5,0.8517489565596681
2022-10-10,Industrials,0.19084,0.016614999999999998,0.07436947688393966,6,4,0.4192834728526787
2022-10-10,Materials,0.17899,0.03512,0.03558405452132597,6,5,0.6289252092790181
2022-10-10,RealEstate,0.10796999999999998,0.045924999999999994,0.12305547428844006,13,5,0.7631598306428172
2022-10-10,Tech,0.07669666666666666,0.05114833333333333,0.07522246990711706,38,5,0.8342643630809895
2022-10-10,Utilities,0.18292000000000003,0.36124333333333325,0.1587876232317928,3,2,0.1624278110061505
2022-10-11,Comm,0.08326066666666666,0.0,0.09707354091168505,10,3,0.4550866930333618
2022-10-11,Consumer,0.15716000000000002,0.14281214285714286,0.10876452610576884,9,3,0.4662813107175965
2022-10-11,Energy,0.11459800000000002,0.13325833333333334,0.15557382383481427,11,3,0.4781903015029227
2022-10-11,Financials,-0.283775,0.124072,0.12936586917870066,21,5,0.7179949597060651
2022-10-11,Healthcare,0.2318332857142857,0.326336,0.0817545604860028,26,5,0.5555957045054263
2022-10-11,Industrials,0.17506,0.19084,0.08495770625812696,5,3,0.35117808823808755
2022-10-11,Materials,0.0,0.17899,0.04862095865575089,4,3,0.2936912191374818
2022-10-11,RealEstate,-0.007940000000000003,0.10796999999999998,0.1216840675349455,3,3,0.27071301834358413
2022-10-11,Tech,-0.01788666666666667,0.07669666666666666,0.07535648779434884,20,4,0.6544562407408439
2022-10-11,Utilities,0.16333999999999999,0.18292000000000003,0.16098147566526616,3,3,0.27071301834358413
2022-10-12,Comm,0.13851,0.08326066666666666,0.09581782507122884,8,5,0.7296946121191722
2022-10-12,Consumer,0.1837997619047619,0.15716000000000002,0.113164114641608,20,5,0.8354760520095879
2022-10-12,Energy,0.16264646153846155,0.11459800000000002,0.15184874894074024,20,4,0.40068749433112877
2022-10-12,Financials,0.023186666666666664,-0.283775,0.0918076083442733,12,4,0.6235076891729743
2022-10-12,Healthcare,0.08204916666666666,0.2318332857142857,0.09539808096130124,21,4,0.695019120995471
2022-10-12,Industrials,0.26004,0.17506,0.0931488238710245,3,3,0.27071301834358413
2022-10-12,Materials,0.068,0.0,0.04420087150522808,1,1,0.03625384938440364
2022-10-12,RealEstate,0.062490000000000004,-0.007940000000000003,0.10990006139540501,3,2,0.1624278110061505
2022-10-12,Tech,-0.02926888888888888,-0.01788666666666667,0.06687983738880196,34,5,0.7547140365549616
2022-10-12,Utilities,0.01366,0.16333999999999999,0.16119588696842377,6,3,0.2795223152351191
2022-10-13,Comm,-0.115725,0.13851,0.0996989318829353,8,4,0.4643511168031096
2022-10-13,Consumer,0.022599999999999988,0.1837997619047619,0.11958553712007654,18,5,0.6431573753613821
2022-10-13,Energy,0.10111555555555556,0.16264646153846155,0.15283035917689672,19,5,0.6137811327998683
2022-10-13,Financials,0.048717333333333335,0.023186666666666664,0.08556934091903634,17,5,0.8097249999462776
2022-10-13,Healthcare,-0.18963999999999998,0.08204916666666666,0.09418454329815265,9,4,0.5408863204324119
2022-10-13,Industrials,0.11141999999999999,0.26004,0.10832074897365865,6,4,0.5031401674232144
2022-10-13,Materials,0.04019,0.068,0.04636442864111644,5,4,0.45151468487754115
2022-10-13,RealEstate,0.0,0.062490000000000004,0.10559005581400453,1,1,0.03625384938440364
2022-10-13,Tech,0.002154999999999997,-0.02926888888888888,0.05813904409083007,29,5,0.8512221588417654
2022-10-13,Utilities,0.05464,0.01366,0.14778353360765797,2,2,0.13187198158574429
2022-10-14,Comm,0.02679333333333333,-0.115725,0.08011493807539573,4,2,0.1762147314824891
2022-10-14,Consumer,-0.03116666666666667,0.022599999999999988,0.1107686701091605,19,5,0.6596713109531295
2022-10-14,Energy,0.11390866666666666,0.10111555555555556,0.14812901339313841,28,5,0.5962602098063187
2022-10-14,Financials,0.18201994302848576,0.048717333333333335,0.08221915841124516,66,5,0.6049988803862755
2022-10-14,Healthcare,0.17491333333333334,-0.18963999999999998,0.06838231208922967,11,5,0.7420194333666041
2022-10-14,Industrials,0.0991,0.11141999999999999,0.1086024990669624,8,3,0.3929124834487851
2022-10-14,Materials,0.0,0.04019,0.045803116946469484,2,2,0.13187198158574429
2022-10-14,RealEstate,-0.008359999999999989,0.0,0.09599095983091321,2,2,0.13187198158574429
2022-10-14,Tech,0.07374,0.002154999999999997,0.05304958553711825,17,5,0.7653565067985362
2022-10-14,Utilities,0.19887333333333332,0.05464,0.13931593964332542,6,4,0.4192834728526786
2022-10-17,Comm,0.201096,0.02679333333333333,0.07526751946248096,10,4,0.5086263039784631
2022-10-17,Consumer,0.09302980952380953,-0.03116666666666667,0.09786545767499437,24,5,0.9213865575802652
2022-10-17,Energy,0.07120083333333334,0.11390866666666666,0.14501807278164097,20,5,0.7271736008231598
2022-10-17,Financials,0.17249366666666668,0.18201994302848576,0.09129195701281248,33,5,0.6492648114669315
2022-10-17,Healthcare,0.120345,0.17491333333333334,0.0780669503841482,13,5,0.7631598306428174
2022-10-17,Industrials,-0.07432,0.0991,0.10773863551542036,6,4,0.5031401674232144
2022-10-17,Materials,-0.05229999999999999,0.0,0.04163919722406317,5,2,0.185917811420164
2022-10-17,RealEstate,0.053908000000000025,-0.008359999999999989,0.08650450893719383,9,4,0.4361986455100096
2022-10-17,Tech,0.061792,0.07374,0.05493053230647114,24,5,0.7231135008857779
2022-10-17,Utilities,-0.09354,0.19887333333333332,0.14473024816059887,9,5,0.5879199135134913
2022-10-18,Comm,0.17578,0.201096,0.08670647223861906,15,5,0.7774469440626567
2022-10-18,Consumer,0.09339666666666666,0.09302980952380953,0.09742585329761393,19,5,0.7129780835554025
2022-10-18,Energy,0.026894999999999995,0.07120083333333334,0.13830741464997665,17,4,0.5759899484153932
2022-10-18,Financials,0.057251724137931045,0.17249366666666668,0.09867393061770832,40,5,0.36517426022725025
2022-10-18,Healthcare,0.01213000000000002,0.120345,0.08191040944013471,13,5,0.8456635961177164
2022-10-18,Industrials,0.102355,-0.07432,0.09118785046856397,12,4,0.6891400775069715
2022-10-18,Materials,0.06652,-0.05229999999999999,0.033099270203693784,6,3,0.3593858338737245
2022-10-18,RealEstate,0.010115,0.053908000000000025,0.08354118994290348,7,3,0.351588083493917
2022-10-18,Tech,0.12247000000000001,0.061792,0.05555430209679193,32,5,0.6511455830269236
2022-10-18,Utilities,0.25529999999999997,-0.09354,0.12306931650963533,3,3,0.27071301834358413
2022-10-19,Comm,-0.057853333333333326,0.17578,0.09480406567147187,13,4,0.4171940407514068
2022-10-19,Consumer,0.173603,0.09339666666666666,0.09705956360389144,19,5,0.5646786421758788
2022-10-19,Energy,0.19316066666666667,0.026894999999999995,0.12817901331816056,16,5,0.6821246549487173
2022-10-19,Financials,0.09683583333333332,0.057251724137931045,0.0949082754831831,27,5,0.8200083756981192
2022-10-19,Healthcare,0.06409000000000001,0.01213000000000002,0.07556673585466792,22,5,0.43858510778616044
2022-10-19,Industrials,0.011886666666666667,0.102355,0.09220304588051269,4,2,0.1762147314824891
2022-10-19,Materials,0.0,0.06652,0.036137518366994345,4,3,0.2936912191374818
2022-10-19,RealEstate,0.10417000000000001,0.010115,0.07686608176627589,12,4,0.5237464589052984
2022-10-19,Tech,-0.09869666666666668,0.12247000000000001,0.061637547360719934,17,5,0.8097249999462776
2022-10-19,Utilities,-0.004033333333333333,0.25529999999999997,0.1350902877360321,6,4,0.4192834728526786
2022-10-20,Comm,-0.0026533333333333352,-0.057853333333333326,0.08092612030739867,24,3,0.3340699799413827
2022-10-20,Consumer,0.19209266666666666,0.173603,0.1040180578217195,20,5,0.934937486772634
2022-10-20,Energy,0.130947,0.19316066666666667,0.13408643634984294,19,5,0.8113198881837339
2022-10-20,Financials,0.03804333333333333,0.09683583333333332,0.09508350801501494,11,4,0.6148161019323292
2022-10-20,Healthcare,0.05519533333333333,0.06409000000000001,0.0745233962315163,16,5,0.8467754337294423
2022-10-20,Industrials,0.16682333333333332,0.011886666666666667,0.08490155686107215,9,4,0.6439122862290618
2022-10-20,Materials,0.063855,0.0,0.03285228942454031,14,5,0.6347628542257148
2022-10-20,RealEstate,0.18755333333333332,0.10417000000000001,0.0793482561511599,6,4,0.4192834728526786
2022-10-20,Tech,0.20392000000000002,-0.09869666666666668,0.04706170972186661,16,5,0.598938721418386
2022-10-20,Utilities,0.12504666666666667,-0.004033333333333333,0.12244268582063525,8,5,0.6384827856042757
2022-10-21,Comm,0.12362000000000002,-0.0026533333333333352,0.07332798815824121,13,4,0.3596500351305232
2022-10-21,Consumer,0.030379999999999997,0.19209266666666666,0.11202484044398742,15,3,0.5278960731289644
2022-10-21,Energy,0.11179177777777778,0.130947,0.13380103304531177,33,5,0.5397114437752409
2022-10-21,Financials,-0.01475333333333334,0.03804333333333333,0.08989803758940752,14,4,0.7080047220209896
2022-10-21,Healthcare,0.13136799999999998,0.05519533333333333,0.07276629960440875,11,5,0.6148161019323292
2022-10-21,Industrials,0.10062,0.16682333333333332,0.09234899108582315,6,2,0.2795223152351191
2022-10-21,Materials,0.17585,0.063855,0.03567071765867301,3,2,0.1624278110061505
2022-10-21,RealEstate,0.300555,0.18755333333333332,0.0891850813495393,10,5,0.6651267052026054
2022-10-21,Tech,0.026856,0.20392000000000002,0.06132155429260601,21,5,0.8434698070333385
2022-10-21,Utilities,0.158375,0.12504666666666667,0.12267941135209263,12,5,0.8183538420395288
2022-10-24,Comm,0.13608499999999998,0.12362000000000002,0.07789998923476474,14,4,0.4720031480139931
2022-10-24,Consumer,0.14209,0.030379999999999997,0.10460258222180674,28,5,0.9525620424954602
2022-10-24,Energy,0.08828255555555556,0.11179177777777778,0.13180019165735413,32,5,0.7924795080250154
2022-10-24,Financials,-0.07891111111111111,-0.01475333333333334,0.08038427659643108,14,4,0.40906939494546063
2022-10-24,Healthcare,0.05149,0.13136799999999998,0.07809372691309886,11,5,0.6941472118590813
2022-10-24,Industrials,0.10865333333333334,0.10062,0.09310090098711196,20,4,0.6041134529915481
2022-10-24,Materials,0.11548666666666667,0.17585,0.04841428878061183,8,4,0.5675402538704672
2022-10-24,RealEstate,0.25793,0.300555,0.10840052849958118,12,5,0.7702153807430859
2022-10-24,Tech,-0.0023473809523809524,0.026856,0.05818832208418727,22,5,0.8386978376963419
2022-10-24,Utilities,0.22193999999999997,0.158375,0.12592446486553877,8,5,0.6384827856042757
2022-10-25,Comm,0.10356444444444443,0.13608499999999998,0.08318953566796795,19,5,0.6475672502016958
2022-10-25,Consumer,0.08693999999999999,0.14209,0.10801052929255157,33,5,0.5591355060190799
2022-10-25,Energy,0.11317200000000002,0.08828255555555556,0.127844042920827,9,4,0.4361986455100096
2022-10-25,Financials,0.15947983333333332,-0.07891111111111111,0.06590287771392725,18,4,0.6179355175040729
2022-10-25,Healthcare,0.049883333333333335,0.05149,0.07567520628463531,14,5,0.8765772748831302
2022-10-25,Industrials,0.049886996336996337,0.10865333333333334,0.0945147584731321,37,4,0.6121535547964265
2022-10-25,Materials,0.11560666666666668,0.11548666666666667,0.054511777679344085,5,3,0.2873275267402535
2022-10-25,RealEstate,0.13171,0.25793,0.12199411681780108,7,5,0.6712136139429324
2022-10-25,Tech,-0.020801999999999998,-0.0023473809523809524,0.05268507635359017,17,4,0.7072281645100398
2022-10-25,Utilities,0.16203333333333333,0.22193999999999997,0.1346531498777625,10,4,0.4117451032206606
2022-10-26,Comm,0.01018,0.10356444444444443,0.08504180010219307,6,2,0.2795223152351191
2022-10-26,Consumer,0.06580916666666667,0.08693999999999999,0.10609502662959233,18,5,0.6705257743129304
2022-10-26,Energy,0.05950133333333334,0.11317200000000002,0.12651022083711544,16,4,0.4308155715465583
2022-10-26,Financials,0.08688727272727273,0.15947983333333332,0.07440987367932779,17,3,0.3962484042290294
2022-10-26,Healthcare,0.06914666666666666,0.049883333333333335,0.07333049056178968,12,3,0.4676307668797307
2022-10-26,Industrials,0.030434666666666665,0.049886996336996337,0.09045768918802884,13,4,0.6657351714118194
2022-10-26,Materials,0.08038,0.11560666666666668,0.060065858496373414,2,2,0.13187198158574429
2022-10-26,RealEstate,0.1089,0.13171,0.1228773789252737,10,4,0.6176176548309908
2022-10-26,Tech,0.27627999999999997,-0.020801999999999998,0.04600443304871833,13,5,0.6385623072725615
2022-10-26,Utilities,0.15544,0.16203333333333333,0.1371422574646326,7,4,0.49222331689148385
2022-10-27,Comm,0.23379599999999998,0.01018,0.07823618191108461,20,4,0.5379092389650771
2022-10-27,Consumer,0.07475166666666666,0.06580916666666667,0.10243267572387182,20,5,0.7699485185186395
2022-10-27,Energy,0.0987998787878788,0.05950133333333334,0.12041850379131706,26,5,0.579543795216867
2022-10-27,Financials,0.19666066666666668,0.08688727272727273,0.07554418268368641,17,5,0.7449469999505752
2022-10-27,Healthcare,0.18016584415584416,0.06914666666666666,0.07295014293496031,23,4,0.5600883196696137
2022-10-27,Industrials,0.2237788888888889,0.030434666666666665,0.0850010507769959,22,4,0.28973198029509994
2022-10-27,Materials,0.08038,0.08038,0.06191259863306674,5,3,0.35117808823808755
2022-10-27,RealEstate,0.001100000000000001,0.1089,0.12160670811388519,13,5,0.6657351714118194
2022-10-27,Tech,0.022372444444444445,0.27627999999999997,0.06693857549883483,36,5,0.6348198160746783
2022-10-27,Utilities,0.02275466666666668,0.15544,0.13880568860421144,15,4,0.6022476327245933
2022-10-28,Comm,0.09662000000000001,0.23379599999999998,0.09237798355553146,11,4,0.3912466103205731
2022-10-28,Consumer,0.044164,0.07475166666666666,0.09991622035503497,18,5,0.8754086497974367
2022-10-28,Energy,0.1674101111111111,0.0987998787878788,0.11845317424554994,47,5,0.5820335342659251
2022-10-28,Financials,0.07211000000000001,0.19666066666666668,0.08655477213668464,9,5,0.7116925268847526
2022-10-28,Healthcare,0.06582222222222221,0.18016584415584416,0.08269702486413158,24,5,0.7231135008857779
2022-10-28,Industrials,0.15372999999999998,0.2237788888888889,0.09761721787807709,5,4,0.45151468487754115
2022-10-28,Materials,0.0,0.08038,0.06359145330278795,2,2,0.13187198158574429
2022-10-28,RealEstate,0.0,0.001100000000000001,0.1106515528308047,3,1,0.09023767278119472
2022-10-28,Tech,0.07306060606060605,0.022372444444444445,0.06288710903934482,33,4,0.4080745062690846
2022-10-28,Utilities,0.16356666666666667,0.02275466666666668,0.12825559570079828,12,4,0.31175384458648714
2022-10-31,Comm,0.297664,0.09662000000000001,0.09276362141411951,8,4,0.3648473060595861
2022-10-31,Consumer,0.06973016666666668,0.044164,0.09484783668639543,30,5,0.5792058858329034
2022-10-31,Energy,0.14709958333333334,0.1674101111111111,0.12290380486969185,40,5,0.7509217182137821
2022-10-31,Financials,0.22505999999999998,0.07211000000000001,0.08524161103334967,15,5,0.700976752843379
2022-10-31,Healthcare,0.08607000000000001,0.06582222222222221,0.08116295189668526,5,3,0.35117808823808755
2022-10-31,Industrials,0.13942333333333332,0.15372999999999998,0.10271837988916097,8,3,0.4643511168031096
2022-10-31,Materials,0.0,0.0,0.057810412093443585,1,1,0.03625384938440364
2022-10-31,RealEstate,0.19326714285714286,0.0,0.10059232075527699,13,5,0.5303314077348392
2022-10-31,Tech,0.1395535,0.07306060606060605,0.06381197240491401,25,5,0.8562603905180297
2022-10-31,Utilities,0.43977666666666665,0.16356666666666667,0.13146569306133177,8,5,0.6384827856042757
2022-11-01,Comm,0.11287749999999999,0.297664,0.11139092855829047,13,4,0.4286240144706235
2022-11-01,Consumer,0.05618500000000002,0.06973016666666668,0.09256441213914737,17,5,0.6731448794734114
2022-11-01,Energy,0.06734558441558443,0.14709958333333334,0.12510342109365927,21,4,0.4964422292824791
2022-11-01,Financials,0.03802333333333334,0.22505999999999998,0.0979523736666815,9,4,0.5879199135134913
2022-11-01,Healthcare,0.32896333333333333,0.08607000000000001,0.08160904717880477,13,5,0.8022962322142437
2022-11-01,Industrials,0.22876,0.13942333333333332,0.1060551938386312,3,3,0.27071301834358413
2022-11-01,Materials,-0.034515000000000004,0.0,0.05255492008494872,6,2,0.2515700837116072
2022-11-01,RealEstate,0.22127,0.19326714285714286,0.10901730458271934,7,4,0.49222331689148385
2022-11-01,Tech,0.09835066666666667,0.1395535,0.0706975658226491,29,5,0.5883886501467641
2022-11-01,Utilities,0.22866,0.43977666666666665,0.15949396338908947,2,2,0.13187198158574429
2022-11-02,Comm,0.021710000000000004,0.11287749999999999,0.1115260714166277,7,4,0.49222331689148374
2022-11-02,Consumer,0.28129733333333334,0.05618500000000002,0.08925719285377035,19,5,0.8934788642023398
2022-11-02,Energy,0.28282061904761907,0.06734558441558443,0.11985270866837971,24,5,0.8788610241534837
2022-11-02,Financials,0.13516666666666668,0.03802333333333334,0.09250427909092257,11,4,0.6941472118590813
2022-11-02,Healthcare,-0.05974999999999999,0.32896333333333333,0.10409580046558009,13,5,0.7276640245664072
2022-11-02,Industrials,0.07636,0.22876,0.11721017621693744,2,2,0.13187198158574429
2022-11-02,Materials,-0.03494666666666667,-0.034515000000000004,0.04463947280449883,4,2,0.1762147314824891
2022-11-02,RealEstate,0.07935533333333333,0.22127,0.1192220950751994,10,3,0.4550866930333618
2022-11-02,Tech,0.13055866666666666,0.09835066666666667,0.07321148408119615,38,5,0.644320244700943
2022-11-02,Utilities,0.23765999999999998,0.22866,0.16578178489917222,6,4,0.5031401674232144
2022-11-03,Comm,0.07632000000000001,0.021710000000000004,0.10336097401511608,14,5,0.6817823249091012
2022-11-03,Consumer,0.03603166666666667,0.28129733333333334,0.10671538744282152,19,5,0.7589766695912349
2022-11-03,Energy,0.32649333333333336,0.28282061904761907,0.13466797324831056,20,5,0.8013749886622578
2022-11-03,Financials,-0.007953333333333333,0.13516666666666668,0.09638267796144476,9,4,0.5008206670670481
2022-11-03,Healthcare,-0.126033,-0.05974999999999999,0.0892007276959819,11,4,0.5004317108751516
2022-11-03,Industrials,0.023738666666666665,0.07636,0.11349652383357949,12,4,0.5951664305742027
2022-11-03,Materials,0.07769999999999999,-0.03494666666666667,0.037404369216211056,4,3,0.2936912191374818
2022-11-03,RealEstate,0.06964333333333333,0.07935533333333333,0.11559784400775704,9,3,0.4662813107175965
2022-11-03,Tech,0.02506619047619048,0.13055866666666666,0.07842486431623892,30,4,0.6191511193386209
2022-11-03,Utilities,0.18556666666666666,0.23765999999999998,0.1723161680901566,11,4,0.6148161019323292
2022-11-04,Comm,0.014044999999999997,0.07632000000000001,0.10090270365010554,8,4,0.4643511168031096
2022-11-04,Consumer,-0.005691764705882349,0.03603166666666667,0.10028959464498925,31,5,0.5403096998076169
2022-11-04,Energy,0.057296666666666676,0.32649333333333336,0.15210664234694898,14,5,0.6347628542257148
2022-11-04,Financials,0.10698666666666665,-0.007953333333333333,0.08689758602555583,7,4,0.49222331689148374
2022-11-04,Healthcare,0.23034833333333332,-0.126033,0.06963402517816537,15,5,0.6787235225943828
2022-11-04,Industrials,0.158,0.023738666666666665,0.1053367186365874,4,4,0.4405368287062228
2022-11-04,Materials,0.0,0.07769999999999999,0.041067608378373685,0,0,0.0
2022-11-04,RealEstate,-0.05464,0.06964333333333333,0.11142016121917306,1,1,0.03625384938440364
2022-11-04,Tech,0.055600000000000004,0.02506619047619048,0.07357407578532542,9,4,0.5008206670670481
2022-11-04,Utilities,0.246948,0.18556666666666666,0.1735207588698393,16,4,0.6462233573198375
2022-11-07,Comm,-0.11741066666666666,0.014044999999999997,0.09300654877282322,17,5,0.7449469999505752
2022-11-07,Consumer,0.08952983333333334,-0.005691764705882349,0.09065492561309182,35,5,0.8411566629499626
2022-11-07,Energy,0.07273981818181818,0.057296666666666676,0.1434875536487415,34,5,0.7802111323845211
2022-11-07,Financials,0.05708666666666666,0.10698666666666665,0.08872386608383864,10,5,0.7205539306361561
2022-11-07,Healthcare,0.022810000000000007,0.23034833333333332,0.08424441682863518,16,5,0.9094995399316231
2022-11-07,Industrials,0.0,0.158,0.11012428966962491,7,4,0.49222331689148374
2022-11-07,Materials,0.0,0.0,0.037334189434885166,5,4,0.45151468487754115
2022-11-07,RealEstate,0.08450500000000001,-0.05464,0.09632378292652095,13,4,0.6953234012523447
2022-11-07,Tech,0.1505207619047619,0.055600000000000004,0.07194006889575039,27,5,0.924468041392147
2022-11-07,Utilities,0.004706666666666667,0.246948,0.18019596260894483,12,5,0.7702153807430859
2022-11-08,Comm,0.06702,-0.11741066666666666,0.07387771100559685,17,4,0.319262999978818
2022-11-08,Consumer,0.05092333333333331,0.08952983333333334,0.09055264449675016,31,5,0.6502031980735727
2022-11-08,Energy,0.1140625,0.07273981818181818,0.13705594133356666,21,4,0.6341415337549917
2022-11-08,Financials,0.037186666666666666,0.05708666666666666,0.08584775704591392,7,3,0.4343146913748387
2022-11-08,Healthcare,-0.03793066666666666,0.022810000000000007,0.0786594698442138,20,5,0.6544562407408439
2022-11-08,Industrials,0.052469999999999996,0.0,0.10011299060874992,5,4,0.45151468487754115
2022-11-08,Materials,0.03894857142857143,0.0,0.033940172213531974,12,4,0.4364553824210819
2022-11-08,RealEstate,0.12476000000000001,0.08450500000000001,0.09524934811501903,2,2,0.13187198158574429
2022-11-08,Tech,0.09983095238095238,0.1505207619047619,0.07908376826020597,23,5,0.910752311114937
2022-11-08,Utilities,0.11383999999999998,0.004706666666666667,0.16424239025055593,3,3,0.27071301834358413
2022-11-09,Comm,0.0,0.06702,0.07325428273236077,6,3,0.2795223152351191
2022-11-09,Consumer,0.04199666666666667,0.05092333333333331,0.08694997984553043,33,4,0.35251817154201304
2022-11-09,Energy,-0.02588999999999999,0.1140625,0.1349656284850606,14,4,0.5938104120176042
2022-11-09,Financials,0.09736,0.037186666666666666,0.08142402155689143,6,4,0.4192834728526787
2022-11-09,Healthcare,0.10087533333333334,-0.03793066666666666,0.06806036652504285,17,4,0.7072281645100398
2022-11-09,Industrials,0.0843,0.052469999999999996,0.09578180964431811,4,3,0.2936912191374818
2022-11-09,Materials,0.0,0.03894857142857143,0.03439548123308101,3,2,0.1624278110061505
2022-11-09,RealEstate,0.04046,0.12476000000000001,0.09793213465001731,3,2,0.1624278110061505
2022-11-09,Tech,0.04582000000000001,0.09983095238095238,0.08096987590754655,13,4,0.6953234012523447
2022-11-09,Utilities,0.11695000000000003,0.11383999999999998,0.15966035477323262,5,4,0.45151468487754115
2022-11-10,Comm,0.04046,0.0,0.06659480248396435,6,5,0.6289252092790181
2022-11-10,Consumer,-0.012486666666666663,0.04199666666666667,0.08286331501108826,23,5,0.6936193097895217
2022-11-10,Energy,0.09074266666666667,-0.02588999999999999,0.12034238953187326,15,5,0.7774469440626567
2022-11-10,Financials,0.0256,0.09736,0.0828727468699013,9,5,0.7954210594594292
2022-11-10,Healthcare,0.25809,0.10087533333333334,0.07104354532579653,8,5,0.6384827856042757
2022-11-10,Industrials,0.059179999999999996,0.0843,0.09473800876756192,6,3,0.3593858338737245
2022-11-10,Materials,0.0,0.0,0.03126861930280092,3,2,0.1624278110061505
2022-11-10,RealEstate,0.08234999999999999,0.04046,0.09270739513637938,7,4,0.3885973554406451
2022-11-10,Tech,0.07427292307692308,0.04582000000000001,0.07777443264322413,28,5,0.6851762060055064
2022-11-10,Utilities,0.15811,0.11695000000000003,0.1557775952483933,4,2,0.2202684143531114
2022-11-11,Comm,0.0,0.04046,0.06421891134905848,7,5,0.6712136139429324
2022-11-11,Consumer,0.22184733333333334,-0.012486666666666663,0.07419513485856509,19,5,0.8504196418311428
2022-11-11,Energy,0.14111057142857142,0.09074266666666667,0.1176515056350363,16,5,0.6139121894538456
2022-11-11,Financials,0.10765333333333334,0.0256,0.0776661335180921,8,5,0.6384827856042757
2022-11-11,Healthcare,0.22604666666666667,0.25809,0.08804776847799685,5,3,0.2873275267402535
2022-11-11,Industrials,0.12947333333333333,0.059179999999999996,0.09150546251596536,5,2,0.24312329185713755
2022-11-11,Materials,0.0765,0.0,0.02842601754800083,5,2,0.24312329185713755
2022-11-11,RealEstate,0.31967999999999996,0.08234999999999999,0.09176581376034489,3,3,0.27071301834358413
2022-11-11,Tech,0.13764428571428572,0.07427292307692308,0.07745611359174223,14,5,0.5414153756631096
2022-11-11,Utilities,0.11735999999999999,0.15811,0.1559896320439939,6,5,0.6289252092790181
2022-11-14,Comm,0.352572619047619,0.0,0.058380828499144076,17,5,0.7072281645100398
2022-11-14,Consumer,0.16784295900178253,0.22184733333333334,0.08761806199263493,37,5,0.6261616452952007
2022-11-14,Energy,0.19078043123543123,0.14111057142857142,0.11978414797990314,36,5,0.7485736559493316
2022-11-14,Financials,0.2360666666666667,0.10765333333333334,0.08039224259220493,16,5,0.7441359872167826
2022-11-14,Healthcare,0.17359,0.22604666666666667,0.100593122858785,18,5,0.8293345103344136
2022-11-14,Industrials,-0.02479,0.12947333333333333,0.09495708713572608,11,4,0.4781903015029227
2022-11-14,Materials,0.06600000000000002,0.0765,0.032796379589091665,4,3,0.2936912191374818
2022-11-14,RealEstate,0.18324666666666667,0.31967999999999996,0.11248528523667715,5,3,0.2873275267402535
2022-11-14,Tech,0.0859075702075702,0.13764428571428572,0.08292776560288254,32,5,0.6725648456264933
2022-11-14,Utilities,0.057905000000000005,0.11735999999999999,0.1524778473127217,12,5,0.7702153807430859
2022-11-15,Comm,-0.06178,0.352572619047619,0.08512553673082361,7,4,0.49222331689148385
2022-11-15,Consumer,0.06780666666666665,0.16784295900178253,0.09491123444801199,49,5,0.47214687526249033
2022-11-15,Energy,0.35042285714285715,0.19078043123543123,0.12623835554858748,16,5,0.663688853463617
2022-11-15,Financials,0.05032000000000001,0.2360666666666667,0.09454446296261054,7,3,0.351588083493917
2022-11-15,Healthcare,0.20067000000000004,0.17359,0.10722920259889546,15,5,0.7247386766685783
2022-11-15,Industrials,0.07943,-0.02479,0.08407098830520553,4,3,0.2936912191374818
2022-11-15,Materials,0.23030999999999996,0.06600000000000002,0.03581489053553788,5,4,0.45151468487754115
2022-11-15,RealEstate,0.09878,0.18324666666666667,0.11891813809394894,1,1,0.03625384938440364
2022-11-15,Tech,0.10924200000000002,0.0859075702075702,0.08319865693058141,21,4,0.7063202449140965
2022-11-15,Utilities,0.0551,0.057905000000000005,0.14388031573883792,1,1,0.03625384938440364
2022-11-16,Comm,0.14805333333333334,-0.06178,0.07177048793711238,5,3,0.2873275267402535
2022-11-16,Consumer,0.06772833333333333,0.06780666666666665,0.09244718283152605,36,5,0.5487425528781117
2022-11-16,Energy,0.215822,0.35042285714285715,0.1466187647844302,12,5,0.5951664305742027
2022-11-16,Financials,0.039,0.05032000000000001,0.09052405723873685,15,5,0.700976752843379
2022-11-16,Healthcare,0.1297066666666667,0.20067000000000004,0.1157238205444504,8,4,0.5675402538704672
2022-11-16,Industrials,0.08882,0.07943,0.08364908027745957,8,4,0.5675402538704672
2022-11-16,Materials,0.0,0.23030999999999996,0.05349626412321625,0,0,0.0
2022-11-16,RealEstate,0.16277333333333333,0.09878,0.11708739826722629,5,3,0.2873275267402535
2022-11-16,Tech,0.019121666666666665,0.10924200000000002,0.08556623357325584,40,5,0.6984555719630376
2022-11-16,Utilities,0.17726999999999998,0.0551,0.13580937794439812,6,4,0.5031401674232144
2022-11-17,Comm,-0.010206666666666668,0.14805333333333334,0.07870529206404156,7,4,0.49222331689148385
2022-11-17,Consumer,0.3145645,0.06772833333333333,0.09020001469532671,23,5,0.6757194566336632
2022-11-17,Energy,0.04165033333333333,0.215822,0.1529099679858456,19,4,0.7589766695912349
2022-11-17,Financials,0.213385,0.039,0.08584005203521532,13,5,0.8022962322142438
2022-11-17,Healthcare,0.013486666666666666,0.1297066666666667,0.11699498837374281,10,5,0.720553930636156
2022-11-17,Industrials,0.09228499999999999,0.08882,0.08411916388859961,7,3,0.351588083493917
2022-11-17,Materials,0.14192,0.0,0.04863296738474204,1,1,0.03625384938440364
2022-11-17,RealEstate,0.0,0.16277333333333333,0.12124066509141784,0,0,0.0
2022-11-17,Tech,0.080454,0.019121666666666665,0.07952581839992953,27,5,0.5436010580470676
2022-11-17,Utilities,0.0,0.17726999999999998,0.1395785254039983,0,0,0.0
2022-11-18,Comm,0.0,-0.010206666666666668,0.07062238672488626,2,1,0.06593599079287214
2022-11-18,Consumer,-0.04593714285714286,0.3145645,0.11059678608666064,17,5,0.5531784653098333
2022-11-18,Energy,0.051636,0.04165033333333333,0.14279545574470814,12,3,0.5237464589052984
2022-11-18,Financials,0.10603500000000002,0.213385,0.0974350473047412,8,3,0.4256551904028505
2022-11-18,Healthcare,0.08378333333333333,0.013486666666666666,0.10758514094582679,13,5,0.7276640245664072
2022-11-18,Industrials,-0.008533333333333334,0.09228499999999999,0.08486151262599964,3,1,0.09023767278119472
2022-11-18,Materials,0.13480666666666669,0.14192,0.057113606713401856,5,3,0.2873275267402535
2022-11-18,RealEstate,-0.08092,0.0,0.1102187864467435,3,3,0.27071301834358413
2022-11-18,Tech,0.24895,0.080454,0.07961019854539049,10,4,0.5764431445089249
2022-11-18,Utilities,0.063,0.0,0.12688956854908934,7,4,0.3885973554406451
2022-11-21,Comm,0.20773000000000003,0.0,0.06420216974989659,7,4,0.49222331689148385
2022-11-21,Consumer,0.30248407407407407,-0.04593714285714286,0.09636642890995123,48,5,0.5247936111597097
2022-11-21,Energy,0.1497365,0.051636,0.13450823249518923,25,5,0.7617040283749343
2022-11-21,Financials,0.10144885714285715,0.10603500000000002,0.09821686118612835,19,4,0.685289614291115
2022-11-21,Healthcare,0.1968311111111111,0.08378333333333333,0.10542134025378191,17,4,0.5424371358863411
2022-11-21,Industrials,0.06364666666666667,-0.008533333333333334,0.0763710720842421,7,3,0.4343146913748387
2022-11-21,Materials,0.07450000000000001,0.13480666666666669,0.06417661216369866,6,3,0.3593858338737245
2022-11-21,RealEstate,0.15331999999999998,-0.08092,0.09284253313340317,9,4,0.5879199135134913
2022-11-21,Tech,0.176582,0.24895,0.09500472595035499,19,5,0.8504196418311428
2022-11-21,Utilities,0.089925,0.063,0.12108142595371758,9,4,0.5408863204324119
2022-11-22,Comm,0.09828666666666666,0.20773000000000003,0.07725015431808782,3,1,0.09023767278119472
2022-11-22,Consumer,0.013168666666666657,0.30248407407407407,0.1151043966521442,24,5,0.6142577050535102
2022-11-22,Energy,-0.07602533333333333,0.1497365,0.13589262045017203,12,4,0.5951664305742027
2022-11-22,Financials,0.192876,0.10144885714285715,0.09851067900037642,10,4,0.5086263039784631
2022-11-22,Healthcare,0.13656090476190477,0.1968311111111111,0.11373131942263001,26,5,0.9084740573669807
2022-11-22,Industrials,0.14694733333333332,0.06364666666666667,0.0752143079553716,11,4,0.55175804019568
2022-11-22,Materials,0.0,0.07450000000000001,0.06511510196699878,1,1,0.03625384938440364
2022-11-22,RealEstate,-0.16468,0.15331999999999998,0.09834048466673015,2,2,0.13187198158574429
2022-11-22,Tech,0.004435,0.176582,0.10242084177305,12,5,0.7274256373684701
2022-11-22,Utilities,0.0,0.089925,0.11824902359428871,5,3,0.35117808823808755
2022-11-23,Comm,0.00258,0.09828666666666666,0.07916256453159498,4,2,0.2202684143531114
2022-11-23,Consumer,0.26413507936507935,0.013168666666666657,0.10583751210800989,26,4,0.4767878031571388
2022-11-23,Energy,0.24129490476190477,-0.07602533333333333,0.1166273519243988,23,5,0.9107523111149373
2022-11-23,Financials,0.03980000000000001,0.192876,0.10708934454579674,7,3,0.3885973554406451
2022-11-23,Healthcare,0.09760071428571429,0.13656090476190477,0.11580673627165501,16,4,0.62965352764497
2022-11-23,Industrials,0.0,0.14694733333333332,0.08173549208064083,2,2,0.13187198158574429
2022-11-23,Materials,0.029599999999999998,0.0,0.05919554724272617,2,1,0.06593599079287214
2022-11-23,RealEstate,0.13212000000000002,-0.16468,0.07442953151520923,4,3,0.2936912191374818
2022-11-23,Tech,0.174815,0.004435,0.09351303797549998,14,4,0.6817823249091012
2022-11-23,Utilities,0.19207999999999997,0.0,0.1074991123584443,5,4,0.45151468487754115
2022-11-25,Comm,0.269245,0.00258,0.07220051321054088,6,3,0.2795223152351191
2022-11-25,Consumer,0.18268244047619048,0.26413507936507935,0.12022820004047075,37,5,0.7219858548654425
2022-11-25,Energy,0.21078200000000002,0.24129490476190477,0.12796076581871751,13,5,0.6657351714118194
2022-11-25,Financials,0.14007733333333333,0.03980000000000001,0.10097213140526977,13,5,0.7276640245664072
2022-11-25,Healthcare,0.11225742857142858,0.09760071428571429,0.1141516433638422,15,4,0.5412605306765331
2022-11-25,Industrials,0.0,0.0,0.07430499280058259,3,3,0.27071301834358413
2022-11-25,Materials,0.0,0.029599999999999998,0.05650504294793287,2,2,0.13187198158574429
2022-11-25,RealEstate,0.22468000000000005,0.13212000000000002,0.07967411955928111,4,3,0.2936912191374818
2022-11-25,Tech,-0.0030399999999999915,0.174815,0.1009041254322727,10,4,0.48036928709077076
2022-11-25,Utilities,0.17414000000000002,0.19207999999999997,0.11518828396222207,5,4,0.45151468487754115
2022-11-28,Comm,0.14483333333333331,0.269245,0.09011364837321899,4,2,0.1762147314824891
2022-11-28,Consumer,0.04753448351648351,0.18268244047619048,0.12590585826189982,27,4,0.5876173380508789
2022-11-28,Energy,0.013036000000000002,0.21078200000000002,0.13548996892610682,32,5,0.5841706087727256
2022-11-28,Financials,0.06188666666666666,0.14007733333333333,0.10452714976236646,12,4,0.7274256373684701
2022-11-28,Healthcare,0.22847452380952382,0.11225742857142858,0.11397944201907732,24,5,0.9067613741266103
2022-11-28,Industrials,0.005905999999999999,0.0,0.06754999345507506,11,4,0.55175804019568
2022-11-28,Materials,0.04046,0.0,0.051368220861757165,1,1,0.03625384938440364
2022-11-28,RealEstate,0.19124999999999998,0.22468000000000005,0.09285647232661919,3,2,0.1624278110061505
2022-11-28,Tech,0.11016784615384616,-0.0030399999999999915,0.09145465948388427,33,5,0.7685643527965443
2022-11-28,Utilities,0.10212000000000002,0.17414000000000002,0.12054753087474734,2,2,0.13187198158574429
2022-11-29,Comm,0.1632333333333333,0.14483333333333331,0.09508816518777484,7,3,0.3885973554406451
2022-11-29,Consumer,0.11970888888888889,0.04753448351648351,0.11878118783049833,23,4,0.59849437587553
2022-11-29,Energy,0.04276863636363636,0.013036000000000002,0.12435778993282438,29,5,0.6680906983738158
2022-11-29,Financials,0.2698966666666667,0.06188666666666666,0.10065074220821194,8,3,0.4643511168031096
2022-11-29,Healthcare,0.19279000000000002,0.22847452380952382,0.12438808581820884,13,5,0.8022962322142437
2022-11-29,Industrials,0.11987999999999999,0.005905999999999999,0.061945994050068245,5,4,0.45151468487754115
2022-11-29,Materials,0.0,0.04046,0.050376564419779224,7,3,0.351588083493917
2022-11-29,RealEstate,0.0,0.19124999999999998,0.1018013384787447,0,0,0.0
2022-11-29,Tech,-0.08916533333333333,0.11016784615384616,0.09315585827206262,15,5,0.7774469440626567
2022-11-29,Utilities,0.10366,0.10212000000000002,0.11887230079522484,5,3,0.35117808823808755
2022-11-30,Comm,0.04576,0.1632333333333333,0.1012831804737347,4,3,0.2936912191374818
2022-11-30,Consumer,0.141774,0.11970888888888889,0.11886552429035202,20,4,0.5530616118936709
2022-11-30,Energy,0.18976685714285713,0.04276863636363636,0.11694059415380728,19,4,0.6358993718196834
2022-11-30,Financials,-0.021520000000000004,0.2698966666666667,0.11603673534079872,10,3,0.3759411812014728
2022-11-30,Healthcare,0.210893,0.19279000000000002,0.1306064416529171,17,5,0.7869158450182133
2022-11-30,Industrials,0.13242,0.11987999999999999,0.0672127218636984,14,4,0.5938104120176042
2022-11-30,Materials,0.22732000000000002,0.0,0.04579687674525384,5,5,0.6321205588285576
2022-11-30,RealEstate,0.08931,0.0,0.09254667134431338,4,3,0.2936912191374818
2022-11-30,Tech,0.014596666666666657,-0.08916533333333333,0.07658120448975389,16,5,0.7921447605856073
2022-11-30,Utilities,0.10178000000000001,0.10366,0.11748936435929531,4,3,0.2936912191374818
2022-12-01,Comm,0.10304666666666666,0.04576,0.09623561861248608,7,5,0.5679499810286353
2022-12-01,Consumer,0.2117695238095238,0.141774,0.1209481129912291,18,5,0.6705257743129303
2022-12-01,Energy,0.20941666666666667,0.18976685714285713,0.12356116351644816,12,5,0.8183538420395288
2022-12-01,Financials,-0.04597233333333333,-0.021520000000000004,0.10353157758254428,16,5,0.8185495859384608
2022-12-01,Healthcare,0.13513666666666668,0.210893,0.1379052196844701,15,5,0.7247386766685783
2022-12-01,Industrials,0.23421333333333333,0.13242,0.07314065623972582,7,4,0.49222331689148385
2022-12-01,Materials,0.07364666666666667,0.22732000000000002,0.062298978859321674,7,4,0.49222331689148374
2022-12-01,RealEstate,0.20901999999999998,0.08931,0.09225242849483034,9,4,0.4361986455100096
2022-12-01,Tech,0.19348100000000001,0.014596666666666657,0.07094624650583688,22,5,0.7354734884414076
2022-12-01,Utilities,0.19726000000000002,0.10178000000000001,0.11606124032663209,5,4,0.45151468487754115
2022-12-02,Comm,0.25708000000000003,0.10304666666666666,0.09685480479922977,10,5,0.786058833421261
2022-12-02,Consumer,0.1462259090909091,0.2117695238095238,0.12920460488380134,24,4,0.6418647929210837
2022-12-02,Energy,0.33565,0.20941666666666667,0.13136620925737713,8,4,0.5675402538704672
2022-12-02,Financials,0.1409753333333333,-0.04597233333333333,0.08994031295382814,16,4,0.663688853463617
2022-12-02,Healthcare,-0.09792999999999999,0.13513666666666668,0.13765353304648795,10,5,0.786058833421261
2022-12-02,Industrials,-0.037032,0.23421333333333333,0.08778362688459923,7,3,0.2734573982730465
2022-12-02,Materials,-0.068,0.07364666666666667,0.06333058684180758,2,2,0.13187198158574429
2022-12-02,RealEstate,0.09966,0.20901999999999998,0.10286766226802757,4,3,0.2936912191374818
2022-12-02,Tech,0.10975190476190474,0.19348100000000001,0.08208576955076079,27,5,0.8588253402282078
2022-12-02,Utilities,0.17018,0.19726000000000002,0.12344294575148371,2,2,0.13187198158574429
2022-12-05,Comm,0.07413828571428571,0.25708000000000003,0.11142073163566342,15,4,0.5412605306765332
2022-12-05,Consumer,0.058953015873015865,0.1462259090909091,0.13075199617535657,39,5,0.9532142903429289
2022-12-05,Energy,0.14214119047619048,0.33565,0.14993746296125193,21,4,0.5910026539077133
2022-12-05,Financials,0.16302,0.1409753333333333,0.09457986026105587,11,4,0.5004317108751516
2022-12-05,Healthcare,0.086604,-0.09792999999999999,0.11623684822407995,16,4,0.701613930804395
2022-12-05,Industrials,0.07020166666666668,-0.037032,0.07643675171327202,10,4,0.5764431445089249
2022-12-05,Materials,0.0,-0.068,0.05139144258346142,2,2,0.13187198158574429
2022-12-05,RealEstate,0.12738,0.09966,0.10257605660729778,3,2,0.1624278110061505
2022-12-05,Tech,0.08838928571428571,0.10975190476190474,0.08460087275177389,18,5,0.7686514973831152
2022-12-05,Utilities,0.166295,0.17018,0.12769176886498518,8,4,0.4643511168031096
2022-12-06,Comm,0.119556,0.07413828571428571,0.10803141837008363,10,4,0.48036928709077076
2022-12-06,Consumer,0.11515,0.058953015873015865,0.12422481614787106,19,5,0.8714176576788252
2022-12-06,Energy,0.2861343333333334,0.14214119047619048,0.14922871091715542,14,5,0.7080047220209896
2022-12-06,Financials,-0.05625345454545454,0.16302,0.10080169114641443,18,3,0.42019615190276954
2022-12-06,Healthcare,0.019797000000000002,0.086604,0.11354295293098178,15,5,0.806784564593323
2022-12-06,Industrials,-0.15014666666666668,0.07020166666666668,0.07586992579994425,5,3,0.2873275267402534
2022-12-06,Materials,0.07366666666666667,0.0,0.04671949325769221,4,2,0.1762147314824891
2022-12-06,RealEstate,0.10178000000000001,0.12738,0.10483096055208889,3,2,0.1624278110061505
2022-12-06,Tech,0.006490666666666675,0.08838928571428571,0.08494527393018404,15,5,0.7774469440626567
2022-12-06,Utilities,-0.01531,0.166295,0.13120115351362288,3,2,0.1624278110061505
2022-12-07,Comm,0.03554,0.119556,0.10907910760916692,7,4,0.5679499810286353
2022-12-07,Consumer,0.14636833333333335,0.11515,0.12339983286170095,14,5,0.6347628542257148
2022-12-07,Energy,0.08345619047619048,0.2861343333333334,0.16167467659135343,19,5,0.775657475516317
2022-12-07,Financials,-0.0019999999999999935,-0.05625345454545454,0.08652395062897181,28,5,0.4268310791509712
2022-12-07,Healthcare,-0.07867476190476189,0.019797000000000002,0.10502059357361979,16,4,0.5456997239589739
2022-12-07,Industrials,0.04588,-0.15014666666666668,0.05532296284843417,2,1,0.06593599079287214
2022-12-07,Materials,0.0,0.07366666666666667,0.0491692362948717,0,0,0.0
2022-12-07,RealEstate,0.27004,0.10178000000000001,0.10455360050189899,5,4,0.45151468487754115
2022-12-07,Tech,0.23148085714285718,0.006490666666666675,0.07781303690622791,25,5,0.8932212706842756
2022-12-07,Utilities,0.21692,-0.01531,0.11788195773965718,3,3,0.27071301834358413
2022-12-08,Comm,0.12355333333333332,0.03554,0.10239373419015174,11,3,0.43915435852309226
2022-12-08,Consumer,0.10427266666666668,0.14636833333333335,0.12548787835912206,28,5,0.8490226900503015
2022-12-08,Energy,0.22983543589743588,0.08345619047619048,0.1545639051263386,28,5,0.6509173957052311
2022-12-08,Financials,0.11402799999999998,-0.0019999999999999935,0.07847631875361073,13,5,0.6657351714118194
2022-12-08,Healthcare,0.035644999999999996,-0.07867476190476189,0.08832101580285782,12,5,0.7702153807430859
2022-12-08,Industrials,0.12439,0.04588,0.0544645116803947,10,4,0.5086263039784631
2022-12-08,Materials,0.068,0.0,0.04469930572261064,2,2,0.13187198158574429
2022-12-08,RealEstate,0.0,0.27004,0.11959781863808998,3,2,0.1624278110061505
2022-12-08,Tech,0.058491,0.23148085714285718,0.09178283874592148,15,3,0.4597804507897433
2022-12-08,Utilities,-0.04526,0.21692,0.12688541612696108,2,2,0.13187198158574429
2022-12-09,Comm,-0.15739999999999998,0.12355333333333332,0.10431733411225916,9,5,0.5879199135134913
2022-12-09,Consumer,0.2950816666666667,0.10427266666666668,0.12355922275071704,24,5,0.705258846542919
2022-12-09,Energy,0.08636095238095237,0.22983543589743588,0.1614067715600747,24,5,0.7418956697399538
2022-12-09,Financials,0.0,0.11402799999999998,0.08170828977600975,11,5,0.6941472118590813
2022-12-09,Healthcare,0.10398666666666667,0.035644999999999996,0.0835322870935071,17,4,0.6573061764269782
2022-12-09,Industrials,0.14728,0.12439,0.06082137425490427,5,4,0.45151468487754115
2022-12-09,Materials,0.06369,0.068,0.04681755065691876,3,2,0.1624278110061505
2022-12-09,RealEstate,0.23876999999999998,0.0,0.1087252896709909,4,3,0.2936912191374818
2022-12-09,Tech,0.10536500000000001,0.058491,0.08875630795083769,13,4,0.4286240144706235
2022-12-09,Utilities,0.07700666666666667,-0.04526,0.11123583284269187,7,4,0.49222331689148385
2022-12-12,Comm,0.03916,-0.15739999999999998,0.08052484919296286,6,3,0.3593858338737245
2022-12-12,Consumer,0.20427416666666667,0.2950816666666667,0.13915217219762155,20,5,0.7408938574424647
2022-12-12,Energy,0.2683230952380952,0.08636095238095237,0.15458442436197267,19,5,0.775657475516317
2022-12-12,Financials,0.09340111111111112,0.0,0.07428026343273614,23,5,0.7758260428016132
2022-12-12,Healthcare,0.0292934335839599,0.10398666666666667,0.08539177614561252,33,5,0.509376374335883
2022-12-12,Industrials,-0.029133333333333334,0.14728,0.06868124932264023,5,3,0.2873275267402535
2022-12-12,Materials,-0.07432,0.06369,0.04835140968810796,2,2,0.13187198158574429
2022-12-12,RealEstate,0.04046,0.23876999999999998,0.12054753606453719,3,3,0.27071301834358413
2022-12-12,Tech,0.15460547619047618,0.10536500000000001,0.09026618904621608,24,5,0.8655449480299461
2022-12-12,Utilities,0.24037999999999998,0.07700666666666667,0.1081240904630532,6,4,0.5031401674232144
2022-12-13,Comm,-0.126008,0.03916,0.07676440835723897,7,3,0.2734573982730465
2022-12-13,Consumer,0.10772702380952381,0.20427416666666667,0.14507235351298928,24,5,0.8045910784503725
2022-12-13,Energy,0.149775,0.2683230952380952,0.16492430353252927,12,5,0.7274256373684701
2022-12-13,Financials,0.13046666666666668,0.09340111111111112,0.0760185223125884,8,4,0.5675402538704672
2022-12-13,Healthcare,0.11637752380952382,0.0292934335839599,0.08029192682182593,28,5,0.5424311630876927
2022-12-13,Industrials,0.20892,-0.029133333333333334,0.059789014535733556,14,4,0.6347628542257148
2022-12-13,Materials,0.09251000000000001,-0.07432,0.03719946335282542,3,2,0.1624278110061505
2022-12-13,RealEstate,-0.06364,0.04046,0.11326685096776105,2,2,0.13187198158574429
2022-12-13,Tech,0.13651579365079364,0.15460547619047618,0.09611521515023971,27,4,0.7443152948644465
2022-12-13,Utilities,0.143075,0.24037999999999998,0.120147354966412,7,4,0.3885973554406451
2022-12-14,Comm,0.11288333333333334,-0.126008,0.058330553052035425,8,3,0.3929124834487851
2022-12-14,Consumer,0.09585083333333333,0.10772702380952381,0.14167732353994694,17,4,0.6007637096375608
2022-12-14,Energy,-0.048950666666666656,0.149775,0.16354709412048113,17,5,0.7449469999505752
2022-12-14,Financials,-0.03418400000000001,0.13046666666666668,0.08096835361750461,11,4,0.55175804019568
2022-12-14,Healthcare,0.15973333333333334,0.11637752380952382,0.08357243563888936,10,4,0.4117451032206606
2022-12-14,Industrials,0.24986000000000003,0.20892,0.07334637685066686,5,4,0.45151468487754115
2022-12-14,Materials,0.03818,0.09251000000000001,0.04222769395711402,4,3,0.2936912191374818
2022-12-14,RealEstate,0.034,-0.06364,0.09718440997069187,7,3,0.4343146913748387
2022-12-14,Tech,0.004423333333333332,0.13651579365079364,0.09978799501392645,11,5,0.7969838358382045
2022-12-14,Utilities,0.0,0.143075,0.12223168633310182,1,1,0.03625384938440364
2022-12-15,Comm,0.074957,0.11288333333333334,0.06328989671397159,12,5,0.5951664305742027
2022-12-15,Consumer,0.14121,0.09585083333333333,0.13751127897570936,19,4,0.6137811327998683
2022-12-15,Energy,0.03632,-0.048950666666666656,0.14422911586710407,20,5,0.7271736008231598
2022-12-15,Financials,0.24985333333333334,-0.03418400000000001,0.0704999578340951,14,4,0.6347628542257148
2022-12-15,Healthcare,0.16280466666666665,0.15973333333333334,0.09049615361111155,19,5,0.685289614291115
2022-12-15,Industrials,0.099384,0.24986000000000003,0.0893930698642426,14,3,0.5578219021983555
2022-12-15,Materials,0.0,0.03818,0.04185972177919456,3,2,0.1624278110061505
2022-12-15,RealEstate,0.034526666666666664,0.034,0.09144037270062896,4,2,0.1762147314824891
2022-12-15,Tech,-0.04237166666666667,0.004423333333333332,0.0911184803156907,30,5,0.7673240367871796
2022-12-15,Utilities,0.32604,0.0,0.11111971484827439,5,4,0.45151468487754115
2022-12-16,Comm,-0.136945,0.074957,0.06435054246724689,11,5,0.7420194333666041
2022-12-16,Consumer,0.14439666666666667,0.14121,0.13784752634155395,21,5,0.8775493951963017
2022-12-16,Energy,0.11407199999999999,0.03632,0.1344191962428219,9,4,0.4361986455100096
2022-12-16,Financials,-0.12965,0.24985333333333334,0.08680481015220766,8,4,0.4643511168031096
2022-12-16,Healthcare,0.16921666666666668,0.16280466666666665,0.09706965479798019,15,5,0.6787235225943828
2022-12-16,Industrials,0.024336000000000003,0.099384,0.09030133624022055,8,3,0.34052415232228034
2022-12-16,Materials,-0.12498000000000001,0.0,0.03805429252654051,1,1,0.03625384938440364
2022-12-16,RealEstate,0.20776,0.034526666666666664,0.08626639942481422,2,2,0.13187198158574429
2022-12-16,Tech,0.12912591666666667,-0.04237166666666667,0.07898301240820367,27,4,0.4854230183898565
2022-12-16,Utilities,0.12691000000000002,0.32604,0.13065792258934034,6,2,0.2515700837116072
2022-12-19,Comm,0.146765,-0.136945,0.04605094769749718,11,4,0.32117259056166453
2022-12-19,Consumer,0.16665978021978023,0.14439666666666667,0.138442902734746,29,5,0.6844521032319502
2022-12-19,Energy,0.07206955555555555,0.11407199999999999,0.13256945112983803,21,5,0.6840739379876684
2022-12-19,Financials,0.010348380952380947,-0.12965,0.0671271001383706,20,5,0.7853474888890126
2022-12-19,Healthcare,0.05440266666666667,0.16921666666666668,0.10362847405876988,20,5,0.8726083209877918
2022-12-19,Industrials,0.172035,0.024336000000000003,0.08430448749110958,11,4,0.6520776838676219
2022-12-19,Materials,0.03292666666666667,-0.12498000000000001,0.023232993205945913,4,2,0.1762147314824891
2022-12-19,RealEstate,0.16439499999999999,0.20776,0.09731127220437656,14,5,0.8367328532975332
2022-12-19,Tech,0.012095333333333328,0.12912591666666667,0.08354145824988211,24,5,0.7140745821247054
2022-12-19,Utilities,0.16789,0.12691000000000002,0.13031720235394578,6,3,0.3593858338737245
2022-12-20,Comm,0.18295,0.146765,0.05520677063408834,4,3,0.2936912191374818
2022-12-20,Consumer,0.07556311688311688,0.16665978021978023,0.14100807341520366,22,4,0.5311752972076832
2022-12-20,Energy,0.2606875,0.07206955555555555,0.1270694606230851,17,5,0.6573061764269782
2022-12-20,Financials,0.25217757575757577,0.010348380952380947,0.06196539839418972,17,5,0.42008289470897103
2022-12-20,Healthcare,0.1853138888888889,0.05440266666666667,0.09915340065948774,18,5,0.5836057665316243
2022-12-20,Industrials,0.09450499999999999,0.172035,0.09227998862828143,13,4,0.6953234012523447
2022-12-20,Materials,0.18601333333333334,0.03292666666666667,0.02411423624782962,7,4,0.49222331689148374
2022-12-20,RealEstate,0.022615000000000003,0.16439499999999999,0.10340979291306959,5,2,0.185917811420164
2022-12-20,Tech,0.15711499999999998,0.012095333333333328,0.07704635598474131,15,4,0.7501681039201075
2022-12-20,Utilities,0.34900666666666663,0.16789,0.13373291123085979,8,4,0.5107862284834206
2022-12-21,Comm,-0.04151,0.18295,0.06681979148553487,8,3,0.26883485709653715
2022-12-21,Consumer,-0.0598789393939394,0.07556311688311688,0.13505853191228667,46,5,0.36924715543206155
2022-12-21,Energy,0.04105666666666667,0.2606875,0.13921655511189554,10,4,0.5764431445089249
2022-12-21,Financials,0.021816428571428577,0.25217757575757577,0.07925741451813391,14,4,0.5259463649298779
2022-12-21,Healthcare,0.16837833333333335,0.1853138888888889,0.10698617231670604,16,5,0.7441359872167826
2022-12-21,Industrials,0.3542409523809524,0.09450499999999999,0.09248226238934676,14,4,0.5578219021983555
2022-12-21,Materials,0.10184,0.18601333333333334,0.03883233598287541,3,3,0.27071301834358413
2022-12-21,RealEstate,-0.026066666666666665,0.022615000000000003,0.09606481173915418,5,3,0.2873275267402534
2022-12-21,Tech,0.18500171428571427,0.15711499999999998,0.08432532362249211,20,5,0.7551418162394353
2022-12-21,Utilities,0.18202000000000002,0.34900666666666663,0.15330325263411496,2,2,0.13187198158574429
2022-12-22,Comm,0.01531999999999999,-0.04151,0.05697162862321351,9,3,0.4662813107175965
2022-12-22,Consumer,0.05549777777777778,-0.0598789393939394,0.11733694361172067,23,4,0.59849437587553
2022-12-22,Energy,0.378585,0.04105666666666667,0.13029292888960203,12,5,0.6891400775069715
2022-12-22,Financials,0.321408,0.021816428571428577,0.07403550670479705,12,5,0.654683073631623
2022-12-22,Healthcare,0.03240833333333333,0.16837833333333335,0.11256727786367215,13,4,0.6953234012523447
2022-12-22,Industrials,0.12306666666666666,0.3542409523809524,0.11627850693403818,16,4,0.598938721418386
2022-12-22,Materials,0.0,0.10184,0.04456030543897764,2,2,0.13187198158574429
2022-12-22,RealEstate,0.0,-0.026066666666666665,0.08496195006589773,0,0,0.0
2022-12-22,Tech,-0.11699016666666666,0.18500171428571427,0.09347772277369412,30,5,0.9160909418785717
2022-12-22,Utilities,0.0,0.18202000000000002,0.1559138660310136,2,2,0.13187198158574429
2022-12-23,Comm,0.1233,0.01531999999999999,0.0531851169301941,4,2,0.1762147314824891
2022-12-23,Consumer,0.09803,0.05549777777777778,0.1117152012631804,13,4,0.5689009646610094
2022-12-23,Energy,0.020424000000000005,0.378585,0.15286493535418363,9,4,0.4361986455100096
2022-12-23,Financials,0.180484,0.321408,0.09652391518617913,10,4,0.5086263039784631
2022-12-23,Healthcare,-0.08187499999999999,0.03240833333333333,0.10528010108818679,7,3,0.351588083493917
2022-12-23,Industrials,0.05006999999999999,0.12306666666666666,0.11689561236427712,7,4,0.5679499810286353
2022-12-23,Materials,0.0,0.0,0.040509368580888765,1,1,0.03625384938440364
2022-12-23,RealEstate,0.0,0.0,0.0772381364235434,0,0,0.0
2022-12-23,Tech,0.05826050000000001,-0.11699016666666666,0.07434427827911586,17,3,0.5321049999646966
2022-12-23,Utilities,0.18372000000000002,0.0,0.14173987821001235,3,2,0.1624278110061505
2022-12-27,Comm,0.16654,0.1233,0.059559197209267355,11,3,0.43915435852309226
2022-12-27,Consumer,0.25170176046176046,0.09803,0.11047109205743673,35,5,0.8132112588652464
2022-12-27,Energy,0.20916189010989011,0.020424000000000005,0.14082485032198513,37,5,0.7707961661802893
2022-12-27,Financials,0.14616,0.180484,0.10415665016925377,12,5,0.8729107648421642
2022-12-27,Healthcare,0.10937800000000002,-0.08187499999999999,0.08826600098926073,20,5,0.8354760520095879
2022-12-27,Industrials,0.13889833333333335,0.05006999999999999,0.11082055669479737,20,4,0.7139522626263751
2022-12-27,Materials,0.17012000000000002,0.0,0.036826698709898874,2,2,0.13187198158574429
2022-12-27,RealEstate,0.276205,0.0,0.07021648765776671,10,5,0.6651267052026055
2022-12-27,Tech,-0.02400274458874459,0.05826050000000001,0.07288211661737806,28,5,0.751058533506036
2022-12-27,Utilities,0.07845866666666668,0.18372000000000002,0.14555625291819305,9,3,0.38634737173743705
2022-12-28,Comm,0.07746700000000001,0.16654,0.0692847247356976,10,3,0.4117451032206606
2022-12-28,Consumer,0.0663,0.25170176046176046,0.12331024373055706,8,4,0.6384827856042757
2022-12-28,Energy,0.06325333333333334,0.20916189010989011,0.14703730848452196,13,3,0.46700825457247036
2022-12-28,Financials,0.05403,0.14616,0.10797513651750341,11,3,0.4781903015029227
2022-12-28,Healthcare,0.19902799999999998,0.10937800000000002,0.09018527362660066,12,5,0.5951664305742027
2022-12-28,Industrials,0.048516666666666666,0.13889833333333335,0.11337308184375519,9,3,0.4662813107175965
2022-12-28,Materials,0.02732,0.17012000000000002,0.04894427155445352,4,3,0.2936912191374818
2022-12-28,RealEstate,0.16818666666666668,0.276205,0.08894271605251518,4,2,0.1762147314824891
2022-12-28,Tech,0.08660999999999999,-0.02400274458874459,0.064074401962276,14,4,0.6347628542257148
2022-12-28,Utilities,0.08196,0.07845866666666668,0.13945647234987246,4,3,0.2936912191374818
2022-12-29,Comm,-0.004530000000000001,0.07746700000000001,0.07002856794154327,4,3,0.2936912191374818
2022-12-29,Consumer,0.16604888888888888,0.0663,0.11812749430050642,22,5,0.7588218531538331
2022-12-29,Energy,0.032537857142857146,0.06325333333333334,0.13942058347077751,16,4,0.62965352764497
2022-12-29,Financials,0.05306999999999999,0.05403,0.1030710331977304,12,5,0.8183538420395288
2022-12-29,Healthcare,0.11639600000000001,0.19902799999999998,0.10008006693327332,12,4,0.5692896292448897
2022-12-29,Industrials,0.05450166666666667,0.048516666666666666,0.10747704410038353,10,4,0.5764431445089249
2022-12-29,Materials,0.06914000000000001,0.02732,0.04697842868586684,4,2,0.2202684143531114
2022-12-29,RealEstate,0.08092,0.16818666666666668,0.09614671156289259,6,4,0.5031401674232144
2022-12-29,Tech,0.17852666666666667,0.08660999999999999,0.06612309269297817,13,5,0.8456635961177164
2022-12-29,Utilities,0.0060599999999999985,0.08196,0.13422952031806587,2,2,0.13187198158574429
2022-12-30,Comm,0.0024319999999999954,-0.004530000000000001,0.06325051631049389,8,3,0.34052415232228034
2022-12-30,Consumer,0.11475514285714286,0.16604888888888888,0.12248398471763208,25,5,0.6639452225941941
2022-12-30,Energy,0.18371500000000002,0.032537857142857146,0.1297039719864211,14,5,0.8003531640237274
2022-12-30,Financials,0.05106000000000001,0.05306999999999999,0.09852548472520943,3,2,0.1624278110061505
2022-12-30,Healthcare,0.049696000000000004,0.11639600000000001,0.10156333357570302,7,3,0.2734573982730465
2022-12-30,Industrials,0.13340000000000002,0.05450166666666667,0.10266110069731833,5,3,0.35117808823808755
2022-12-30,Materials,-0.03182,0.06914000000000001,0.04899311698715167,2,1,0.06593599079287214
2022-12-30,RealEstate,0.03182,0.08092,0.09476246505717509,3,2,0.1624278110061505
2022-12-30,Tech,0.044517714285714285,0.17852666666666667,0.07634159941785895,22,5,0.8242375301498532
2022-12-30,Utilities,0.07731999999999999,0.0060599999999999985,0.12257774574369625,5,5,0.6321205588285576
2023-01-03,Comm,0.003713714285714284,0.0024319999999999954,0.05772156028226716,16,3,0.5456997239589739
2023-01-03,Consumer,0.11797222222222223,0.11475514285714286,0.12178136273031488,34,5,0.7084125619196879
2023-01-03,Energy,0.3389952222222222,0.18371500000000002,0.134614065442201,32,5,0.817838852281816
2023-01-03,Financials,0.11796500000000001,0.05106000000000001,0.0942104406592813,18,5,0.9269032762561095
2023-01-03,Healthcare,0.28784333333333334,0.049696000000000004,0.09684812143245729,14,5,0.6347628542257148
2023-01-03,Industrials,0.07840133333333335,0.13340000000000002,0.10545554608847121,13,4,0.6135206481638334
2023-01-03,Materials,0.10212000000000002,-0.03182,0.0416464699883197,4,4,0.4405368287062228
2023-01-03,RealEstate,0.17453000000000002,0.03182,0.08904042277925008,9,4,0.34672200027718714
2023-01-03,Tech,0.10776021116138763,0.044517714285714285,0.07344851895130033,51,5,0.6871607186264472
2023-01-03,Utilities,0.10846,0.07731999999999999,0.11846340522154204,4,4,0.4405368287062228
2023-01-04,Comm,0.028546666666666685,0.003713714285714284,0.05281175610076235,6,3,0.3593858338737245
2023-01-04,Consumer,0.07606457142857143,0.11797222222222223,0.12143507722957918,24,5,0.840087743676124
2023-01-04,Energy,0.25398983333333336,0.3389952222222222,0.15319417060402113,27,5,0.924468041392147
2023-01-04,Financials,0.1653693333333333,0.11796500000000001,0.09636994605389208,14,4,0.5578219021983555
2023-01-04,Healthcare,0.14026200000000003,0.28784333333333334,0.1142113225143551,13,4,0.6385623072725615
2023-01-04,Industrials,0.08460166666666666,0.07840133333333335,0.10299607220164049,13,3,0.5129434927271395
2023-01-04,Materials,0.04404,0.10212000000000002,0.04714406362574518,4,2,0.2202684143531114
2023-01-04,RealEstate,0.07224,0.17453000000000002,0.09681220252659098,2,2,0.13187198158574429
2023-01-04,Tech,0.0344045,0.10776021116138763,0.0765677636976719,26,5,0.8198424420141046
2023-01-04,Utilities,0.15975,0.10846,0.1175540047468564,8,4,0.4643511168031096
2023-01-05,Comm,0.083588,0.028546666666666685,0.050605838879480926,8,3,0.34052415232228034
2023-01-05,Consumer,0.23768650793650795,0.07606457142857143,0.11731048579312393,21,5,0.6250171951398121
2023-01-05,Energy,0.24221202380952384,0.25398983333333336,0.16235741267032222,22,5,0.7243299507377499
2023-01-05,Financials,0.05521666666666666,0.1653693333333333,0.10264261762475038,15,5,0.7247386766685783
2023-01-05,Healthcare,0.157785,0.14026200000000003,0.116579565922141,12,5,0.6891400775069717
2023-01-05,Industrials,0.13137,0.08460166666666666,0.10132385351664286,6,4,0.5031401674232144
2023-01-05,Materials,0.12264,0.04404,0.046861876023404705,7,5,0.6712136139429324
2023-01-05,RealEstate,0.08946666666666667,0.07224,0.09457836593326452,4,2,0.1762147314824891
2023-01-05,Tech,0.22351533333333334,0.0344045,0.07273473972515627,27,5,0.9128395125696044
2023-01-05,Utilities,0.14878666666666668,0.15975,0.12139000431532398,8,4,0.5107862284834206
2023-01-06,Comm,0.24178666666666668,0.083588,0.05360421716316448,9,5,0.7116925268847526
2023-01-06,Consumer,0.13477,0.23768650793650795,0.12825376053343157,10,4,0.5764431445089249
2023-01-06,Energy,0.16854438095238095,0.24221202380952384,0.16961692277388601,22,5,0.796762945811525
2023-01-06,Financials,0.07393333333333335,0.05521666666666666,0.09833116753765185,13,4,0.4171940407514068
2023-01-06,Healthcare,0.06390333333333334,0.157785,0.12032551447467363,9,5,0.7116925268847526
2023-01-06,Industrials,0.010115,0.13137,0.10405532137876623,6,2,0.2515700837116072
2023-01-06,Materials,0.0,0.12264,0.05375079638491337,5,2,0.24312329185713755
2023-01-06,RealEstate,0.012665000000000001,0.08946666666666667,0.09411366599993744,4,1,0.1101342071765557
2023-01-06,Tech,0.2859552380952381,0.22351533333333334,0.08644206641680874,21,5,0.8775493951963017
2023-01-06,Utilities,0.009000000000000003,0.14878666666666668,0.12388060998362786,2,1,0.06593599079287214
2023-01-09,Comm,0.26422999999999996,0.24178666666666668,0.07071171257257378,9,4,0.4361986455100096
2023-01-09,Consumer,0.14632238095238095,0.13477,0.12884614593948324,25,4,0.7094728950006531
2023-01-09,Energy,0.29806190476190475,0.16854438095238095,0.16951941897193099,22,5,0.7710609153014757
2023-01-09,Financials,0.06769607142857142,0.07393333333333335,0.09611318260998654,25,5,0.7808663938686434
2023-01-09,Healthcare,0.1583733333333333,0.06390333333333334,0.11519622528000632,14,4,0.7363249109018293
2023-01-09,Industrials,0.171765,0.010115,0.09551529216251477,11,4,0.6520776838676219
2023-01-09,Materials,0.08038,0.0,0.04886436034992124,10,5,0.6651267052026054
2023-01-09,RealEstate,-0.017959999999999997,0.012665000000000001,0.08670924181812495,9,3,0.40976236396394844
2023-01-09,Tech,0.12115619047619046,0.2859552380952381,0.10457962747848412,24,5,0.8400877436761242
2023-01-09,Utilities,0.07377666666666667,0.009000000000000003,0.11343691816693442,8,5,0.6384827856042757
2023-01-10,Comm,0.20980333333333334,0.26422999999999996,0.08830428415688524,7,3,0.4343146913748387
2023-01-10,Consumer,0.10989238095238094,0.14632238095238095,0.1304348945770194,13,5,0.5129434927271396
2023-01-10,Energy,0.04492685714285714,0.29806190476190475,0.18120509949829225,16,5,0.6139121894538456
2023-01-10,Financials,0.09431809523809524,0.06769607142857142,0.09352980886622152,25,4,0.726068752193651
2023-01-10,Healthcare,0.03104642857142857,0.1583733333333333,0.11912141692121787,13,4,0.46700825457247036
2023-01-10,Industrials,0.21083,0.171765,0.10244708378410432,11,4,0.3912466103205731
2023-01-10,Materials,0.08038,0.08038,0.0517294184999284,3,3,0.27071301834358413
2023-01-10,RealEstate,0.068,-0.017959999999999997,0.0771938561982954,5,4,0.45151468487754115
2023-01-10,Tech,0.23811809523809524,0.12115619047619046,0.10608658775100288,21,5,0.7063202449140965
2023-01-10,Utilities,-0.025,0.07377666666666667,0.10983144075781917,2,1,0.06593599079287214
2023-01-11,Comm,0.27157,0.20980333333333334,0.09934965226383508,8,4,0.5675402538704672
2023-01-11,Consumer,0.03772633333333334,0.10989238095238094,0.1285673933384159,21,5,0.8956431971591121
2023-01-11,Energy,0.13579000000000002,0.04492685714285714,0.16881616837507085,9,3,0.40976236396394844
2023-01-11,Financials,0.08720539682539682,0.09431809523809524,0.09360147126366458,24,4,0.6720701949408994
2023-01-11,Healthcare,0.07453666666666667,0.03104642857142857,0.11111459979850975,13,5,0.7276640245664072
2023-01-11,Industrials,0.003300000000000003,0.21083,0.11230007616736756,4,3,0.2936912191374818
2023-01-11,Materials,0.18496166666666666,0.08038,0.054334016818116726,10,4,0.5764431445089249
2023-01-11,RealEstate,0.03818,0.068,0.07635805108935946,5,3,0.35117808823808755
2023-01-11,Tech,0.06118666666666667,0.23811809523809524,0.11808945206801127,17,5,0.7869158450182133
2023-01-11,Utilities,0.052160000000000005,-0.025,0.09757403705256287,4,3,0.2936912191374818
2023-01-12,Comm,0.11270933333333333,0.27157,0.11500604751257733,14,4,0.5578219021983555
2023-01-12,Consumer,0.06558492307692308,0.03772633333333334,0.12030911515613567,28,5,0.6792181520402412
2023-01-12,Energy,0.014919642857142859,0.13579000000000002,0.1658137894318826,20,4,0.6041134529915481
2023-01-12,Financials,0.10104057142857144,0.08720539682539682,0.09302000995109479,23,5,0.732423187260264
2023-01-12,Healthcare,0.07419,0.07453666666666667,0.10778933315016037,7,4,0.49222331689148385
2023-01-12,Industrials,0.11552166666666666,0.003300000000000003,0.10239097833397051,14,4,0.5938104120176042
2023-01-12,Materials,0.12682,0.18496166666666666,0.06620925771343944,5,4,0.45151468487754115
2023-01-12,RealEstate,0.03626,0.03818,0.07288731917214496,5,4,0.45151468487754115
2023-01-12,Tech,0.05665833333333333,0.06118666666666667,0.11291647157697995,13,5,0.8022962322142437
2023-01-12,Utilities,0.13546666666666668,0.052160000000000005,0.09344548822960261,7,4,0.49222331689148385
2023-01-13,Comm,0.08791,0.11270933333333333,0.11479725531446423,2,1,0.06593599079287214
2023-01-13,Consumer,0.19112266666666666,0.06558492307692308,0.11533418860347996,17,5,0.7449469999505752
2023-01-13,Energy,0.15798928571428572,0.014919642857142859,0.1520961397432699,14,4,0.5259463649298779
2023-01-13,Financials,0.07947461871461872,0.10104057142857144,0.09374915190359265,48,5,0.5382812974278329
2023-01-13,Healthcare,0.1876533333333333,0.07419,0.1047348483183276,8,4,0.5675402538704672
2023-01-13,Industrials,0.037660000000000006,0.11552166666666666,0.10358467727330653,11,4,0.5517580401956801
2023-01-13,Materials,0.28611,0.12682,0.07171932519403586,10,5,0.786058833421261
2023-01-13,RealEstate,0.02023,0.03626,0.06955756288376815,4,3,0.2936912191374818
2023-01-13,Tech,0.100065,0.05665833333333333,0.10780209537301207,14,5,0.8367328532975332
2023-01-13,Utilities,0.19615,0.13546666666666668,0.09726559536024479,4,3,0.2936912191374818
2023-01-17,Comm,0.20365666666666668,0.08791,0.11235295937678566,13,4,0.5689009646610094
2023-01-17,Consumer,0.23867834285714284,0.19112266666666666,0.12222405024558784,51,5,0.6477965927773606
2023-01-17,Energy,0.07150682352941176,0.15798928571428572,0.15263188028608948,40,5,0.5945960073588684
2023-01-17,Financials,0.16197535265856514,0.07947461871461872,0.09245146706823137,100,5,0.5753739919095779
2023-01-17,Healthcare,0.26210944444444445,0.1876533333333333,0.11227289241060086,33,5,0.7967168931920223
2023-01-17,Industrials,0.23599,0.037660000000000006,0.097591524793915,13,4,0.6953234012523447
2023-01-17,Materials,0.13084,0.28611,0.0912093865400326,7,3,0.3885973554406451
2023-01-17,RealEstate,0.10565,0.02023,0.06507323898524377,8,4,0.4643511168031096
2023-01-17,Tech,0.13110147619047618,0.100065,0.10709872306637461,46,5,0.8106460538795834
2023-01-17,Utilities,0.17053,0.19615,0.10625508669113162,8,4,0.4643511168031096
2023-01-18,Comm,0.0,0.20365666666666668,0.12065329640313849,3,3,0.27071301834358413
2023-01-18,Consumer,0.17725522222222223,0.23867834285714284,0.13281080411936558,27,5,0.8691106736441143
2023-01-18,Energy,0.2611583333333333,0.07150682352941176,0.14525687512639154,21,5,0.7179949597060651
2023-01-18,Financials,0.20040730158730158,0.16197535265856514,0.09877182030371627,26,5,0.7727250602891561
2023-01-18,Healthcare,0.08628,0.26210944444444445,0.12589439714095027,10,4,0.6176176548309908
2023-01-18,Industrials,-0.07565999999999999,0.23599,0.11017320435810456,8,4,0.4643511168031096
2023-01-18,Materials,0.10169500000000001,0.13084,0.09481216958184782,7,3,0.351588083493917
2023-01-18,RealEstate,0.015696666666666668,0.10565,0.0687620354411307,8,3,0.26883485709653715
2023-01-18,Tech,0.22094714285714287,0.13110147619047618,0.10928079153220202,18,5,0.7162434407433574
2023-01-18,Utilities,0.16392,0.17053,0.11209826062830146,3,3,0.27071301834358413
2023-01-19,Comm,0.06148666666666667,0.0,0.10968481491194408,11,3,0.5248430138446711
2023-01-19,Consumer,0.010828142857142857,0.17725522222222223,0.1368512057650798,24,5,0.9213865575802652
2023-01-19,Energy,0.09292,0.2611583333333333,0.1557933713270226,14,4,0.613604092418191
2023-01-19,Financials,0.07750483333333333,0.20040730158730158,0.10801140951131494,22,5,0.8102674025201947
2023-01-19,Healthcare,-0.04486333333333333,0.08628,0.1222930883099548,10,4,0.5764431445089249
2023-01-19,Industrials,0.05073,-0.07565999999999999,0.09327927668918594,7,4,0.5679499810286353
2023-01-19,Materials,0.12340166666666667,0.10169500000000001,0.09543788143804346,11,4,0.6520776838676219
2023-01-19,RealEstate,0.08113999999999999,0.015696666666666668,0.06393791100708851,10,4,0.5764431445089249
2023-01-19,Tech,0.03716,0.22094714285714287,0.11943227801628756,12,3,0.4849504249123133
2023-01-19,Utilities,0.16392,0.16392,0.11680932784391043,5,5,0.6321205588285576
2023-01-20,Comm,0.042293333333333336,0.06148666666666667,0.10530316507146431,11,3,0.3647214164005343
2023-01-20,Consumer,0.005013333333333337,0.010828142857142857,0.1253945636825401,18,5,0.8293345103344139
2023-01-20,Energy,0.1764695769230769,0.09292,0.15007761029729327,31,4,0.6777736517021341
2023-01-20,Financials,0.09187533333333334,0.07750483333333333,0.10523808440422569,24,5,0.8045910784503725
2023-01-20,Healthcare,0.09165333333333334,-0.04486333333333333,0.10709704997874678,14,5,0.7080047220209895
2023-01-20,Industrials,-0.003159999999999996,0.05073,0.08941116062653268,5,3,0.35117808823808755
2023-01-20,Materials,0.10002666666666667,0.12340166666666667,0.09798004373155467,5,3,0.2873275267402535
2023-01-20,RealEstate,0.04528666666666666,0.08113999999999999,0.06550173727917137,8,3,0.3929124834487851
2023-01-20,Tech,0.07177066666666668,0.03716,0.11195298001480687,26,5,0.7727250602891559
2023-01-20,Utilities,0.09038333333333333,0.16392,0.12109211622173674,7,3,0.4343146913748387
2023-01-23,Comm,0.060814999999999994,0.042293333333333336,0.09957499854981602,10,3,0.4117451032206606
2023-01-23,Consumer,0.2517059523809524,0.005013333333333337,0.11445081546897584,31,5,0.7958918814593526
2023-01-23,Energy,0.1763503409090909,0.1764695769230769,0.15247687999054632,31,5,0.500809251779906
2023-01-23,Financials,-0.026838999999999995,0.09187533333333334,0.1040232888523264,21,5,0.6341415337549917
2023-01-23,Healthcare,0.263315,0.09165333333333334,0.10569307573825464,18,5,0.9269032762561095
2023-01-23,Industrials,0.17779228571428574,-0.003159999999999996,0.08099560056957515,23,4,0.7535001135123581
2023-01-23,Materials,0.05495833333333333,0.10002666666666667,0.09816610036201939,9,3,0.4662813107175965
2023-01-23,RealEstate,0.08637999999999998,0.04528666666666666,0.06366400358712548,13,5,0.8022962322142438
2023-01-23,Tech,0.1460737343358396,0.07177066666666668,0.10830004243770319,54,5,0.7382127886197603
2023-01-23,Utilities,0.20159666666666665,0.09038333333333333,0.11830040868642736,12,5,0.8729107648421642
2023-01-24,Comm,0.01602,0.060814999999999994,0.09605136231801456,9,5,0.5879199135134913
2023-01-24,Consumer,0.15604383333333333,0.2517059523809524,0.12692855518824642,33,5,0.7685643527965443
2023-01-24,Energy,0.24345476190476192,0.1763503409090909,0.1546471946195049,21,5,0.7826791903102152
2023-01-24,Financials,0.10409500000000001,-0.026838999999999995,0.09212671713847852,10,5,0.6176176548309908
2023-01-24,Healthcare,0.08237000000000001,0.263315,0.12002234158023148,8,4,0.5675402538704672
2023-01-24,Industrials,0.060856060606060615,0.17779228571428574,0.08979529921909431,52,4,0.5397041338454981
2023-01-24,Materials,0.056065,0.05495833333333333,0.09423812154122976,7,3,0.351588083493917
2023-01-24,RealEstate,0.26383,0.08637999999999998,0.06572909417011408,5,4,0.45151468487754115
2023-01-24,Tech,0.08332500000000001,0.1460737343358396,0.11173401442844286,32,4,0.774468610115356
2023-01-24,Utilities,0.19303,0.20159666666666665,0.12587279577554,12,4,0.5455692280263524
2023-01-25,Comm,0.005253333333333343,0.01602,0.08877578392546778,27,5,0.32040062361714583
2023-01-25,Consumer,0.12261899999999999,0.15604383333333333,0.1295753986559816,21,5,0.9144988434150935
2023-01-25,Energy,0.19943777777777777,0.24345476190476192,0.16272060982725556,29,5,0.8260628832109742
2023-01-25,Financials,0.060190666666666656,0.10409500000000001,0.0932147428531623,22,4,0.7837012581752704
2023-01-25,Healthcare,-0.02222313725490197,0.08237000000000001,0.11659940143657407,29,4,0.4946630244596691
2023-01-25,Industrials,0.059199999999999996,0.060856060606060615,0.08716445934518215,6,3,0.2795223152351191
2023-01-25,Materials,-0.09030399999999998,0.056065,0.09076783776475432,11,5,0.5815827991251763
2023-01-25,RealEstate,0.16468,0.26383,0.08373826742737643,5,3,0.2873275267402535
2023-01-25,Tech,0.061449166666666666,0.08332500000000001,0.10915137675312987,29,5,0.8426671622704913
2023-01-25,Utilities,0.23114200000000001,0.19303,0.1319779961595818,14,4,0.3473230711801081
2023-01-26,Comm,0.2477210606060606,0.005253333333333343,0.08118283387163738,20,4,0.523564992592675
2023-01-26,Consumer,0.11155333333333335,0.12261899999999999,0.1289429987781651,19,5,0.8304097679057042
2023-01-26,Energy,0.14056608974358975,0.19943777777777777,0.16605853418639394,39,3,0.40597511164138095
2023-01-26,Financials,0.18173933333333334,0.060190666666666656,0.0902125541089354,35,5,0.6073860767206928
2023-01-26,Healthcare,0.19044666666666668,-0.02222313725490197,0.10397917064643988,18,5,0.8080695228899416
2023-01-26,Industrials,0.04199857142857143,0.059199999999999996,0.0846222357683474,19,4,0.685289614291115
2023-01-26,Materials,0.10911107142857143,-0.09030399999999998,0.07430676160432212,26,5,0.738759123573149
2023-01-26,RealEstate,0.03195333333333333,0.16468,0.0910966067521604,6,3,0.3593858338737245
2023-01-26,Tech,0.10026530158730158,0.061449166666666666,0.10481481219981503,37,5,0.7296870373173404
2023-01-26,Utilities,0.16848666666666667,0.23114200000000001,0.14099290559961983,14,5,0.8003531640237274
2023-01-27,Comm,0.09685466666666667,0.2477210606060606,0.09632267266567585,13,5,0.6953234012523447
2023-01-27,Consumer,0.04739047619047619,0.11155333333333335,0.12736212010136222,19,5,0.6475672502016959
2023-01-27,Energy,0.13287014285714288,0.14056608974358975,0.1637410392370481,46,5,0.46500795618147533
2023-01-27,Financials,0.160692,0.18173933333333334,0.0985331704020625,29,4,0.5357532437438588
2023-01-27,Healthcare,0.13782,0.19044666666666668,0.11183985210282414,8,4,0.5107862284834206
2023-01-27,Industrials,0.11258666666666665,0.04199857142857143,0.08074735719200413,8,3,0.4643511168031096
2023-01-27,Materials,0.059199999999999996,0.10911107142857143,0.07747078977016296,3,2,0.1624278110061505
2023-01-27,RealEstate,0.12264,0.03195333333333333,0.08571994553226703,2,2,0.13187198158574429
2023-01-27,Tech,-0.0036086666666666663,0.10026530158730158,0.10440122032595016,51,4,0.5424198790408974
2023-01-27,Utilities,0.22416666666666668,0.16848666666666667,0.1434923384238968,6,4,0.4192834728526787
2023-01-30,Comm,0.06238999999999999,0.09685466666666667,0.09637103575667502,7,3,0.351588083493917
2023-01-30,Consumer,0.01021333333333333,0.04739047619047619,0.12009197065491801,30,5,0.7125151770166668
2023-01-30,Energy,0.15101073593073594,0.13287014285714288,0.16093459411160216,29,5,0.7657112570403096
2023-01-30,Financials,0.15553333333333336,0.160692,0.10418397309278409,20,5,0.7408938574424648
2023-01-30,Healthcare,0.16708716666666665,0.13782,0.11420168372984012,19,5,0.685289614291115
2023-01-30,Industrials,0.01082,0.11258666666666665,0.0836418398715189,17,4,0.7072281645100398
2023-01-30,Materials,0.09517499999999998,0.059199999999999996,0.07580980888196633,6,2,0.2515700837116072
2023-01-30,RealEstate,0.18621499999999996,0.12264,0.08907631412024275,10,4,0.5764431445089249
2023-01-30,Tech,0.09474666666666667,-0.0036086666666666663,0.09458213969025772,31,5,0.6591406990780204
2023-01-30,Utilities,0.07520000000000002,0.22416666666666668,0.1508263682641486,6,3,0.4192834728526787
2023-01-31,Comm,-0.01744888888888889,0.06238999999999999,0.09328185068788637,16,5,0.5224784591096558
2023-01-31,Consumer,0.08414280952380952,0.01021333333333333,0.11010300362568304,21,5,0.8434698070333385
2023-01-31,Energy,0.15081907692307692,0.15101073593073594,0.16003242518606886,36,5,0.3637731530315573
2023-01-31,Financials,0.08080333333333334,0.15553333333333336,0.10885209675101584,12,4,0.5237464589052984
2023-01-31,Healthcare,0.05802683333333334,0.16708716666666665,0.11900945490591526,23,5,0.851516388440795
2023-01-31,Industrials,0.12695735294117647,0.01082,0.07702167261047173,39,3,0.4387811812689674
2023-01-31,Materials,0.04391,0.09517499999999998,0.07757028080178756,4,3,0.2936912191374818
2023-01-31,RealEstate,0.09762000000000001,0.18621499999999996,0.09790710374567523,8,4,0.5675402538704672
2023-01-31,Tech,0.0014416969696969726,0.09474666666666667,0.09459709668811309,50,4,0.6265379699688206
2023-01-31,Utilities,0.18501666666666666,0.07520000000000002,0.14395124387649874,8,4,0.5675402538704672
2023-02-01,Comm,0.002650000000000002,-0.01744888888888889,0.08321541981727043,24,5,0.6566203054020282
2023-02-01,Consumer,0.1094187878787879,0.08414280952380952,0.10774298598005819,22,5,0.6290233782722564
2023-02-01,Energy,-0.12676177777777778,0.15081907692307692,0.15919484807125142,22,5,0.7354734884414076
2023-02-01,Financials,0.0,0.08080333333333334,0.10630220916759017,6,3,0.3593858338737245
2023-02-01,Healthcare,0.19747603174603173,0.05802683333333334,0.11346558021749871,26,5,0.8198424420141046
2023-02-01,Industrials,0.07608,0.12695735294117647,0.08156127991326305,8,4,0.4643511168031096
2023-02-01,Materials,0.0,0.04391,0.07451025527435232,1,1,0.03625384938440364
2023-02-01,RealEstate,0.21884,0.09762000000000001,0.09788100340515929,6,4,0.5031401674232144
2023-02-01,Tech,-0.06252916857360794,0.0014416969696969726,0.0861284239864389,50,5,0.5387686422792227
2023-02-01,Utilities,-0.02065,0.18501666666666666,0.14768446413015038,7,5,0.6712136139429324
2023-02-02,Comm,0.13899333333333336,0.002650000000000002,0.07589129074297311,15,5,0.8384231749695317
2023-02-02,Consumer,0.16541066666666665,0.1094187878787879,0.1078953316072154,20,5,0.5774613888889798
2023-02-02,Energy,0.2322252380952381,-0.12676177777777778,0.13319879117588512,23,5,0.799515387619983
2023-02-02,Financials,0.15654644444444446,0.0,0.0966383719705365,21,5,0.6840739379876684
2023-02-02,Healthcare,0.22037374999999998,0.19747603174603173,0.12110289399281988,29,4,0.5289929504474064
2023-02-02,Industrials,0.13326,0.07608,0.08106298173933005,5,4,0.45151468487754115
2023-02-02,Materials,0.025530000000000004,0.0,0.06773659570395665,6,3,0.2795223152351191
2023-02-02,RealEstate,0.11345000000000001,0.21884,0.10887727582287207,5,4,0.45151468487754115
2023-02-02,Tech,0.214285,-0.06252916857360794,0.07261409739007099,31,5,0.8375980062519826
2023-02-02,Utilities,0.16232666666666667,-0.02065,0.13238133102740943,8,4,0.5107862284834206
2023-02-03,Comm,0.18137,0.13899333333333336,0.0816278400693695,6,5,0.6289252092790181
2023-02-03,Consumer,0.15394314285714286,0.16541066666666665,0.1131239984308019,19,5,0.775657475516317
2023-02-03,Energy,-0.004061666666666658,0.2322252380952381,0.14220119544128085,13,5,0.8022962322142437
2023-02-03,Financials,0.03333499999999998,0.15654644444444446,0.1020845603772554,15,4,0.6197040858470453
2023-02-03,Healthcare,-0.0404755,0.22037374999999998,0.1301275172661999,17,3,0.5321049999646966
2023-02-03,Industrials,0.22832499999999997,0.13326,0.08580816521757277,8,4,0.4643511168031096
2023-02-03,Materials,0.0029040000000000064,0.025530000000000004,0.06389963245814242,9,4,0.4361986455100096
2023-02-03,RealEstate,0.06307666666666667,0.11345000000000001,0.10929297802079281,6,3,0.3593858338737245
2023-02-03,Tech,-0.0012533333333333396,0.214285,0.08549327035460999,25,5,0.8805514654263428
2023-02-03,Utilities,0.2885833333333333,0.16232666666666667,0.1351036342673419,9,4,0.6439122862290618
2023-02-06,Comm,-0.020167499999999977,0.18137,0.09069530915397227,20,5,0.755141816239435
2023-02-06,Consumer,0.09911600000000001,0.15394314285714286,0.11683482974228743,38,5,0.5963955984008728
2023-02-06,Energy,0.03663444444444445,-0.004061666666666658,0.1289045716132856,22,5,0.7135190559506192
2023-02-06,Financials,0.019373333333333336,0.03333499999999998,0.09583460034295946,19,4,0.6246445156812819
2023-02-06,Healthcare,0.042994000000000004,-0.0404755,0.11461815206018174,22,5,0.9193418605517594
2023-02-06,Industrials,0.07114333333333334,0.22832499999999997,0.09876424110688434,12,3,0.4676307668797307
2023-02-06,Materials,0.06872999999999999,0.0029040000000000064,0.058354574961947646,17,4,0.2807589195793626
2023-02-06,RealEstate,0.19903333333333334,0.06307666666666667,0.10509149517041769,19,5,0.6475672502016958
2023-02-06,Tech,0.20531083333333333,-0.0012533333333333396,0.07760721547388787,31,5,0.7463421923412608
2023-02-06,Utilities,0.15076666666666666,0.2885833333333333,0.14905633418243203,15,5,0.8384231749695317
2023-02-07,Comm,0.10785700000000001,-0.020167499999999977,0.08061687195815662,13,5,0.6657351714118194
2023-02-07,Consumer,0.16171166666666664,0.09911600000000001,0.11522402703844312,14,4,0.7363249109018293
2023-02-07,Energy,0.04468380952380953,0.03663444444444445,0.12051637823430006,17,5,0.6573061764269782
2023-02-07,Financials,0.24303333333333335,0.019373333333333336,0.08888357606935707,19,5,0.7129780835554027
2023-02-07,Healthcare,0.12206666666666668,0.042994000000000004,0.1081068655092561,13,5,0.8939872301815861
2023-02-07,Industrials,-0.02728,0.07114333333333334,0.09625324949110696,6,2,0.2515700837116072
2023-02-07,Materials,-0.069995,0.06872999999999999,0.05929779541995241,19,5,0.4330357685397843
2023-02-07,RealEstate,0.03625333333333333,0.19903333333333334,0.1136316622761373,6,3,0.3593858338737245
2023-02-07,Tech,0.19244266666666668,0.20531083333333333,0.089216635279292,17,5,0.7449469999505752
2023-02-07,Utilities,0.20113666666666666,0.15076666666666666,0.1492118189537261,10,4,0.5764431445089249
2023-02-08,Comm,0.03411,0.10785700000000001,0.08309324723468783,5,4,0.45151468487754115
2023-02-08,Consumer,0.11290971428571431,0.16171166666666664,0.11945017609555435,39,5,0.5704978585729725
2023-02-08,Energy,0.11226777777777779,0.04468380952380953,0.11362250835152818,19,5,0.6475672502016959
2023-02-08,Financials,-0.024540000000000003,0.24303333333333335,0.10289719036608218,16,5,0.7441359872167826
2023-02-08,Healthcare,0.15640099999999998,0.12206666666666668,0.10937593834174797,15,5,0.7247386766685783
2023-02-08,Industrials,0.12643333333333334,-0.02728,0.08502295408282451,4,2,0.1762147314824891
2023-02-08,Materials,-0.011380000000000001,-0.069995,0.04754390492722946,3,3,0.27071301834358413
2023-02-08,RealEstate,0.0,0.03625333333333333,0.10659726873588238,5,4,0.45151468487754115
2023-02-08,Tech,0.0804572857142857,0.19244266666666668,0.09860081995087153,17,4,0.6139673076515731
2023-02-08,Utilities,0.15861863636363635,0.20113666666666666,0.15393225965490248,18,3,0.43170837524257144
2023-02-09,Comm,0.09844,0.03411,0.07864022475880712,6,3,0.2795223152351191
2023-02-09,Consumer,0.14698262068965517,0.11290971428571431,0.11885558865829615,43,5,0.4131082879078233
2023-02-09,Energy,0.09920190476190476,0.11226777777777779,0.11349935102664177,23,5,0.8515163884407948
2023-02-09,Financials,-0.03314999999999998,-0.024540000000000003,0.09131199124189289,15,5,0.8726445290499207
2023-02-09,Healthcare,0.09808014285714287,0.15640099999999998,0.1136509439470436,29,5,0.5684432721756872
2023-02-09,Industrials,0.08086,0.12643333333333334,0.08878753401468895,9,3,0.38634737173743705
2023-02-09,Materials,-0.04826999999999999,-0.011380000000000001,0.04218718629748132,8,4,0.4643511168031096
2023-02-09,RealEstate,0.14038333333333336,0.0,0.09690660794171126,8,4,0.5675402538704672
2023-02-09,Tech,0.23628166666666664,0.0804572857142857,0.09695140774754554,19,5,0.8304097679057042
2023-02-09,Utilities,0.2266775,0.15861863636363635,0.15435829390115102,15,5,0.5553192457590407
2023-02-10,Comm,0.12771,0.09844,0.08044020432618829,5,4,0.45151468487754115
2023-02-10,Consumer,0.1223835,0.14698262068965517,0.1214125915702379,18,5,0.6302942278541545
2023-02-10,Energy,0.12462066666666667,0.09920190476190476,0.11219958318439296,24,4,0.6800710305949577
2023-02-10,Financials,0.05586,-0.03314999999999998,0.07999726476535718,6,2,0.2515700837116072
2023-02-10,Healthcare,0.14206666666666667,0.09808014285714287,0.11223541657523446,5,3,0.2873275267402535
2023-02-10,Industrials,0.04019,0.08086,0.08806684910426268,5,3,0.35117808823808755
2023-02-10,Materials,0.04404,-0.04826999999999999,0.03396380572498302,3,2,0.1624278110061505
2023-02-10,RealEstate,0.25075000000000003,0.14038333333333336,0.10085903752276781,4,3,0.2936912191374818
2023-02-10,Tech,0.02115555555555556,0.23628166666666664,0.1096177949220111,18,4,0.5166346129952085
2023-02-10,Utilities,0.05464,0.2266775,0.16093276718286456,4,3,0.2936912191374818
2023-02-13,Comm,0.031952,0.12771,0.08473745847835298,9,4,0.4361986455100096
2023-02-13,Consumer,0.17729088636363638,0.1223835,0.12150085597294354,41,5,0.7519187057489382
2023-02-13,Energy,0.27975944444444445,0.12462066666666667,0.11332877259187239,31,5,0.7077857691206789
2023-02-13,Financials,0.1176,0.05586,0.07780296796850653,9,4,0.5879199135134913
2023-02-13,Healthcare,0.13380333333333333,0.14206666666666667,0.11494734840172827,12,5,0.7702153807430859
2023-02-13,Industrials,0.11876000000000002,0.04019,0.08371440827660244,8,4,0.5675402538704672
2023-02-13,Materials,-0.00258,0.04404,0.034879823386348194,8,4,0.5675402538704672
2023-02-13,RealEstate,0.36806,0.25075000000000003,0.11448548865706165,10,4,0.5764431445089249
2023-02-13,Tech,0.21012638655462182,0.02115555555555556,0.10157577316142422,39,5,0.7222692603786088
2023-02-13,Utilities,0.18279666666666666,0.05464,0.15126978834805868,9,4,0.5008206670670481
2023-02-14,Comm,0.0,0.031952,0.07993878043486634,4,3,0.2936912191374818
2023-02-14,Consumer,0.2696033939393939,0.17729088636363638,0.12657267691755197,37,5,0.5002424844497307
2023-02-14,Energy,-0.06863,0.27975944444444445,0.1284588336693789,12,5,0.654683073631623
2023-02-14,Financials,-0.02954066666666667,0.1176,0.08142087997136956,20,5,0.6041134529915481
2023-02-14,Healthcare,0.212427,0.13380333333333333,0.11666152885005601,12,4,0.5692896292448896
2023-02-14,Industrials,0.06490933333333333,0.11876000000000002,0.08690037116054766,9,3,0.38634737173743705
2023-02-14,Materials,0.04526,-0.00258,0.03147438489668018,3,3,0.27071301834358413
2023-02-14,RealEstate,0.15886,0.36806,0.13753771696096512,8,5,0.7296946121191722
2023-02-14,Tech,0.22786757575757574,0.21012638655462182,0.111444010742624,21,5,0.5753469544664495
2023-02-14,Utilities,0.215834,0.18279666666666666,0.15413586819520486,11,5,0.6148161019323292
2023-02-15,Comm,0.26739666666666667,0.0,0.07267161857715122,9,5,0.7116925268847526
2023-02-15,Consumer,0.012431333333333327,0.2696033939393939,0.13957546937408305,16,4,0.663688853463617
2023-02-15,Energy,0.03642666666666666,-0.06863,0.11054166697216265,10,3,0.3759411812014728
2023-02-15,Financials,-0.0621475,-0.02954066666666667,0.071333466640639,15,4,0.5278960731289645
2023-02-15,Healthcare,0.03648333333333333,0.212427,0.1253674807727782,7,3,0.4343146913748387
2023-02-15,Industrials,0.01483,0.06490933333333333,0.08490118590352817,6,3,0.4192834728526787
2023-02-15,Materials,0.06721904761904761,0.04526,0.03272762263334562,10,2,0.2981602471597887
2023-02-15,RealEstate,0.005146666666666667,0.15886,0.1394761063281501,5,3,0.2873275267402534
2023-02-15,Tech,-0.009739999999999993,0.22786757575757574,0.1220279711985287,11,5,0.6148161019323292
2023-02-15,Utilities,0.17742,0.215834,0.15974478926836805,5,4,0.45151468487754115
2023-02-16,Comm,0.02366,0.26739666666666667,0.09037389567619808,7,5,0.5679499810286353
2023-02-16,Consumer,0.022446666666666663,0.012431333333333327,0.1280169115521967,24,5,0.9213865575802652
2023-02-16,Energy,0.15158355555555555,0.03642666666666666,0.10380393967166301,21,5,0.695019120995471
2023-02-16,Financials,0.03754666666666667,-0.0621475,0.05919883330967181,15,5,0.6787235225943828
2023-02-16,Healthcare,0.1605557777777778,0.03648333333333333,0.11728710373282865,22,5,0.7354734884414076
2023-02-16,Industrials,0.13791499999999998,0.01483,0.07853107809411652,12,4,0.6891400775069715
2023-02-16,Materials,0.11617,0.06721904761904761,0.035863206722954885,7,4,0.5679499810286353
2023-02-16,RealEstate,0.013583333333333336,0.005146666666666667,0.12726433908619705,6,3,0.3593858338737245
2023-02-16,Tech,0.18629083116883116,-0.009739999999999993,0.11004906472593519,27,5,0.7149826724067345
2023-02-16,Utilities,0.2073675,0.17742,0.16135162660760732,16,4,0.5456997239589739
2023-02-17,Comm,0.26779,0.02366,0.08430899606927098,4,3,0.2936912191374818
2023-02-17,Consumer,0.12110190476190477,0.022446666666666663,0.11841961656260307,14,4,0.5578219021983555
2023-02-17,Energy,0.10681928571428571,0.15158355555555555,0.10814754111565324,14,4,0.5259463649298779
2023-02-17,Financials,0.22298999999999997,0.03754666666666667,0.05723045452394406,14,5,0.7363249109018292
2023-02-17,Healthcare,0.13127466666666668,0.1605557777777778,0.12122061955509675,14,5,0.7670051155227386
2023-02-17,Industrials,0.01637999999999999,0.13791499999999998,0.08392961644919683,9,4,0.5879199135134913
2023-02-17,Materials,-0.006119999999999998,0.11617,0.043163824293595346,6,3,0.2795223152351191
2023-02-17,RealEstate,-0.00878,0.013583333333333336,0.11692970219957308,5,2,0.185917811420164
2023-02-17,Tech,0.09892727272727272,0.18629083116883116,0.11698013440256208,23,5,0.6587202250202374
2023-02-17,Utilities,0.12185333333333333,0.2073675,0.16553488782509754,10,4,0.617617654830991
2023-02-21,Comm,0.11573809523809524,0.26779,0.10098908733570089,20,5,0.7699485185186398
2023-02-21,Consumer,0.13726434391534392,0.12110190476190477,0.11866346094435776,91,5,0.5005137441367252
2023-02-21,Energy,0.14874919191919192,0.10681928571428571,0.10802679062461981,34,5,0.8307283999489866
2023-02-21,Financials,0.0012510000000000021,0.22298999999999997,0.07229950411267641,18,5,0.7686514973831152
2023-02-21,Healthcare,0.023423000000000006,0.13127466666666668,0.12213462383796676,26,5,0.9209189074678982
2023-02-21,Industrials,0.195737,0.01637999999999999,0.07778874222654257,15,4,0.7247386766685783
2023-02-21,Materials,-0.027749999999999997,-0.006119999999999998,0.03868347663054123,10,3,0.48036928709077065
2023-02-21,RealEstate,0.03838177777777778,-0.00878,0.10550154745415734,18,4,0.5433570929777193
2023-02-21,Tech,0.11084727272727272,0.09892727272727272,0.11533896515935396,39,5,0.5420238121557831
2023-02-21,Utilities,0.08915111111111111,0.12185333333333333,0.16156383741675534,18,5,0.6179355175040729
2023-02-22,Comm,0.1279033333333333,0.11573809523809524,0.10232990623591856,9,3,0.4662813107175965
2023-02-22,Consumer,0.09765590476190476,0.13726434391534392,0.12035445030535649,29,5,0.8260628832109742
2023-02-22,Energy,0.11466400000000002,0.14874919191919192,0.11172882710594456,17,5,0.7449469999505752
2023-02-22,Financials,0.058219,0.0012510000000000021,0.0658405491933422,16,4,0.701613930804395
2023-02-22,Healthcare,0.09284200000000001,0.023423000000000006,0.11316083985269705,20,5,0.934937486772634
2023-02-22,Industrials,0.0,0.195737,0.08851131111503871,5,4,0.45151468487754115
2023-02-22,Materials,0.066835,-0.027749999999999997,0.03264406966412839,8,3,0.3929124834487851
2023-02-22,RealEstate,0.09363666666666667,0.03838177777777778,0.0993997502108501,11,4,0.6148161019323292
2023-02-22,Tech,0.121259,0.11084727272727272,0.1149306294837102,41,5,0.6451202715350776
2023-02-22,Utilities,0.10825,0.08915111111111111,0.1549808622980604,7,3,0.4343146913748387
2023-02-23,Comm,0.143065,0.1279033333333333,0.10465476324477443,9,5,0.5879199135134913
2023-02-23,Consumer,0.10625,0.09765590476190476,0.1182909461650427,21,5,0.8775493951963017
2023-02-23,Energy,0.13751142857142856,0.11466400000000002,0.11199566100540415,19,4,0.685289614291115
2023-02-23,Financials,0.13172166666666668,0.058219,0.06514768108485655,14,5,0.87657727488313
2023-02-23,Healthcare,0.023399999999999997,0.09284200000000001,0.11131367259336093,5,3,0.35117808823808755
2023-02-23,Industrials,0.04900333333333333,0.0,0.08046482828639881,7,4,0.49222331689148385
2023-02-23,Materials,0.024718333333333332,0.066835,0.035752336058298535,13,4,0.5489395273044826
2023-02-23,RealEstate,0.04463833333333334,0.09363666666666667,0.09887583352501525,20,5,0.9131947545221076
2023-02-23,Tech,0.03931527032520325,0.121259,0.115505935894282,82,5,0.6030492818634853
2023-02-23,Utilities,0.14144,0.10825,0.15073260208914582,12,4,0.5951664305742027
2023-02-24,Comm,0.023400000000000004,0.143065,0.10814660294979495,7,3,0.351588083493917
2023-02-24,Consumer,0.005786666666666669,0.10625,0.11719631469549337,14,4,0.5938104120176042
2023-02-24,Energy,0.056115000000000005,0.13751142857142856,0.11431527623867907,10,5,0.6176176548309908
2023-02-24,Financials,0.10556066666666666,0.13172166666666668,0.07119986159229383,15,5,0.8384231749695317
2023-02-24,Healthcare,0.08566,0.023399999999999997,0.10332152053941904,9,3,0.32980873197098287
2023-02-24,Industrials,0.02704666666666667,0.04900333333333333,0.07760469238157468,6,3,0.3593858338737245
2023-02-24,Materials,0.08998999999999999,0.024718333333333332,0.03474924490148352,7,4,0.49222331689148374
2023-02-24,RealEstate,0.0,0.04463833333333334,0.0939451516894078,8,4,0.4643511168031096
2023-02-24,Tech,0.04062983333333333,0.03931527032520325,0.10857951175163846,31,5,0.6012850891275987
2023-02-24,Utilities,0.143526,0.14144,0.14988782008104165,10,4,0.5086263039784631
2023-02-27,Comm,0.08055333333333334,0.023400000000000004,0.10044236631799541,9,3,0.5008206670670481
2023-02-27,Consumer,0.07535344444444445,0.005786666666666669,0.10706816487469092,28,5,0.8978170975244567
2023-02-27,Energy,-0.03334057142857143,0.056115000000000005,0.1090243420351628,28,5,0.7733672028180965
2023-02-27,Financials,-0.011213928571428566,0.10556066666666666,0.07432357114450953,21,5,0.6840739379876684
2023-02-27,Healthcare,0.08093285714285714,0.08566,0.1017159277631082,23,5,0.8246969746316359
2023-02-27,Industrials,0.070885,0.02704666666666667,0.07300850822567395,10,4,0.5764431445089249
2023-02-27,Materials,0.2454,0.08998999999999999,0.03977113172862138,6,4,0.5031401674232144
2023-02-27,RealEstate,0.12183333333333332,0.0,0.08540468335400708,12,5,0.8729107648421642
2023-02-27,Tech,0.10289992063492064,0.04062983333333333,0.10240226825906526,42,5,0.6188081873825083
2023-02-27,Utilities,0.19439199999999998,0.143526,0.14930947280094695,12,5,0.5951664305742027
2023-02-28,Comm,0.09842999999999999,0.08055333333333334,0.09863427241029885,6,4,0.5031401674232144
2023-02-28,Consumer,0.13835866666666669,0.07535344444444445,0.10418500847194126,13,4,0.6657351714118194
2023-02-28,Energy,0.11525444444444446,-0.03334057142857143,0.09608207717482331,18,3,0.5002335141699638
2023-02-28,Financials,0.12748212121212119,-0.011213928571428566,0.06654743480669698,16,3,0.36651473997244516
2023-02-28,Healthcare,0.026128000000000002,0.08093285714285714,0.09982655770672175,11,3,0.5004317108751517
2023-02-28,Industrials,0.13311666666666666,0.070885,0.07281546202333995,10,3,0.5086263039784631
2023-02-28,Materials,0.10212000000000002,0.2454,0.05846466520783762,1,1,0.03625384938440364
2023-02-28,RealEstate,0.06582,0.12183333333333332,0.08871637880667312,3,2,0.1624278110061505
2023-02-28,Tech,0.24963571428571427,0.10289992063492064,0.10244750938414304,20,4,0.5099659018759822
2023-02-28,Utilities,0.18202000000000002,0.19439199999999998,0.1534078843644972,5,4,0.45151468487754115
2023-03-01,Comm,-0.022860000000000002,0.09842999999999999,0.09861570219118078,14,5,0.48442428348804556
2023-03-01,Consumer,0.11171633333333333,0.13835866666666669,0.10729170467146174,28,5,0.9410853913810572
2023-03-01,Energy,0.07719166666666666,0.11525444444444446,0.09782501965387977,14,4,0.5938104120176042
2023-03-01,Financials,0.09284666666666666,0.12748212121212119,0.07208695175264464,19,5,0.775657475516317
2023-03-01,Healthcare,0.018290000000000008,0.026128000000000002,0.0931266888242925,15,5,0.8384231749695317
2023-03-01,Industrials,0.04426,0.13311666666666666,0.07829738971818784,19,4,0.6358993718196834
2023-03-01,Materials,0.08538000000000001,0.10212000000000002,0.06243333200712511,8,3,0.34052415232228034
2023-03-01,RealEstate,0.06178,0.06582,0.08663488982424829,5,4,0.45151468487754115
2023-03-01,Tech,0.19671079365079364,0.24963571428571427,0.11582825528428586,26,5,0.7727250602891561
2023-03-01,Utilities,0.2122,0.18202000000000002,0.15600898578590655,4,3,0.2936912191374818
2023-03-02,Comm,0.23134666666666667,-0.022860000000000002,0.08757245653743706,13,5,0.8022962322142437
2023-03-02,Consumer,0.2543408658008658,0.11171633333333333,0.1076939436407228,26,5,0.6859906147464957
2023-03-02,Energy,0.27628833333333336,0.07719166666666666,0.09594926029140585,17,5,0.642195689612565
2023-03-02,Financials,0.13739400000000002,0.09284666666666666,0.07397419856301027,14,5,0.7363249109018292
2023-03-02,Healthcare,0.039298333333333345,0.018290000000000008,0.08632335347662953,13,5,0.8022962322142437
2023-03-02,Industrials,0.20013,0.04426,0.07520308156198893,4,3,0.2936912191374818
2023-03-02,Materials,-0.03498,0.08538000000000001,0.0645193927337501,8,4,0.5107862284834206
2023-03-02,RealEstate,0.14036666666666667,0.06178,0.08437535438568025,6,3,0.3593858338737245
2023-03-02,Tech,0.07753166666666667,0.19671079365079364,0.12318121331760476,30,5,0.6553059292270075
2023-03-02,Utilities,0.05464,0.2122,0.16111725980536956,3,3,0.27071301834358413
2023-03-03,Comm,-0.07432,0.23134666666666667,0.10064283927645794,2,2,0.13187198158574429
2023-03-03,Consumer,-0.014770000000000005,0.2543408658008658,0.12102548201891761,9,3,0.32980873197098287
2023-03-03,Energy,0.12561833333333333,0.27628833333333336,0.11234372147703561,11,4,0.6520776838676219
2023-03-03,Financials,0.00871666666666666,0.13739400000000002,0.07973963505728207,15,5,0.700976752843379
2023-03-03,Healthcare,0.20141,0.039298333333333345,0.08204835164542079,6,3,0.4192834728526787
2023-03-03,Industrials,0.11615666666666666,0.20013,0.08656007414726268,8,4,0.5675402538704672
2023-03-03,Materials,0.016936,-0.03498,0.055473993394318265,8,4,0.3648473060595861
2023-03-03,RealEstate,-0.00258,0.14036666666666667,0.08946547368395173,4,1,0.1101342071765557
2023-03-03,Tech,0.22236088888888889,0.07753166666666667,0.11903125453115584,24,5,0.7516574548681111
2023-03-03,Utilities,0.020780000000000003,0.05464,0.15143750891397234,3,3,0.27071301834358413
2023-03-06,Comm,0.02023,-0.07432,0.08473712661496176,7,5,0.6712136139429324
2023-03-06,Consumer,-0.040311,-0.014770000000000005,0.108680438199016,28,5,0.751058533506036
2023-03-06,Energy,0.06313377777777777,0.12561833333333333,0.11355050437306269,40,5,0.6272404940373946
2023-03-06,Financials,0.06087392857142857,0.00871666666666666,0.07328300156722611,17,3,0.47753012817344576
2023-03-06,Healthcare,0.06327033333333335,0.20141,0.09289941058674617,23,5,0.7758260428016132
2023-03-06,Industrials,0.16074000000000002,0.11615666666666666,0.08925067346720848,12,4,0.6891400775069715
2023-03-06,Materials,0.034,0.016936,0.05197053944938025,6,4,0.5031401674232144
2023-03-06,RealEstate,0.04136,-0.00258,0.08109770334904703,11,5,0.7420194333666041
2023-03-06,Tech,0.07911199999999999,0.22236088888888889,0.1284248576545861,33,5,0.8025967226620742
2023-03-06,Utilities,0.11559,0.020780000000000003,0.1395595535581567,9,4,0.34672200027718714
2023-03-07,Comm,0.15453999999999998,0.02023,0.07887284237723796,5,4,0.45151468487754115
2023-03-07,Consumer,0.16452333333333333,-0.040311,0.09513576199910545,21,5,0.8775493951963017
2023-03-07,Energy,0.14288666666666666,0.06313377777777777,0.10896716559167315,25,5,0.73466128180541
2023-03-07,Financials,0.24231166666666665,0.06087392857142857,0.0721549040221536,15,5,0.8384231749695317
2023-03-07,Healthcare,0.14615,0.06327033333333335,0.09020585810916318,8,4,0.4643511168031096
2023-03-07,Industrials,0.11762333333333333,0.16074000000000002,0.09574970315200772,5,2,0.24312329185713755
2023-03-07,Materials,0.047670000000000004,0.034,0.05033685404489113,6,4,0.5031401674232144
2023-03-07,RealEstate,0.04404,0.04136,0.07748518486277003,3,2,0.1624278110061505
2023-03-07,Tech,0.11298444444444444,0.07911199999999999,0.12394187059507829,28,5,0.8052586338621416
2023-03-07,Utilities,0.08139666666666667,0.11559,0.1373805032346879,13,5,0.6385623072725615
2023-03-08,Comm,-0.031630000000000005,0.15453999999999998,0.08575167488839815,3,2,0.1624278110061505
2023-03-08,Consumer,0.25326166666666666,0.16452333333333333,0.10144372302948981,11,5,0.6941472118590813
2023-03-08,Energy,0.14941619047619048,0.14288666666666666,0.11205075659849073,31,5,0.6591406990780206
2023-03-08,Financials,0.08053301587301588,0.24231166666666665,0.08762370062620026,23,5,0.7124933046137262
2023-03-08,Healthcare,0.056163,0.14615,0.09529168919014835,17,5,0.7072281645100398
2023-03-08,Industrials,0.14807333333333333,0.11762333333333333,0.09773821498667368,10,4,0.6651267052026055
2023-03-08,Materials,0.12589333333333333,0.047670000000000004,0.05009441276808284,7,4,0.49222331689148385
2023-03-08,RealEstate,0.1901,0.04404,0.07444471351160911,5,4,0.45151468487754115
2023-03-08,Tech,0.08803611111111112,0.11298444444444444,0.12294574094502064,23,5,0.732423187260264
2023-03-08,Utilities,-0.007350000000000007,0.08139666666666667,0.13229106354668593,5,2,0.185917811420164
2023-03-09,Comm,-0.02417333333333333,-0.031630000000000005,0.07508061353490739,8,4,0.5107862284834206
2023-03-09,Consumer,0.13218000000000002,0.25326166666666666,0.11524535426923314,21,5,0.9144988434150935
2023-03-09,Energy,0.25682866666666665,0.14941619047619048,0.11544761422373617,21,5,0.7554555662994249
2023-03-09,Financials,0.091547,0.08053301587301588,0.08697909292136531,15,5,0.7774469440626567
2023-03-09,Healthcare,0.12732333333333334,0.056163,0.09173453562740759,17,5,0.7449469999505752
2023-03-09,Industrials,0.08122,0.14807333333333333,0.10231413483637002,16,4,0.416211653867014
2023-03-09,Materials,-0.04019,0.12589333333333333,0.056985223728560165,7,3,0.4343146913748387
2023-03-09,RealEstate,0.050170000000000006,0.1901,0.0849588304650992,9,4,0.6439122862290618
2023-03-09,Tech,0.18233878787878788,0.08803611111111112,0.11977213823284705,29,5,0.8180037331308674
2023-03-09,Utilities,0.03182,-0.007350000000000007,0.11959642140607814,3,2,0.1624278110061505
2023-03-10,Comm,0.025708,-0.02417333333333333,0.06605752745597641,8,3,0.34052415232228034
2023-03-10,Consumer,0.138964,0.13218000000000002,0.11678486751748467,21,5,0.9546965947739986
2023-03-10,Energy,0.11544933333333336,0.25682866666666665,0.12830043717309347,18,4,0.7329002649466911
2023-03-10,Financials,0.0075823333333333385,0.091547,0.08739435720124118,23,5,0.7223207984704674
2023-03-10,Healthcare,0.17232333333333333,0.12732333333333334,0.09496988087340083,9,4,0.5879199135134913
2023-03-10,Industrials,0.12393761904761905,0.08122,0.10039648621488181,14,4,0.5578219021983555
2023-03-10,Materials,0.084,-0.04019,0.04815111248050923,5,4,0.45151468487754115
2023-03-10,RealEstate,0.26161999999999996,0.050170000000000006,0.08179620951372654,9,5,0.7116925268847526
2023-03-10,Tech,0.053125,0.18233878787878788,0.12546001547338712,25,4,0.6433044384720948
2023-03-10,Utilities,0.22115666666666667,0.03182,0.11161674673279828,7,4,0.49222331689148385
2023-03-13,Comm,0.06463933333333334,0.025708,0.0623893885963422,10,3,0.4550866930333618
2023-03-13,Consumer,0.053982190476190475,0.138964,0.11880115228862242,41,5,0.6144564195059878
2023-03-13,Energy,0.15785444444444444,0.11544933333333336,0.12713215500584255,30,5,0.8088010117486489
2023-03-13,Financials,-0.09466003030303032,0.0075823333333333385,0.08013871866779501,45,5,0.6715589038629269
2023-03-13,Healthcare,0.15924571428571427,0.17232333333333333,0.10200201291521287,18,5,0.7686514973831152
2023-03-13,Industrials,0.14512799999999998,0.12393761904761905,0.10253658919967612,18,4,0.6431573753613821
2023-03-13,Materials,0.13992,0.084,0.051410102255008396,8,5,0.7296946121191722
2023-03-13,RealEstate,0.021646666666666665,0.26161999999999996,0.09814382683066049,11,5,0.6941472118590813
2023-03-13,Tech,0.061521000000000006,0.053125,0.11888410497580648,28,5,0.8398934138132015
2023-03-13,Utilities,0.130795,0.22115666666666667,0.12157492127224087,5,2,0.185917811420164
2023-03-14,Comm,0.0,0.06463933333333334,0.06259392902697776,3,1,0.09023767278119472
2023-03-14,Consumer,-0.04649666666666667,0.053982190476190475,0.11290851939658315,19,5,0.6475672502016959
2023-03-14,Energy,0.21197166666666667,0.15785444444444444,0.1299250904093518,24,5,0.8788610241534837
2023-03-14,Financials,0.17148380952380954,-0.09466003030303032,0.06424792330681088,27,5,0.628318106054403
2023-03-14,Healthcare,-0.002557333333333328,0.15924571428571427,0.10720598576707663,15,5,0.7774469440626567
2023-03-14,Industrials,0.12750666666666666,0.14512799999999998,0.1064085356360692,7,2,0.2953339901348903
2023-03-14,Materials,0.06376000000000001,0.13992,0.05945645659546217,13,4,0.6385623072725615
2023-03-14,RealEstate,0.20270000000000002,0.021646666666666665,0.0911895395430247,7,5,0.5679499810286351
2023-03-14,Tech,0.15275083333333334,0.061521000000000006,0.11366927725073314,18,4,0.5729947525946859
2023-03-14,Utilities,-0.002426666666666666,0.130795,0.12241311024749171,5,3,0.2873275267402535
2023-03-15,Comm,0.13586,0.0,0.05690357184270706,9,3,0.4662813107175965
2023-03-15,Consumer,0.06556166666666667,-0.04649666666666667,0.09841713884537863,20,5,0.8013749886622578
2023-03-15,Energy,0.1294664285714286,0.21197166666666667,0.1373838700691077,28,5,0.8583526097211839
2023-03-15,Financials,0.011017111111111116,0.17148380952380954,0.07399664023562895,26,5,0.8299639536439083
2023-03-15,Healthcare,0.08162666666666668,-0.002557333333333328,0.0972275022124939,14,5,0.7670051155227386
2023-03-15,Industrials,0.046380000000000005,0.12750666666666666,0.10832654754794169,9,4,0.6439122862290618
2023-03-15,Materials,0.08374181818181818,0.06376000000000001,0.05984768781405651,15,5,0.34207665538756904
2023-03-15,RealEstate,0.12635400000000002,0.20270000000000002,0.10132685413002245,10,4,0.5086263039784631
2023-03-15,Tech,0.027275238095238095,0.15275083333333334,0.11722214598551499,19,5,0.775657475516317
2023-03-15,Utilities,0.232375,-0.002426666666666666,0.11106403961893183,9,4,0.5008206670670481
2023-03-16,Comm,0.08991828571428573,0.13586,0.0640814289479155,14,4,0.48442428348804556
2023-03-16,Consumer,0.04221666666666667,0.06556166666666667,0.09543027773822299,15,5,0.8726445290499207
2023-03-16,Energy,-0.04001199999999999,0.1294664285714286,0.13666410266022777,15,5,0.806784564593323
2023-03-16,Financials,-0.1286202777777778,0.011017111111111116,0.06827122849703642,26,5,0.7727250602891561
2023-03-16,Healthcare,0.04588,0.08162666666666668,0.09580924443560053,9,5,0.7116925268847526
2023-03-16,Industrials,0.201645,0.046380000000000005,0.10269504322540153,6,3,0.2795223152351191
2023-03-16,Materials,0.10406,0.08374181818181818,0.06201988148385303,7,3,0.3885973554406451
2023-03-16,RealEstate,0.18654,0.12635400000000002,0.10360204920911129,8,4,0.4643511168031096
2023-03-16,Tech,0.11989663636363637,0.027275238095238095,0.10904515435912616,49,5,0.8016249952286355
2023-03-16,Utilities,0.1459,0.232375,0.12209230874448349,9,5,0.7954210594594292
2023-03-17,Comm,0.04046,0.08991828571428573,0.0664302341084946,4,2,0.1762147314824891
2023-03-17,Consumer,-0.02581300000000001,0.04221666666666667,0.09059267673171786,17,5,0.833895895467062
2023-03-17,Energy,0.05039333333333333,-0.04001199999999999,0.12060263878202523,11,4,0.6520776838676219
2023-03-17,Financials,-0.04826114285714286,-0.1286202777777778,0.050372000653871485,28,5,0.9298819938646159
2023-03-17,Healthcare,0.06898,0.04588,0.09127022221418228,8,3,0.4256551904028505
2023-03-17,Industrials,0.06825333333333333,0.201645,0.11169049384127412,6,3,0.3593858338737245
2023-03-17,Materials,0.039052142857142855,0.10406,0.06584171043986639,12,3,0.39677762038280184
2023-03-17,RealEstate,0.15955,0.18654,0.11114186291737391,6,4,0.5031401674232144
2023-03-17,Tech,0.08506141666666667,0.11989663636363637,0.11003165272317254,37,5,0.6857960877042673
2023-03-17,Utilities,0.20762333333333333,0.1459,0.12425664431316681,11,4,0.6520776838676219
2023-03-20,Comm,0.183634,0.04046,0.0640693037349951,11,5,0.6148161019323292
2023-03-20,Consumer,0.042434285714285716,-0.02581300000000001,0.08001034248337988,26,5,0.8198424420141046
2023-03-20,Energy,0.26259466666666664,0.05039333333333333,0.11421997465032596,29,5,0.7322740842437894
2023-03-20,Financials,0.13583814285714285,-0.04826114285714286,0.04140535124377927,40,5,0.723739031581609
2023-03-20,Healthcare,0.08144933333333335,0.06898,0.08924383837652934,20,5,0.8726083209877918
2023-03-20,Industrials,0.07919666666666667,0.06825333333333333,0.10774166106782497,11,4,0.6520776838676219
2023-03-20,Materials,0.14259666666666668,0.039052142857142855,0.06340629520507333,8,3,0.4643511168031096
2023-03-20,RealEstate,0.040580000000000005,0.15955,0.1155426026521581,8,4,0.5675402538704672
2023-03-20,Tech,0.13279933333333332,0.08506141666666667,0.10776163126349018,44,5,0.6791958529005667
2023-03-20,Utilities,0.10989333333333333,0.20762333333333333,0.13183543422409102,10,4,0.4117451032206606
2023-03-21,Comm,0.084422,0.183634,0.07493882157726828,13,5,0.7276640245664072
2023-03-21,Consumer,0.16059555555555555,0.042434285714285716,0.07659433732255314,21,4,0.6435362231439545
2023-03-21,Energy,-0.03183533333333334,0.26259466666666664,0.12770858301544785,16,4,0.4308155715465583
2023-03-21,Financials,0.12551285714285715,0.13583814285714285,0.04999015048135778,19,5,0.8113198881837339
2023-03-21,Healthcare,0.157915,0.08144933333333335,0.08853524700896606,13,5,0.8022962322142437
2023-03-21,Industrials,0.19473000000000001,0.07919666666666667,0.10514666157681056,5,3,0.35117808823808755
2023-03-21,Materials,0.057467000000000004,0.14259666666666668,0.07060541988340001,12,4,0.5692896292448896
2023-03-21,RealEstate,0.3596066666666667,0.040580000000000005,0.108727820592871,8,4,0.5675402538704672
2023-03-21,Tech,0.08250033333333334,0.13279933333333332,0.1100377859971123,29,5,0.5684432721756872
2023-03-21,Utilities,0.19539,0.10989333333333333,0.12984069777947668,5,4,0.45151468487754115
2023-03-22,Comm,0.14209666666666668,0.084422,0.07580092870660751,6,3,0.3593858338737245
2023-03-22,Consumer,-0.0445123076923077,0.16059555555555555,0.08423081170737154,30,5,0.6750143782263159
2023-03-22,Energy,0.14030916666666665,-0.03183533333333334,0.1132045906201041,22,5,0.7710609153014757
2023-03-22,Financials,0.06761857142857142,0.12551285714285715,0.05685585108694863,21,5,0.8601721794498404
2023-03-22,Healthcare,0.011967999999999998,0.157915,0.09484249728087824,20,5,0.8924403282829689
2023-03-22,Industrials,0.16538,0.19473000000000001,0.11329060143346417,5,3,0.35117808823808755
2023-03-22,Materials,0.07820666666666667,0.057467000000000004,0.06941101807581819,6,4,0.4192834728526787
2023-03-22,RealEstate,0.13924,0.3596066666666667,0.1315349884177615,3,3,0.27071301834358413
2023-03-22,Tech,0.0671015037593985,0.08250033333333334,0.10753438120949603,39,5,0.6511249649237567
2023-03-22,Utilities,0.03642666666666667,0.19539,0.13579972525406972,8,4,0.5107862284834206
2023-03-23,Comm,0.18723,0.14209666666666668,0.0818278139757038,9,4,0.5879199135134913
2023-03-23,Consumer,0.08105333333333335,-0.0445123076923077,0.07252689176194614,20,5,0.8726083209877918
2023-03-23,Energy,0.14501666666666665,0.14030916666666665,0.11566864298797344,17,5,0.8868416666078278
2023-03-23,Financials,-0.025778333333333337,0.06761857142857142,0.05783428020891433,21,5,0.7179949597060651
2023-03-23,Healthcare,0.13782,0.011967999999999998,0.08730845207352567,11,3,0.5248430138446711
2023-03-23,Industrials,0.07804,0.16538,0.11802600130314925,4,3,0.2936912191374818
2023-03-23,Materials,0.046794999999999996,0.07820666666666667,0.07021062249316805,9,4,0.5008206670670481
2023-03-23,RealEstate,0.1092,0.13924,0.1322354440161468,4,4,0.4405368287062228
2023-03-23,Tech,0.1406757142857143,0.0671015037593985,0.10385866507766897,35,5,0.7395063109318403
2023-03-23,Utilities,0.085,0.03642666666666667,0.12676581083703306,7,4,0.3885973554406451
2023-03-24,Comm,0.12738,0.18723,0.09140983088700345,2,2,0.13187198158574429
2023-03-24,Consumer,0.192444,0.08105333333333335,0.07330202281389044,15,5,0.7774469440626567
2023-03-24,Energy,0.194102,0.14501666666666665,0.11833664514058188,11,5,0.6148161019323292
2023-03-24,Financials,-0.10548969696969698,-0.025778333333333337,0.05023313352325546,24,5,0.6491587110224596
2023-03-24,Healthcare,0.031921333333333336,0.13782,0.09190041097593242,11,4,0.55175804019568
2023-03-24,Industrials,0.07258666666666667,0.07804,0.1143909102755902,8,4,0.5675402538704672
2023-03-24,Materials,0.0,0.046794999999999996,0.06808192953924368,1,1,0.03625384938440364
2023-03-24,RealEstate,0.068,0.1092,0.13014131274195165,2,2,0.13187198158574429
2023-03-24,Tech,0.05344619047619048,0.1406757142857143,0.10720566955112765,29,5,0.7016350012210367
2023-03-24,Utilities,0.14006000000000002,0.085,0.12296891894275734,2,2,0.13187198158574429
2023-03-27,Comm,0.1007742857142857,0.12738,0.09467984626091222,13,3,0.46700825457247047
2023-03-27,Consumer,0.14468416666666667,0.192444,0.0841331116489913,29,5,0.8872527264117873
2023-03-27,Energy,0.06127250000000001,0.194102,0.12522440467325627,25,5,0.8805514654263428
2023-03-27,Financials,0.09948515873015873,-0.10548969696969698,0.03607651256935069,29,5,0.8779621219467423
2023-03-27,Healthcare,0.13018666666666667,0.031921333333333336,0.08644776755387795,22,5,0.9193418605517596
2023-03-27,Industrials,0.15798222222222222,0.07258666666666667,0.1105905244929608,17,4,0.5424371358863411
2023-03-27,Materials,0.01146666666666667,0.0,0.061892663217494245,5,2,0.24312329185713755
2023-03-27,RealEstate,0.05091,0.068,0.12449210249268332,8,3,0.34052415232228034
2023-03-27,Tech,0.14776197435897437,0.05344619047619048,0.10231844418067881,48,5,0.6756140624607404
2023-03-27,Utilities,0.075955,0.14006000000000002,0.12452265358432486,7,4,0.3885973554406451
2023-03-28,Comm,0.1739433333333333,0.1007742857142857,0.09523388621121891,7,4,0.49222331689148385
2023-03-28,Consumer,0.15801928571428572,0.14468416666666667,0.08963775301423452,22,5,0.8691959408852998
2023-03-28,Energy,0.11946000000000001,0.06127250000000001,0.1194105951575057,15,5,0.7247386766685783
2023-03-28,Financials,0.22000999999999998,0.09948515873015873,0.04184093494760597,16,5,0.7921447605856073
2023-03-28,Healthcare,0.19232833333333335,0.13018666666666667,0.09042403110958601,13,5,0.7276640245664072
2023-03-28,Industrials,0.04354499999999999,0.15798222222222222,0.11489886065016637,6,2,0.2515700837116072
2023-03-28,Materials,0.14841,0.01146666666666667,0.05730848171287356,4,2,0.2202684143531114
2023-03-28,RealEstate,0.059199999999999996,0.05091,0.11780282044789392,2,2,0.13187198158574429
2023-03-28,Tech,0.12816,0.14776197435897437,0.10644967419688749,20,5,0.6135527256945411
2023-03-28,Utilities,0.33566,0.075955,0.12010741234938623,7,4,0.3885973554406451
2023-03-29,Comm,0.08532666666666668,0.1739433333333333,0.10238929049504748,7,4,0.49222331689148374
2023-03-29,Consumer,0.10003333333333334,0.15801928571428572,0.09585425598696644,24,5,0.7616795542663526
2023-03-29,Energy,0.03531388888888889,0.11946000000000001,0.11941508650682335,29,5,0.7519765259723218
2023-03-29,Financials,0.031502833333333334,0.22000999999999998,0.05803812267964179,20,5,0.7408938574424647
2023-03-29,Healthcare,0.04743666666666666,0.19232833333333335,0.09968805858447213,12,5,0.7274256373684701
2023-03-29,Industrials,0.049815000000000005,0.04354499999999999,0.10841214604560578,12,4,0.6891400775069715
2023-03-29,Materials,0.08631333333333333,0.14841,0.06559043792079414,8,3,0.26883485709653715
2023-03-29,RealEstate,0.12131333333333334,0.059199999999999996,0.11247529131626718,5,3,0.2873275267402534
2023-03-29,Tech,0.13291666666666666,0.12816,0.10842334017898861,26,5,0.7727250602891559
2023-03-29,Utilities,0.05637000000000001,0.33566,0.13970310213580567,8,4,0.5675402538704672
2023-03-30,Comm,0.16473333333333334,0.08532666666666668,0.10083814287428558,6,4,0.4192834728526787
2023-03-30,Consumer,0.1461078205128205,0.10003333333333334,0.09623417210936343,26,5,0.6342177381618544
2023-03-30,Energy,0.07989666666666667,0.03531388888888889,0.11176952308701113,16,5,0.7673902368173071
2023-03-30,Financials,0.2109004761904762,0.031502833333333334,0.0556258236481592,17,4,0.6007637096375607
2023-03-30,Healthcare,0.008293333333333342,0.04743666666666666,0.09493793204648981,13,4,0.7276640245664072
2023-03-30,Industrials,0.19546666666666665,0.049815000000000005,0.10308513276873255,6,3,0.3593858338737245
2023-03-30,Materials,0.09992999999999999,0.08631333333333333,0.06747433750375224,6,3,0.3593858338737245
2023-03-30,RealEstate,0.16253666666666666,0.12131333333333334,0.11327874968145504,7,3,0.4343146913748387
2023-03-30,Tech,0.1966152380952381,0.13291666666666666,0.11065000622332297,31,5,0.8524886374742399
2023-03-30,Utilities,0.23515000000000003,0.05637000000000001,0.13212736557800514,5,4,0.45151468487754115
2023-03-31,Comm,0.19658533333333333,0.16473333333333334,0.10664679655238082,9,3,0.38634737173743705
2023-03-31,Consumer,0.07702914285714288,0.1461078205128205,0.10076814014604134,24,4,0.6418647929210837
2023-03-31,Energy,0.140608,0.07989666666666667,0.10887199068516162,14,5,0.7363249109018292
2023-03-31,Financials,0.14908133333333334,0.2109004761904762,0.0697417011520062,13,5,0.7276640245664072
2023-03-31,Healthcare,0.09887000000000001,0.008293333333333342,0.08706115034529377,11,4,0.6941472118590813
2023-03-31,Industrials,-0.029546666666666666,0.19546666666666665,0.1114834540321811,6,3,0.3593858338737245
2023-03-31,Materials,0.023930000000000007,0.09992999999999999,0.0704248522761384,5,3,0.35117808823808755
2023-03-31,RealEstate,0.1467,0.16253666666666666,0.11775674213465608,4,3,0.2936912191374818
2023-03-31,Tech,0.17308566666666667,0.1966152380952381,0.11846502730258798,22,5,0.8102674025201947
2023-03-31,Utilities,0.08556666666666667,0.23515000000000003,0.1414930596163683,8,3,0.3929124834487851
2023-04-03,Comm,0.14956285714285716,0.19658533333333333,0.11482302716883105,18,4,0.6179355175040729
2023-04-03,Consumer,0.11564195488721804,0.07702914285714288,0.0986100494834142,47,5,0.7736662916074206
2023-04-03,Energy,-0.03699717105263158,0.140608,0.11175708244105602,64,5,0.7953376100729214
2023-04-03,Financials,0.1105602380952381,0.14908133333333334,0.0769543949866723,28,5,0.9410853913810572
2023-04-03,Healthcare,-0.04046466666666667,0.09887000000000001,0.08813468213208524,16,5,0.8467754337294423
2023-04-03,Industrials,0.09313500000000001,-0.029546666666666666,0.09866253396864948,10,4,0.5764431445089249
2023-04-03,Materials,-0.052669999999999995,0.023930000000000007,0.0661980475237622,5,4,0.45151468487754115
2023-04-03,RealEstate,0.11286800000000001,0.1467,0.12038794739514189,9,4,0.4361986455100096
2023-04-03,Tech,0.15859539972671005,0.17308566666666667,0.12343053997204967,64,5,0.687246424811333
2023-04-03,Utilities,0.24288499999999996,0.08556666666666667,0.13640884207548634,8,4,0.4643511168031096
2023-04-04,Comm,0.059763,0.14956285714285716,0.11798119353010614,12,5,0.5951664305742027
2023-04-04,Consumer,0.12417666666666667,0.11564195488721804,0.10015840452012363,13,5,0.8022962322142437
2023-04-04,Energy,0.29518920634920637,-0.03699717105263158,0.09823396848708442,33,5,0.6904879740997526
2023-04-04,Financials,-0.06442299999999998,0.1105602380952381,0.08000947163290555,29,5,0.9163429797367638
2023-04-04,Healthcare,0.20332111111111112,-0.04046466666666667,0.07644383224128962,15,4,0.4501008623520644
2023-04-04,Industrials,0.08333357142857142,0.09313500000000001,0.09816003088059042,16,4,0.62965352764497
2023-04-04,Materials,0.06972666666666667,-0.052669999999999995,0.05539186138523835,6,3,0.3593858338737245
2023-04-04,RealEstate,0.131125,0.11286800000000001,0.11970431581376535,7,4,0.3885973554406451
2023-04-04,Tech,0.13741923376623374,0.15859539972671005,0.12662734540429152,33,5,0.8270103111841143
2023-04-04,Utilities,0.14489666666666667,0.24288499999999996,0.14608849279589667,7,4,0.49222331689148385
2023-04-05,Comm,0.02126,0.059763,0.11268863048191466,8,2,0.31924139280213787
2023-04-05,Consumer,0.10961714285714286,0.12417666666666667,0.10234188289708208,20,5,0.8536385748793617
2023-04-05,Energy,0.07523562770562771,0.29518920634920637,0.11613899011091369,28,5,0.7232415507835903
2023-04-05,Financials,0.009852142857142856,-0.06442299999999998,0.06687924693900504,19,5,0.7429982133893142
2023-04-05,Healthcare,0.029206666666666676,0.20332111111111112,0.08797813032036429,15,5,0.8726445290499207
2023-04-05,Industrials,0.026093333333333336,0.08333357142857142,0.09681217093040687,11,3,0.43915435852309226
2023-04-05,Materials,0.17040000000000002,0.06972666666666667,0.05669502550173183,4,3,0.2936912191374818
2023-04-05,RealEstate,0.021182857142857146,0.131125,0.12074255983069578,7,1,0.15068060721167872
2023-04-05,Tech,0.08087736842105264,0.13741923376623374,0.12760842616446808,31,4,0.44297908413788445
2023-04-05,Utilities,0.08232999999999999,0.14489666666666667,0.14598014496596665,5,2,0.24312329185713755
2023-04-06,Comm,0.20078000000000001,0.02126,0.10437693680174061,12,5,0.7702153807430859
2023-04-06,Consumer,0.12480044444444442,0.10961714285714286,0.10300327016617852,26,5,0.8730789642228126
2023-04-06,Energy,0.12416584615384614,0.07523562770562771,0.11242050261952405,20,4,0.40068749433112877
2023-04-06,Financials,0.18461666666666665,0.009852142857142856,0.06169496474974484,15,5,0.7247386766685783
2023-04-06,Healthcare,0.05140199999999999,0.029206666666666676,0.08263526998820996,18,5,0.9004203255059348
2023-04-06,Industrials,0.06067999999999999,0.026093333333333336,0.09038318569430928,15,4,0.6787235225943828
2023-04-06,Materials,0.14561,0.17040000000000002,0.06703184136521076,6,4,0.5031401674232144
2023-04-06,RealEstate,0.09469000000000001,0.021182857142857146,0.11169167776816499,8,4,0.6384827856042757
2023-04-06,Tech,0.3205784615384616,0.08087736842105264,0.12336014818779395,19,5,0.3943286607373455
2023-04-06,Utilities,0.34415999999999997,0.08232999999999999,0.14019376815087878,6,4,0.4192834728526786
2023-04-10,Comm,0.03769666666666667,0.20078000000000001,0.113140851637946,10,5,0.7205539306361561
2023-04-10,Consumer,0.1641003663003663,0.12480044444444442,0.1049848314642027,35,5,0.8186507990583248
2023-04-10,Energy,0.11479577357425183,0.12416584615384614,0.11348826112264424,49,5,0.6568719181148462
2023-04-10,Financials,0.043448727272727285,0.18461666666666665,0.07286966492401047,43,4,0.6213981809705911
2023-04-10,Healthcare,0.1212428787878788,0.05140199999999999,0.07979588180746358,28,5,0.7733672028180965
2023-04-10,Industrials,0.14524750000000003,0.06067999999999999,0.0876828960857357,21,4,0.7179949597060651
2023-04-10,Materials,0.16103285714285714,0.14561,0.07417531033200978,11,4,0.3912466103205731
2023-04-10,RealEstate,0.07998166666666667,0.09469000000000001,0.1101460706983318,16,5,0.6462233573198375
2023-04-10,Tech,0.19049891073838443,0.3205784615384616,0.14128908576512736,56,5,0.8384912079468283
2023-04-10,Utilities,0.186084,0.34415999999999997,0.15873615286443524,7,3,0.2734573982730465
2023-04-11,Comm,0.04052,0.03769666666666667,0.10628228936782971,9,4,0.5408863204324119
2023-04-11,Consumer,0.056384000000000004,0.1641003663003663,0.11035897099476302,18,4,0.4848417137339649
2023-04-11,Energy,0.10223555555555555,0.11479577357425183,0.11360712589097219,18,4,0.5729947525946859
2023-04-11,Financials,0.0651636813186813,0.043448727272727285,0.07019503422843927,28,5,0.6455379130960971
2023-04-11,Healthcare,-0.0077800000000000005,0.1212428787878788,0.08356379062386497,13,5,0.8022962322142437
2023-04-11,Industrials,-0.016513333333333335,0.14524750000000003,0.09291604189612337,9,4,0.5008206670670481
2023-04-11,Materials,0.05121428571428571,0.16103285714285714,0.08207145095117771,12,4,0.436455382421082
2023-04-11,RealEstate,0.35245000000000004,0.07998166666666667,0.10740385214999862,5,4,0.45151468487754115
2023-04-11,Tech,0.062146,0.19049891073838443,0.14576270621724163,21,5,0.6075341966743627
2023-04-11,Utilities,0.11322999999999998,0.186084,0.1612223207858502,7,5,0.6712136139429324
2023-04-12,Comm,0.14808,0.04052,0.10030389942529971,13,5,0.8456635961177164
2023-04-12,Consumer,0.0575652380952381,0.056384000000000004,0.10545215544978456,20,5,0.8354760520095879
2023-04-12,Energy,0.04597833333333333,0.10223555555555555,0.11257334676957069,19,5,0.8714176576788252
2023-04-12,Financials,0.1274229523809524,0.0651636813186813,0.06973763850937036,29,5,0.7259340488823715
2023-04-12,Healthcare,0.06758499999999999,-0.0077800000000000005,0.07525980965805906,20,5,0.8354760520095879
2023-04-12,Industrials,0.06293266666666666,-0.016513333333333335,0.08296791687526366,16,4,0.663688853463617
2023-04-12,Materials,0.04588,0.05121428571428571,0.07926625411146025,2,1,0.06593599079287214
2023-04-12,RealEstate,0.12002666666666668,0.35245000000000004,0.1296807746818169,5,2,0.24312329185713755
2023-04-12,Tech,0.12446133333333334,0.062146,0.13816118747021966,27,5,0.7149826724067344
2023-04-12,Utilities,0.18570666666666666,0.11322999999999998,0.15685938253259107,5,3,0.2873275267402534
2023-04-13,Comm,0.0014371428571428578,0.14808,0.10464718129572703,13,5,0.5129434927271396
2023-04-13,Consumer,-0.014880000000000008,0.0575652380952381,0.10109879932664396,23,5,0.6505373650820979
2023-04-13,Energy,0.10176,0.04597833333333333,0.10651925463900365,20,4,0.5530616118936709
2023-04-13,Financials,0.05647070676691729,0.1274229523809524,0.07498175795224146,36,5,0.5781394753537248
2023-04-13,Healthcare,-0.10012571428571429,0.06758499999999999,0.0745620996891446,11,4,0.3912466103205731
2023-04-13,Industrials,0.17934,0.06293266666666666,0.08114653049266393,6,3,0.3593858338737245
2023-04-13,Materials,0.034,0.04588,0.0762311401013275,5,4,0.45151468487754115
2023-04-13,RealEstate,-0.01027,0.12002666666666668,0.12880312849862144,3,2,0.1624278110061505
2023-04-13,Tech,0.047861551587301585,0.12446133333333334,0.13691574618504818,45,5,0.8525263558512524
2023-04-13,Utilities,0.144018,0.18570666666666666,0.15948186290841612,9,4,0.4361986455100096
2023-04-14,Comm,0.011933333333333334,0.0014371428571428578,0.095264450528583,7,2,0.19954999333438533
2023-04-14,Consumer,0.124798,-0.014880000000000008,0.09055527211513088,16,5,0.7222496346515831
2023-04-14,Energy,0.198525,0.10176,0.10608659512636695,24,5,0.7516574548681111
2023-04-14,Financials,0.08734521212121213,0.05647070676691729,0.07329893511721199,55,5,0.47450187880080147
2023-04-14,Healthcare,0.08340966666666665,-0.10012571428571429,0.058681389327793786,17,5,0.833895895467062
2023-04-14,Industrials,0.12549166666666667,0.17934,0.09007320953878539,10,4,0.5764431445089249
2023-04-14,Materials,0.01591,0.034,0.07239194554666137,4,1,0.1101342071765557
2023-04-14,RealEstate,0.07364,-0.01027,0.11616011681692857,6,3,0.4192834728526787
2023-04-14,Tech,0.17298980952380952,0.047861551587301585,0.12881991031252576,36,5,0.7529258283676417
2023-04-14,Utilities,0.14492333333333335,0.144018,0.1580760571894692,8,5,0.6384827856042757
2023-04-17,Comm,0.014846666666666666,0.011933333333333334,0.08768889441992393,15,5,0.4597804507897433
2023-04-17,Consumer,0.04868159663865546,0.124798,0.0936682473773917,39,5,0.7257168463470031
2023-04-17,Energy,0.09421566666666667,0.198525,0.1144900864785154,28,5,0.7166063071984198
2023-04-17,Financials,0.11855905497076025,0.08734521212121213,0.0745758693903029,71,5,0.7462615200735168
2023-04-17,Healthcare,0.1497842857142857,0.08340966666666665,0.06092941454041859,30,5,0.5507786030926383
2023-04-17,Industrials,0.109958,0.12549166666666667,0.09329306927768369,17,4,0.6897657406949772
2023-04-17,Materials,0.10533999999999999,0.01591,0.0672572232242376,2,2,0.13187198158574429
2023-04-17,RealEstate,0.010589999999999999,0.07364,0.11229465165175326,8,4,0.5675402538704672
2023-04-17,Tech,0.13807309523809524,0.17298980952380952,0.13283535569536972,37,5,0.7296870373173404
2023-04-17,Utilities,0.09133,0.14492333333333335,0.15688035502072958,10,4,0.5086263039784631
2023-04-18,Comm,0.08579095238095238,0.014846666666666666,0.08106687371508237,13,4,0.4966595723231035
2023-04-18,Consumer,-0.005347857142857143,0.04868159663865546,0.08957855185568842,21,5,0.8775493951963017
2023-04-18,Energy,0.018472171717171713,0.09421566666666667,0.11264695740471095,28,5,0.6912397122533427
2023-04-18,Financials,0.16199823809523808,0.11855905497076025,0.07857434080670811,46,5,0.48638763232774995
2023-04-18,Healthcare,0.10433666666666667,0.1497842857142857,0.06900713010167923,13,5,0.6135206481638334
2023-04-18,Industrials,0.11027333333333333,0.109958,0.09480806297971243,11,4,0.6520776838676219
2023-04-18,Materials,0.14026,0.10533999999999999,0.070719293840216,8,4,0.6384827856042757
2023-04-18,RealEstate,0.13443666666666668,0.010589999999999999,0.10304877422886657,20,5,0.7699485185186395
2023-04-18,Tech,0.23580714285714283,0.13807309523809524,0.1333115138356175,42,5,0.6231813901201938
2023-04-18,Utilities,0.10183666666666666,0.09133,0.15092123183702688,14,5,0.8003531640237274
2023-04-19,Comm,0.08130066666666666,0.08579095238095238,0.08149633541197963,12,3,0.5237464589052984
2023-04-19,Consumer,0.13482166666666667,-0.005347857142857143,0.08094887831036608,28,5,0.7300008176133433
2023-04-19,Energy,0.23358833333333334,0.018472171717171713,0.10408561325129831,25,5,0.8222367988418166
2023-04-19,Financials,0.24439689775910364,0.16199823809523808,0.08615833146930174,62,5,0.8025019140177471
2023-04-19,Healthcare,0.14225072549019607,0.10433666666666667,0.07221890615304173,33,5,0.6126865122293579
2023-04-19,Industrials,0.10808333333333334,0.11027333333333333,0.09621399664822342,15,4,0.6578397218991711
2023-04-19,Materials,0.015786666666666668,0.14026,0.07704117621837818,8,3,0.4643511168031096
2023-04-19,RealEstate,0.052258000000000006,0.13443666666666668,0.10590221899593932,11,4,0.55175804019568
2023-04-19,Tech,0.078788,0.23580714285714283,0.14262929829211982,24,5,0.8279125589851658
2023-04-19,Utilities,0.27201333333333333,0.10183666666666666,0.1464589986397214,8,5,0.6384827856042757
2023-04-20,Comm,-0.0006125641025641032,0.08130066666666666,0.08147854734422391,32,3,0.2946105375654956
2023-04-20,Consumer,0.14552822222222223,0.13482166666666667,0.08584640452457523,22,5,0.7243299507377496
2023-04-20,Energy,0.10873916666666665,0.23358833333333334,0.11585858780421057,20,5,0.6889013060429935
2023-04-20,Financials,0.05921880952380952,0.24439689775910364,0.10054365567746555,43,5,0.8383943711507975
2023-04-20,Healthcare,0.18465199999999998,0.14225072549019607,0.07858543518369213,14,4,0.6347628542257148
2023-04-20,Industrials,0.10771199999999999,0.10808333333333334,0.0972930272559607,14,4,0.6136040924181909
2023-04-20,Materials,0.14123128571428573,0.015786666666666668,0.07147258444094987,20,5,0.8013749886622578
2023-04-20,RealEstate,0.093145,0.052258000000000006,0.10102547181449029,9,4,0.5008206670670481
2023-04-20,Tech,0.059062666666666666,0.078788,0.13682554390192708,36,5,0.8576373674121482
2023-04-20,Utilities,0.14851733333333333,0.27201333333333333,0.1578730290664134,12,5,0.654683073631623
2023-04-21,Comm,0.2198840909090909,-0.0006125641025641032,0.07401571903087954,20,5,0.5379092389650771
2023-04-21,Consumer,0.18236619047619046,0.14552822222222223,0.0912720243152704,22,5,0.8536745847980625
2023-04-21,Energy,0.18619525274725274,0.10873916666666665,0.1152113677007975,30,5,0.7013821273757814
2023-04-21,Financials,0.06736000000000002,0.05921880952380952,0.09678685148167865,8,4,0.5675402538704672
2023-04-21,Healthcare,0.19114399999999998,0.18465199999999998,0.08822785016699283,12,5,0.6891400775069715
2023-04-21,Industrials,0.138898,0.10771199999999999,0.0982402065963279,8,3,0.34052415232228034
2023-04-21,Materials,0.02732,0.14123128571428573,0.07781428455670766,8,4,0.5675402538704672
2023-04-21,RealEstate,0.09422499999999999,0.093145,0.10030906528590026,7,3,0.351588083493917
2023-04-21,Tech,0.11072671428571428,0.059062666666666666,0.12975619142599432,30,5,0.685319941252672
2023-04-21,Utilities,0.0,0.14851733333333333,0.15702251127249703,5,3,0.2873275267402535
2023-04-24,Comm,-0.03847554112554112,0.2198840909090909,0.08727648011071694,27,4,0.6750766627840329
2023-04-24,Consumer,0.17842400000000003,0.18236619047619046,0.09955331214808132,46,5,0.6674404418377642
2023-04-24,Energy,0.12091348484848483,0.18619525274725274,0.12166444815956615,31,5,0.6637022264072802
2023-04-24,Financials,0.09774102597402597,0.06736000000000002,0.0941116831651624,34,5,0.8882403660993011
2023-04-24,Healthcare,0.18285911111111114,0.19114399999999998,0.09758386378817531,25,5,0.8222367988418168
2023-04-24,Industrials,0.09607000000000002,0.138898,0.10193636963302537,16,4,0.5710811064686936
2023-04-24,Materials,0.06069,0.02732,0.07322389505155243,6,5,0.6289252092790181
2023-04-24,RealEstate,0.19694666666666666,0.09422499999999999,0.0997559684417275,14,5,0.6574329561623474
2023-04-24,Tech,0.26963711111111116,0.11072671428571428,0.12802623895869614,35,5,0.6073860767206928
2023-04-24,Utilities,0.059515384615384616,0.0,0.14274773752045183,18,4,0.3540978808169407
2023-04-25,Comm,-0.039366666666666675,-0.03847554112554112,0.07584447818014803,11,4,0.4781903015029228
2023-04-25,Consumer,0.06457399999999999,0.17842400000000003,0.10672337468007394,30,5,0.6367156901000002
2023-04-25,Energy,0.14581214285714286,0.12091348484848483,0.12159617876764965,16,4,0.598938721418386
2023-04-25,Financials,-0.07386090909090909,0.09774102597402597,0.09444162342051363,27,5,0.7599030497307179
2023-04-25,Healthcare,0.22695071428571428,0.18285911111111114,0.1053361589993513,24,5,0.7825474872599514
2023-04-25,Industrials,0.0527395115995116,0.09607000000000002,0.10140306330275033,47,4,0.6374652994341085
2023-04-25,Materials,0.09008952380952381,0.06069,0.07208445004686584,16,5,0.6821246549487173
2023-04-25,RealEstate,0.09312333333333334,0.19694666666666666,0.1085914864621765,15,5,0.7247386766685783
2023-04-25,Tech,0.26832142857142854,0.26963711111111116,0.14089995460891566,36,5,0.5000125192248431
2023-04-25,Utilities,0.1393,0.059515384615384616,0.13518115998362754,13,5,0.5129434927271396
2023-04-26,Comm,0.060548333333333336,-0.039366666666666675,0.06537073773952849,19,5,0.6358993718196834
2023-04-26,Consumer,0.11874577922077922,0.06457399999999999,0.10289161334552174,38,5,0.7478120974767418
2023-04-26,Energy,0.141354,0.14581214285714286,0.12379763004851267,16,4,0.7441359872167826
2023-04-26,Financials,0.2556341111111111,-0.07386090909090909,0.07914139319220245,33,5,0.5649447060816158
2023-04-26,Healthcare,0.11207833333333332,0.22695071428571428,0.11639202766174792,17,5,0.6573061764269782
2023-04-26,Industrials,0.11842285714285716,0.0527395115995116,0.09697910405700136,28,4,0.4851558228858866
2023-04-26,Materials,0.036916000000000004,0.09008952380952381,0.0737212749343802,13,4,0.6385623072725615
2023-04-26,RealEstate,-0.02790166666666667,0.09312333333333334,0.10718529072319076,11,3,0.5248430138446711
2023-04-26,Tech,0.162557,0.26832142857142854,0.1524837249691441,25,5,0.6859544564923442
2023-04-26,Utilities,0.21687809523809526,0.1393,0.13555559998511596,13,4,0.4966595723231035
2023-04-27,Comm,0.10097,0.060548333333333336,0.06493233733896529,34,5,0.5578321139754063
2023-04-27,Consumer,0.02642166666666667,0.11874577922077922,0.10433290115236334,25,5,0.6239083247493181
2023-04-27,Energy,0.11869566666666667,0.141354,0.12539366368046606,27,5,0.7599030497307179
2023-04-27,Financials,0.23515866666666668,0.2556341111111111,0.09518618573028506,18,4,0.7003269198379494
2023-04-27,Healthcare,0.09895494047619048,0.11207833333333332,0.11599987363189204,46,5,0.7750132603024588
2023-04-27,Industrials,0.12853333333333333,0.11842285714285716,0.09892853615571551,21,4,0.5080549130083852
2023-04-27,Materials,0.08002,0.036916000000000004,0.07037534084943654,12,5,0.5692896292448897
2023-04-27,RealEstate,0.033575,-0.02790166666666667,0.09490465823320372,5,2,0.185917811420164
2023-04-27,Tech,0.0902497619047619,0.162557,0.15339947724467645,49,5,0.6753493279071064
2023-04-27,Utilities,0.23005533333333333,0.21687809523809526,0.14294855409902313,13,5,0.7276640245664072
2023-04-28,Comm,0.015554999999999996,0.10097,0.06820848848996845,18,3,0.5166346129952085
2023-04-28,Consumer,0.23587999999999995,0.02642166666666667,0.09725006165366364,28,5,0.7439055950916927
2023-04-28,Energy,0.26071781036168135,0.11869566666666667,0.12478475486102976,57,4,0.4465929382638827
2023-04-28,Financials,0.0037038095238095202,0.23515866666666668,0.10791095672450157,17,5,0.70722816451004
2023-04-28,Healthcare,-0.0034552380952381,0.09895494047619048,0.11445033425410098,21,5,0.7425417959353323
2023-04-28,Industrials,0.05442166666666667,0.12853333333333333,0.10161988135368076,13,4,0.6953234012523447
2023-04-28,Materials,0.12206999999999998,0.08002,0.07125212804494231,8,4,0.5675402538704672
2023-04-28,RealEstate,0.32534,0.033575,0.08932923475745794,3,3,0.27071301834358413
2023-04-28,Tech,0.08124178571428571,0.0902497619047619,0.14765859403195697,45,5,0.46174460550666463
2023-04-28,Utilities,0.12224333333333333,0.23005533333333333,0.15086735221123315,14,5,0.7080047220209895
2023-05-01,Comm,0.007800000000000001,0.015554999999999996,0.06342180771815313,17,5,0.6277643258010467
2023-05-01,Consumer,0.07890966666666668,0.23587999999999995,0.10985278332151241,34,5,0.712785478968575
2023-05-01,Energy,0.07895568421052632,0.26071781036168135,0.13714230536108898,44,5,0.6791958529005667
2023-05-01,Financials,-0.10192933333333334,0.0037038095238095202,0.09843757970625684,25,5,0.844610589286492
2023-05-01,Healthcare,0.07224395238095237,-0.0034552380952381,0.1037316458587065,21,5,0.8434698070333385
2023-05-01,Industrials,0.10630499999999998,0.05442166666666667,0.0973291345639522,21,4,0.695019120995471
2023-05-01,Materials,0.07615000000000001,0.12206999999999998,0.07587193458631118,6,3,0.4192834728526787
2023-05-01,RealEstate,0.07571333333333333,0.32534,0.1107847588704163,5,3,0.2873275267402534
2023-05-01,Tech,0.13002325396825398,0.08124178571428571,0.14162070236671412,49,5,0.7444548405301591
2023-05-01,Utilities,0.03741,0.12224333333333333,0.1482651686768786,13,5,0.6385623072725615
2023-05-02,Comm,0.05378166666666667,0.007800000000000001,0.058365279743775575,18,5,0.8517489565596683
2023-05-02,Consumer,0.06762133333333334,0.07890966666666668,0.10703977271652643,26,5,0.679061416617743
2023-05-02,Energy,0.04667233333333333,0.07895568421052632,0.13185261252921965,25,4,0.726068752193651
2023-05-02,Financials,0.08412761904761903,-0.10192933333333334,0.08022240579356682,22,5,0.8536745847980625
2023-05-02,Healthcare,0.02511399999999999,0.07224395238095237,0.10086912826981978,14,5,0.7670051155227386
2023-05-02,Industrials,0.08362,0.10630499999999998,0.09814512233086563,14,4,0.6347628542257148
2023-05-02,Materials,0.016076,0.07615000000000001,0.0758972132602829,7,3,0.2734573982730465
2023-05-02,RealEstate,0.08734266666666665,0.07571333333333333,0.1075964474579542,12,5,0.654683073631623
2023-05-02,Tech,0.09152,0.13002325396825398,0.14056638887594503,36,5,0.6607308289756856
2023-05-02,Utilities,0.1708933333333333,0.03741,0.13818742606988965,9,4,0.5879199135134913
2023-05-03,Comm,0.05895666666666668,0.05378166666666667,0.057948587645856586,7,4,0.49222331689148385
2023-05-03,Consumer,0.1160975,0.06762133333333334,0.10345627822714523,25,4,0.42961161461977276
2023-05-03,Energy,0.06839942857142858,0.04667233333333333,0.12410895078413905,18,4,0.6851024215806026
2023-05-03,Financials,0.09014571428571429,0.08412761904761903,0.08057742518029884,14,5,0.5938104120176041
2023-05-03,Healthcare,-0.020964999999999998,0.02511399999999999,0.09398229842710888,9,4,0.5408863204324119
2023-05-03,Industrials,0.10181666666666667,0.08362,0.0968246566644233,9,4,0.6439122862290618
2023-05-03,Materials,-0.11324000000000001,0.016076,0.07045892114571171,6,2,0.1935154490089286
2023-05-03,RealEstate,0.03104666666666666,0.08734266666666665,0.10575519465874625,9,3,0.5008206670670481
2023-05-03,Tech,0.13728660986072752,0.09152,0.1361076262508591,73,5,0.6836430491464783
2023-05-03,Utilities,0.3026433333333333,0.1708933333333333,0.14116069036656637,10,5,0.720553930636156
2023-05-04,Comm,0.013300000000000001,0.05895666666666668,0.05804023119320295,9,5,0.7116925268847526
2023-05-04,Consumer,-0.002916190476190475,0.1160975,0.10460548020649565,24,5,0.840087743676124
2023-05-04,Energy,0.1352592380952381,0.06839942857142858,0.11904444876480173,21,4,0.730062101885999
2023-05-04,Financials,0.057943333333333326,0.09014571428571429,0.08144726964442751,22,5,0.8102674025201949
2023-05-04,Healthcare,0.08952666666666667,-0.020964999999999998,0.08353254402464444,13,5,0.8939872301815861
2023-05-04,Industrials,0.31592833333333337,0.10181666666666667,0.09727847575553634,9,4,0.5008206670670481
2023-05-04,Materials,0.0054699999999999974,-0.11324000000000001,0.05375901922337428,11,4,0.6520776838676219
2023-05-04,RealEstate,0.07006566666666666,0.03104666666666666,0.09896351029582992,14,4,0.6817823249091012
2023-05-04,Tech,0.0642458253968254,0.13728660986072752,0.13621480657902893,61,5,0.7680043925025153
2023-05-04,Utilities,0.06905266666666666,0.3026433333333333,0.15584093063627244,13,3,0.4813777393285463
2023-05-05,Comm,0.24741999999999997,0.013300000000000001,0.05397293744836632,4,3,0.2936912191374818
2023-05-05,Consumer,0.07084933333333335,-0.002916190476190475,0.09483078287170599,14,5,0.7670051155227386
2023-05-05,Energy,0.072412,0.1352592380952381,0.12051852052211413,19,4,0.775657475516317
2023-05-05,Financials,0.3020533333333334,0.057943333333333326,0.07931054816160077,11,4,0.6148161019323292
2023-05-05,Healthcare,0.13888,0.08952666666666667,0.08407746426482827,7,5,0.6712136139429324
2023-05-05,Industrials,-0.17014,0.31592833333333337,0.11715573553533605,4,4,0.4405368287062228
2023-05-05,Materials,0.0,0.0054699999999999974,0.049369108384885715,2,2,0.13187198158574429
2023-05-05,RealEstate,0.18971333333333334,0.07006566666666666,0.09633643360226962,8,5,0.6384827856042757
2023-05-05,Tech,0.025736190476190475,0.0642458253968254,0.12967217192610134,18,5,0.6705257743129303
2023-05-05,Utilities,0.15310666666666667,0.06905266666666666,0.14795108845721733,11,4,0.45784177803471326
2023-05-08,Comm,0.09428,0.24741999999999997,0.07155903404396938,15,5,0.8726445290499207
2023-05-08,Consumer,0.017195238095238104,0.07084933333333335,0.0926506510954903,31,5,0.7521958565949176
2023-05-08,Energy,0.13892006162464984,0.072412,0.1161452004746492,41,5,0.7075950767784744
2023-05-08,Financials,0.048366666666666676,0.3020533333333334,0.0995598922681219,18,5,0.8080695228899416
2023-05-08,Healthcare,0.09667266666666667,0.13888,0.0890595129680257,14,4,0.6817823249091012
2023-05-08,Industrials,0.03991666666666667,-0.17014,0.09103794139576005,10,4,0.6651267052026055
2023-05-08,Materials,0.120255,0.0,0.04488100762262337,5,2,0.185917811420164
2023-05-08,RealEstate,0.11322666666666667,0.18971333333333334,0.10482524266872995,9,5,0.7116925268847526
2023-05-08,Tech,0.17900457142857143,0.025736190476190475,0.1202234463397458,38,5,0.7718060685187764
2023-05-08,Utilities,0.20393333333333336,0.15310666666666667,0.14841977738534912,7,4,0.49222331689148385
2023-05-09,Comm,0.08965666666666666,0.09428,0.07362457640360853,14,5,0.7080047220209896
2023-05-09,Consumer,0.14326366666666668,0.017195238095238104,0.08579106809546737,26,5,0.679061416617743
2023-05-09,Energy,0.30895904761904763,0.13892006162464984,0.11821564239737654,20,5,0.7408938574424647
2023-05-09,Financials,-0.14740777777777775,0.048366666666666676,0.0949059626679896,18,5,0.5836057665316244
2023-05-09,Healthcare,0.12511333333333335,0.09667266666666667,0.08975161784972033,7,4,0.49222331689148385
2023-05-09,Industrials,0.15245000000000003,0.03991666666666667,0.08639055278402427,8,3,0.4643511168031096
2023-05-09,Materials,0.0,0.120255,0.05173318874783943,1,1,0.03625384938440364
2023-05-09,RealEstate,0.04046,0.11322666666666667,0.10558900848672419,1,1,0.03625384938440364
2023-05-09,Tech,0.001535128205128211,0.17900457142857143,0.12556718498418448,35,4,0.681828938491474
2023-05-09,Utilities,0.09683571428571427,0.20393333333333336,0.1534664642897113,13,4,0.49665957232310337
2023-05-10,Comm,0.14069333333333334,0.08965666666666666,0.07508203915479564,18,5,0.5836057665316243
2023-05-10,Consumer,0.01820379487179487,0.14326366666666668,0.09101584978375821,25,5,0.5829002658456071
2023-05-10,Energy,0.040338666666666675,0.30895904761904763,0.135555951962983,26,4,0.4836480593176733
2023-05-10,Financials,0.02547619047619048,-0.14740777777777775,0.07287744080928348,15,5,0.6382027152753152
2023-05-10,Healthcare,0.07466500000000001,0.12511333333333335,0.0929663192573215,18,5,0.8517489565596683
2023-05-10,Industrials,0.053610000000000005,0.15245000000000003,0.0923959570763857,7,3,0.4343146913748387
2023-05-10,Materials,0.04046,0.0,0.04703017158894493,1,1,0.03625384938440364
2023-05-10,RealEstate,-0.02679333333333333,0.04046,0.09966818953338563,6,4,0.4192834728526787
2023-05-10,Tech,0.09457,0.001535128205128211,0.11429154345881573,20,4,0.5530616118936708
2023-05-10,Utilities,0.19761333333333334,0.09683571428571427,0.14831821428934794,9,5,0.7116925268847526
2023-05-11,Comm,0.2863142857142857,0.14069333333333334,0.08104670226193542,14,5,0.5752538366420541
2023-05-11,Consumer,0.13213333333333332,0.01820379487179487,0.08439657206448882,38,4,0.31307534666596787
2023-05-11,Energy,0.2907571428571429,0.040338666666666675,0.12689983511786335,19,5,0.685289614291115
2023-05-11,Financials,-0.04686666666666666,0.02547619047619048,0.06856823623354776,11,5,0.6941472118590813
2023-05-11,Healthcare,0.2313766666666667,0.07466500000000001,0.09130256296120137,6,3,0.3593858338737245
2023-05-11,Industrials,0.02679333333333333,0.053610000000000005,0.08886996097853246,7,3,0.4343146913748387
2023-05-11,Materials,0.19445666666666667,0.04046,0.04643288326267721,11,5,0.5004317108751517
2023-05-11,RealEstate,0.04404,-0.02679333333333333,0.08817168745459299,8,5,0.7296946121191722
2023-05-11,Tech,0.022748863636363633,0.09457,0.11249867587165066,36,4,0.45599733267336046
2023-05-11,Utilities,0.23868666666666666,0.19761333333333334,0.15279958874789207,9,4,0.5879199135134913
2023-05-12,Comm,0.188785,0.2863142857142857,0.09970739166669454,8,4,0.4643511168031096
2023-05-12,Consumer,0.08392777272727273,0.13213333333333332,0.08873627763438377,30,5,0.7875167745973688
2023-05-12,Energy,0.037818666666666674,0.2907571428571429,0.14179595400325237,19,4,0.7429982133893142
2023-05-12,Financials,0.009643333333333327,-0.04686666666666666,0.058074154151710064,15,5,0.7247386766685783
2023-05-12,Healthcare,0.05106000000000001,0.2313766666666667,0.10403657238897095,9,3,0.4097623639639484
2023-05-12,Industrials,0.05544,0.02679333333333333,0.08322663119260527,5,3,0.2873275267402535
2023-05-12,Materials,0.08879999999999999,0.19445666666666667,0.05988959084485808,4,3,0.2936912191374818
2023-05-12,RealEstate,0.06369,0.04404,0.0841597158678118,2,1,0.06593599079287214
2023-05-12,Tech,0.08299833333333334,0.022748863636363633,0.1043396020320791,20,4,0.473100896921092
2023-05-12,Utilities,0.103315,0.23868666666666666,0.16060750492232612,7,4,0.3885973554406451
2023-05-15,Comm,0.049355666666666666,0.188785,0.1078053560606314,17,5,0.8868416666078278
2023-05-15,Consumer,0.08073769230769232,0.08392777272727273,0.0882991408246464,40,5,0.7879129358597812
2023-05-15,Energy,0.09718464646464646,0.037818666666666674,0.13234347333629004,35,5,0.829751148876065
2023-05-15,Financials,-0.08124590476190477,0.009643333333333327,0.05367135225913037,28,5,0.8222114472066079
2023-05-15,Healthcare,0.11460095238095239,0.05106000000000001,0.09922052035360995,17,5,0.7255977272245863
2023-05-15,Industrials,0.11442000000000001,0.05544,0.08070057381145933,16,4,0.6821246549487173
2023-05-15,Materials,0.0965957142857143,0.08879999999999999,0.06251780985896188,12,4,0.4515055680218089
2023-05-15,RealEstate,0.21163666666666664,0.06369,0.08229883260710164,7,4,0.49222331689148374
2023-05-15,Tech,0.17601240259740258,0.08299833333333334,0.1023994866958295,31,5,0.802552064567799
2023-05-15,Utilities,0.21345333333333336,0.103315,0.15539909538393282,6,4,0.4192834728526786
2023-05-16,Comm,0.06216666666666666,0.049355666666666666,0.10249174793390732,17,4,0.6573061764269782
2023-05-16,Consumer,0.07171818181818182,0.08073769230769232,0.08761173641401421,26,5,0.6790614166177432
2023-05-16,Energy,0.05464,0.09718464646464646,0.12914721634795878,12,4,0.5237464589052984
2023-05-16,Financials,0.03108590476190476,-0.08124590476190477,0.0414061470753999,24,5,0.840087743676124
2023-05-16,Healthcare,0.0547525,0.11460095238095239,0.10061874144700471,25,5,0.4482229481051059
2023-05-16,Industrials,0.03178,0.11442000000000001,0.08376597619223576,5,3,0.2873275267402534
2023-05-16,Materials,0.09106666666666667,0.0965957142857143,0.06561580117048482,5,3,0.2873275267402534
2023-05-16,RealEstate,0.02263,0.21163666666666664,0.09405681752160755,4,1,0.1101342071765557
2023-05-16,Tech,0.09343666666666668,0.17601240259740258,0.10909156995960886,38,5,0.6712917898279589
2023-05-16,Utilities,0.15194000000000002,0.21345333333333336,0.16067675337933288,5,4,0.45151468487754115
2023-05-17,Comm,0.027431666666666667,0.06216666666666666,0.09882583145506726,15,4,0.5151756858246519
2023-05-17,Consumer,0.03192551515151515,0.07171818181818182,0.08616686781439307,31,4,0.5342895360214595
2023-05-17,Energy,-0.07577266666666668,0.05464,0.1223738330435989,19,5,0.6137811327998683
2023-05-17,Financials,0.077335,0.03108590476190476,0.040467943228718516,21,5,0.7688264612781759
2023-05-17,Healthcare,-0.08731833333333332,0.0547525,0.09644908313364065,18,5,0.5946171960888249
2023-05-17,Industrials,0.06658,0.03178,0.07903997835657796,7,4,0.49222331689148374
2023-05-17,Materials,0.029599999999999998,0.09106666666666667,0.06792951621559226,2,1,0.06593599079287214
2023-05-17,RealEstate,0.068,0.02263,0.08756347047418868,3,3,0.27071301834358413
2023-05-17,Tech,0.1560799090909091,0.09343666666666668,0.10766839693297774,28,5,0.7733672028180965
2023-05-17,Utilities,0.049895,0.15194000000000002,0.15988250307212076,5,2,0.185917811420164
2023-05-18,Comm,0.0403675,0.027431666666666667,0.09233545283793994,30,5,0.306405844041297
2023-05-18,Consumer,0.25742784722222223,0.03192551515151515,0.08123583575413144,45,5,0.3644914662730377
2023-05-18,Energy,0.05494166666666665,-0.07577266666666668,0.10436051488812022,17,4,0.7449469999505752
2023-05-18,Financials,0.077354,0.077335,0.04381949384428956,12,5,0.5951664305742027
2023-05-18,Healthcare,0.07281249999999999,-0.08731833333333332,0.07974295436391574,19,5,0.7129780835554027
2023-05-18,Industrials,0.014799999999999999,0.06658,0.0779072530514345,10,3,0.5086263039784631
2023-05-18,Materials,0.03275,0.029599999999999998,0.06444501474144751,11,4,0.5004317108751516
2023-05-18,RealEstate,0.07373833333333332,0.068,0.08578497315835334,9,4,0.5008206670670481
2023-05-18,Tech,0.10024555555555556,0.1560799090909091,0.11206944349278969,28,4,0.42451134502515064
2023-05-18,Utilities,0.10533999999999999,0.049895,0.14988363915647343,3,3,0.27071301834358413
2023-05-19,Comm,0.25138666666666665,0.0403675,0.08761109348903631,12,5,0.7702153807430859
2023-05-19,Consumer,0.08367646053293112,0.25742784722222223,0.0972532913421397,43,5,0.6759267233592355
2023-05-19,Energy,0.05865833333333335,0.05494166666666665,0.09986789232253353,18,5,0.6851024215806026
2023-05-19,Financials,0.04697371794871795,0.077354,0.04686808531299051,24,5,0.5600584957840828
2023-05-19,Healthcare,0.044181666666666675,0.07281249999999999,0.07911291305810522,15,5,0.8384231749695317
2023-05-19,Industrials,0.07576000000000001,0.014799999999999999,0.07217023004675863,6,4,0.5031401674232144
2023-05-19,Materials,0.02679333333333333,0.03275,0.06156364976495228,3,1,0.09023767278119472
2023-05-19,RealEstate,0.0,0.07373833333333332,0.08468982408335153,3,3,0.27071301834358413
2023-05-19,Tech,0.2666975,0.10024555555555556,0.11099454458940476,32,5,0.5496228845979946
2023-05-19,Utilities,0.07308,0.10533999999999999,0.14583421741497585,3,2,0.1624278110061505
2023-05-22,Comm,-0.000872999999999996,0.25138666666666665,0.10249978195972997,19,4,0.7129780835554025
2023-05-22,Consumer,0.034333914141414144,0.08367646053293112,0.09601903399584802,46,5,0.9487830496079429
2023-05-22,Energy,0.14290833333333333,0.05865833333333335,0.09612156877806077,38,4,0.6064190538361814
2023-05-22,Financials,0.05849142857142857,0.04697371794871795,0.046877688279874825,23,5,0.910752311114937
2023-05-22,Healthcare,0.06588928571428572,0.044181666666666675,0.07593734520433806,19,5,0.775657475516317
2023-05-22,Industrials,0.14910976190476188,0.07576000000000001,0.07249657276978057,16,4,0.62965352764497
2023-05-22,Materials,0.09043399999999999,0.02679333333333333,0.058402711907532365,8,3,0.34052415232228034
2023-05-22,RealEstate,0.1272,0.0,0.0769907491666832,9,4,0.5408863204324119
2023-05-22,Tech,0.011770849816849815,0.2666975,0.1251493587176407,56,5,0.588359684375448
2023-05-22,Utilities,0.10899999999999999,0.07308,0.13922019764997803,11,5,0.6148161019323292
2023-05-23,Comm,0.032455,-0.000872999999999996,0.09310225632702725,9,4,0.5008206670670481
2023-05-23,Consumer,-0.014593809523809526,0.034333914141414144,0.09041129582726312,19,5,0.7129780835554027
2023-05-23,Energy,0.045759571428571434,0.14290833333333333,0.10037491101035827,17,4,0.6139673076515731
2023-05-23,Financials,0.15393666666666667,0.05849142857142857,0.047933482851834255,14,5,0.8003531640237271
2023-05-23,Healthcare,0.13796333333333335,0.06588928571428572,0.07502388525069695,11,4,0.4781903015029227
2023-05-23,Industrials,0.0843,0.14910976190476188,0.07946140814568796,3,2,0.1624278110061505
2023-05-23,Materials,0.087584,0.09043399999999999,0.061314647188665784,7,3,0.2734573982730465
2023-05-23,RealEstate,0.06436,0.1272,0.08155522651516653,4,4,0.4405368287062228
2023-05-23,Tech,0.23763,0.011770849816849815,0.11484222154484151,25,5,0.5328659082622931
2023-05-23,Utilities,-0.07224,0.10899999999999999,0.13647290695452546,1,1,0.03625384938440364
2023-05-24,Comm,0.06454666666666667,0.032455,0.08758886938820658,7,4,0.49222331689148374
2023-05-24,Consumer,0.017273333333333328,-0.014593809523809526,0.08086537715898379,22,5,0.6639691215096041
2023-05-24,Energy,-0.023201428571428574,0.045759571428571434,0.09540988013928674,16,4,0.598938721418386
2023-05-24,Financials,0.07117066666666667,0.15393666666666667,0.05757013592590994,16,5,0.6821246549487173
2023-05-24,Healthcare,-0.03794666666666667,0.13796333333333335,0.08074565325820934,14,5,0.6574329561623474
2023-05-24,Industrials,0.033717619047619045,0.0843,0.0799012801324436,12,3,0.422376176536531
2023-05-24,Materials,0.03256,0.087584,0.06370277017151435,4,4,0.4405368287062228
2023-05-24,RealEstate,0.11588000000000001,0.06436,0.07999202410469686,2,2,0.13187198158574429
2023-05-24,Tech,0.039178888888888895,0.23763,0.12600474685894683,54,5,0.4219884971125982
2023-05-24,Utilities,0.13824,-0.07224,0.11749900632229589,5,4,0.45151468487754115
2023-05-25,Comm,0.051871999999999995,0.06454666666666667,0.0854941236862484,5,1,0.12642411176571153
2023-05-25,Consumer,0.06133999999999999,0.017273333333333328,0.07508428226574283,14,4,0.4489786042084325
2023-05-25,Energy,0.021213222222222224,-0.023201428571428574,0.08462703389285807,30,5,0.7944859495938056
2023-05-25,Financials,0.070185,0.07117066666666667,0.05880654781143326,15,5,0.700976752843379
2023-05-25,Healthcare,0.110065,-0.03794666666666667,0.06995544235594789,10,5,0.6176176548309908
2023-05-25,Industrials,0.11104,0.033717619047619045,0.07570276548836863,12,4,0.7274256373684701
2023-05-25,Materials,0.05147466666666667,0.03256,0.06087160924683123,13,5,0.7276640245664072
2023-05-25,RealEstate,0.0476,0.11588000000000001,0.08325456736790623,9,4,0.4361986455100096
2023-05-25,Tech,0.20790523341906325,0.039178888888888895,0.11811148704348702,132,5,0.36852791878046376
2023-05-25,Utilities,0.029599999999999998,0.13824,0.11938455120208716,5,3,0.35117808823808755
2023-05-26,Comm,0.2987266666666667,0.051871999999999995,0.08243756698749856,10,5,0.6176176548309908
2023-05-26,Consumer,0.06419766666666667,0.06133999999999999,0.0738348020597662,16,4,0.62965352764497
2023-05-26,Energy,0.20208666666666666,0.021213222222222224,0.07886214192280026,24,5,0.6491587110224596
2023-05-26,Financials,0.061975,0.070185,0.059840952555848426,13,5,0.8022962322142438
2023-05-26,Healthcare,0.12116500000000001,0.110065,0.07360176577813445,14,5,0.8003531640237274
2023-05-26,Industrials,0.062490000000000004,0.11104,0.0789152413530624,5,2,0.24312329185713755
2023-05-26,Materials,0.03947333333333334,0.05147466666666667,0.06001734173954354,8,3,0.4643511168031096
2023-05-26,RealEstate,0.0,0.0476,0.08001324306173294,2,1,0.06593599079287214
2023-05-26,Tech,0.14872300813008127,0.20790523341906325,0.12627455489581213,55,5,0.3463021725649811
2023-05-26,Utilities,0.13502,0.029599999999999998,0.1112223192746247,4,3,0.2936912191374818
2023-05-30,Comm,0.00357666666666667,0.2987266666666667,0.10210021241287748,10,4,0.5764431445089249
2023-05-30,Consumer,0.09926259740259741,0.06419766666666667,0.0729586988422117,41,5,0.9059505699993944
2023-05-30,Energy,0.153830873015873,0.20208666666666666,0.09006437144496994,31,5,0.8303460754619221
2023-05-30,Financials,0.009728380952380952,0.061975,0.06003495686895312,32,5,0.8590744246657729
2023-05-30,Healthcare,0.29069500000000004,0.12116500000000001,0.0779256961619404,18,5,0.6705257743129304
2023-05-30,Industrials,0.06942333333333332,0.062490000000000004,0.07742203759369308,18,4,0.7503502712549458
2023-05-30,Materials,0.13396266666666667,0.03947333333333334,0.058149704611706245,9,3,0.38634737173743705
2023-05-30,RealEstate,0.15797,0.0,0.07273931187430267,8,5,0.6384827856042757
2023-05-30,Tech,0.11444404917597022,0.14872300813008127,0.1283153233716548,150,5,0.4540867810292209
2023-05-30,Utilities,0.09073333333333333,0.13502,0.11338574479511335,12,4,0.5951664305742027
2023-05-31,Comm,0.09653999999999999,0.00357666666666667,0.09314352643594921,9,4,0.5408863204324119
2023-05-31,Consumer,0.10314214285714285,0.09926259740259741,0.0753499623477013,24,5,0.8655449480299461
2023-05-31,Energy,0.18394000000000002,0.153830873015873,0.09586132613323387,12,4,0.5036023643320177
2023-05-31,Financials,0.1146435238095238,0.009728380952380952,0.05546163178562837,24,5,0.840087743676124
2023-05-31,Healthcare,0.14073333333333332,0.29069500000000004,0.09726836014721854,16,5,0.9444802914674549
2023-05-31,Industrials,0.06966333333333333,0.06942333333333332,0.0766948826609331,13,4,0.5689009646610094
2023-05-31,Materials,0.09281999999999999,0.13396266666666667,0.06504179207124809,5,3,0.35117808823808755
2023-05-31,RealEstate,0.18463999999999997,0.15797,0.08048755624936606,5,4,0.45151468487754115
2023-05-31,Tech,0.107702364548495,0.11444404917597022,0.12705429844477437,80,5,0.5059287968201488
2023-05-31,Utilities,0.07782,0.09073333333333333,0.11132643466222425,3,1,0.09023767278119472
2023-06-01,Comm,0.10456666666666667,0.09653999999999999,0.09345229675995384,10,4,0.5764431445089249
2023-06-01,Consumer,0.1554666666666667,0.10314214285714285,0.077876524212196,25,5,0.9335169671061225
2023-06-01,Energy,0.20489666666666667,0.18394000000000002,0.10386847830293985,22,5,0.7588218531538333
2023-06-01,Financials,0.045123636363636366,0.1146435238095238,0.060841803787800686,22,5,0.5432474630533124
2023-06-01,Healthcare,-0.06024047619047619,0.14073333333333332,0.10121972134595625,18,5,0.6565564873480776
2023-06-01,Industrials,0.10675066666666666,0.06966333333333333,0.07605565090387859,12,4,0.5951664305742027
2023-06-01,Materials,-0.008402999999999999,0.09281999999999999,0.06756708370113464,14,5,0.7080047220209895
2023-06-01,RealEstate,0.12090666666666668,0.18463999999999997,0.08995596022669641,7,4,0.49222331689148385
2023-06-01,Tech,0.1896791891891892,0.107702364548495,0.12529503172693077,62,5,0.4972812636668833
2023-06-01,Utilities,0.20077333333333333,0.07782,0.10828039514747659,11,5,0.7969838358382045
2023-06-02,Comm,-0.01211884615384615,0.10456666666666667,0.09446269402420045,28,4,0.4912584118530047
2023-06-02,Consumer,-0.017057999999999993,0.1554666666666667,0.08493017352623879,17,4,0.7449469999505752
2023-06-02,Energy,0.004056363636363636,0.20489666666666667,0.11305285906327867,24,4,0.5389242129243063
2023-06-02,Financials,-0.004618214285714288,0.045123636363636366,0.05941287947651301,22,5,0.7135190559506192
2023-06-02,Healthcare,0.09574857142857143,-0.06024047619047619,0.08654152156991693,10,4,0.3325633526013029
2023-06-02,Industrials,0.11709785714285714,0.10675066666666666,0.07884610688231386,16,3,0.4308155715465583
2023-06-02,Materials,0.10218714285714285,-0.008402999999999999,0.060660712455576936,9,2,0.25513505680774146
2023-06-02,RealEstate,0.0344,0.12090666666666668,0.09276966081214826,5,4,0.45151468487754115
2023-06-02,Tech,0.08822628571428573,0.1896791891891892,0.13114813695077246,59,5,0.5070610162613107
2023-06-02,Utilities,0.14616,0.20077333333333333,0.11668884407346355,3,3,0.27071301834358413
2023-06-05,Comm,0.08271066666666667,-0.01211884615384615,0.08477346309892349,15,4,0.6022476327245933
2023-06-05,Consumer,0.023040641025641025,-0.017057999999999993,0.0756585213874898,37,5,0.8119662878160319
2023-06-05,Energy,0.082553,0.004056363636363636,0.10314408675174094,31,5,0.8303460754619221
2023-06-05,Financials,0.06754666666666667,-0.004618214285714288,0.05359187095267417,29,5,0.8967420603841058
2023-06-05,Healthcare,0.0538,0.09574857142857143,0.08737852610252188,16,5,0.8770174135054938
2023-06-05,Industrials,0.07811428571428572,0.11709785714285714,0.08232353872418144,19,4,0.7129780835554027
2023-06-05,Materials,0.10788,0.10218714285714285,0.06443584249208292,6,3,0.3593858338737245
2023-06-05,RealEstate,0.06603333333333333,0.0344,0.08746332801104387,7,3,0.3885973554406451
2023-06-05,Tech,0.08511950216450218,0.08822628571428573,0.1272461504747282,75,5,0.5447940222081789
2023-06-05,Utilities,0.18288666666666667,0.14616,0.11936804006678506,11,5,0.6941472118590811
2023-06-06,Comm,0.08854100000000001,0.08271066666666667,0.0845859361505365,9,2,0.32980873197098287
2023-06-06,Consumer,0.1613516666666667,0.023040641025641025,0.07087507771823082,17,5,0.7869158450182133
2023-06-06,Energy,0.011694222222222217,0.082553,0.10127216977430993,25,5,0.6367064442313553
2023-06-06,Financials,0.17571266666666668,0.06754666666666667,0.05486048874485531,18,5,0.8754086497974367
2023-06-06,Healthcare,0.22018095238095237,0.0538,0.08432593282047443,14,5,0.575253836642054
2023-06-06,Industrials,0.21066000000000001,0.07811428571428572,0.08194087935964545,5,3,0.2873275267402535
2023-06-06,Materials,0.08532000000000002,0.10788,0.06838531135643902,4,3,0.2936912191374818
2023-06-06,RealEstate,0.0784,0.06603333333333333,0.08551514667670654,3,3,0.27071301834358413
2023-06-06,Tech,0.035940761904761906,0.08511950216450218,0.12341645517379855,31,5,0.7405789321687412
2023-06-06,Utilities,0.0,0.18288666666666667,0.12514246066677429,0,0,0.0
2023-06-07,Comm,0.20610266666666668,0.08854100000000001,0.08494548740957863,11,4,0.55175804019568
2023-06-07,Consumer,0.1240361111111111,0.1613516666666667,0.07910022216808862,28,5,0.8776414324115476
2023-06-07,Energy,0.08770333333333333,0.011694222222222217,0.09312871999684741,10,4,0.6651267052026055
2023-06-07,Financials,0.17646499999999998,0.17571266666666668,0.06584705037411089,20,5,0.7408938574424647
2023-06-07,Healthcare,0.2577716666666666,0.22018095238095237,0.09667638914415425,14,5,0.8765772748831302
2023-06-07,Industrials,0.10680666666666667,0.21066000000000001,0.09364261759967768,10,4,0.617617654830991
2023-06-07,Materials,0.06437999999999999,0.08532000000000002,0.06992482850585366,2,2,0.13187198158574429
2023-06-07,RealEstate,0.0843,0.0784,0.0848683151606423,1,1,0.03625384938440364
2023-06-07,Tech,0.16548088888888887,0.035940761904761906,0.11546411942206794,36,5,0.6256195288851902
2023-06-07,Utilities,0.24211,0.0,0.11376587333343116,4,3,0.2936912191374818
2023-06-08,Comm,-0.023398333333333333,0.20610266666666668,0.09595977643295027,9,3,0.4662813107175965
2023-06-08,Consumer,0.13014144444444445,0.1240361111111111,0.08318530298109066,23,5,0.7758260428016132
2023-06-08,Energy,0.0346895238095238,0.08770333333333333,0.09263550302743703,17,5,0.6139673076515731
2023-06-08,Financials,0.08072166666666666,0.17646499999999998,0.07590322761282807,21,5,0.8601721794498404
2023-06-08,Healthcare,0.277517,0.2577716666666666,0.11132141437347357,15,5,0.806784564593323
2023-06-08,Industrials,0.09481333333333333,0.10680666666666667,0.09483934933304032,8,4,0.5675402538704672
2023-06-08,Materials,0.017,0.06437999999999999,0.06942075318713968,10,3,0.5086263039784631
2023-06-08,RealEstate,0.054165,0.0843,0.08481665014603847,10,5,0.6176176548309908
2023-06-08,Tech,0.14400625974025977,0.16548088888888887,0.1200110984645062,62,5,0.5338866900201399
2023-06-08,Utilities,0.12276799999999999,0.24211,0.12543352121221013,11,4,0.5815827991251763
2023-06-09,Comm,0.1967566666666667,-0.023398333333333333,0.08510903918146995,12,4,0.5455692280263525
2023-06-09,Consumer,0.07775714285714286,0.13014144444444445,0.08745404311412283,20,5,0.7853474888890126
2023-06-09,Energy,0.07795085714285714,0.0346895238095238,0.08736768673489947,18,4,0.6851024215806026
2023-06-09,Financials,-0.0066772727272727235,0.08072166666666666,0.07634126752681339,21,4,0.5533591727670947
2023-06-09,Healthcare,0.035365,0.277517,0.12643010397588506,13,5,0.8022962322142437
2023-06-09,Industrials,-0.017251666666666665,0.09481333333333333,0.09483698424215788,11,3,0.5248430138446711
2023-06-09,Materials,0.068,0.017,0.06465523017012699,2,2,0.13187198158574429
2023-06-09,RealEstate,0.10924,0.054165,0.08203013649639859,5,3,0.35117808823808755
2023-06-09,Tech,0.08765201754385965,0.14400625974025977,0.12219247676230198,52,5,0.8119873004702538
2023-06-09,Utilities,0.2101366666666667,0.12276799999999999,0.1251912011020092,10,4,0.5764431445089249
2023-06-12,Comm,0.013486666666666666,0.1967566666666667,0.09525882349830601,9,3,0.32980873197098287
2023-06-12,Consumer,0.09070455555555557,0.07775714285714286,0.08657250672712465,32,5,0.9209896985155585
2023-06-12,Energy,0.072845,0.07795085714285714,0.08651161131744108,23,5,0.7029296360954214
2023-06-12,Financials,0.05951555555555556,-0.0066772727272727235,0.06879412750371466,36,5,0.9592832776239585
2023-06-12,Healthcare,0.19989666666666667,0.035365,0.1181514581598955,20,5,0.8354760520095879
2023-06-12,Industrials,0.121445,-0.017251666666666665,0.08464710688681018,11,4,0.6520776838676219
2023-06-12,Materials,0.006680000000000003,0.068,0.06495930015466089,4,2,0.2202684143531114
2023-06-12,RealEstate,0.1792,0.10924,0.08450376045127145,7,4,0.49222331689148385
2023-06-12,Tech,0.14171377777777777,0.08765201754385965,0.11905243501517085,75,5,0.7658268589924366
2023-06-12,Utilities,0.13471333333333332,0.2101366666666667,0.1329135161533417,7,4,0.49222331689148374
2023-06-13,Comm,0.09894833333333333,0.013486666666666666,0.08782499105906608,12,4,0.6891400775069715
2023-06-13,Consumer,0.08649333333333334,0.09070455555555557,0.08694814752970928,15,5,0.8726445290499207
2023-06-13,Energy,0.15987333333333337,0.072845,0.0852691921067646,16,5,0.62965352764497
2023-06-13,Financials,0.19952090909090908,0.05951555555555556,0.06795062096297291,27,5,0.7149826724067344
2023-06-13,Healthcare,0.03497333333333334,0.19989666666666667,0.12558284075142015,8,4,0.5107862284834206
2023-06-13,Industrials,0.0765,0.121445,0.08799236989710016,11,4,0.6520776838676219
2023-06-13,Materials,0.22902,0.006680000000000003,0.05966118195878263,8,4,0.5675402538704672
2023-06-13,RealEstate,0.0,0.1792,0.09311250950115586,4,3,0.2936912191374818
2023-06-13,Tech,0.13562862184873953,0.14171377777777777,0.12111255708449875,72,5,0.6977115895677424
2023-06-13,Utilities,0.06226133333333335,0.13471333333333332,0.13307713589697728,10,4,0.48036928709077076
2023-06-14,Comm,0.15863,0.09894833333333333,0.08883620399309036,8,3,0.4256551904028505
2023-06-14,Consumer,0.054677777777777783,0.08649333333333334,0.08690680078458418,30,5,0.8716205078067963
2023-06-14,Energy,0.03523666666666667,0.15987333333333337,0.0920513867637254,14,5,0.6347628542257148
2023-06-14,Financials,0.08405666666666668,0.19952090909090908,0.07991155624733075,25,5,0.7617040283749346
2023-06-14,Healthcare,0.18026,0.03497333333333334,0.11734561280432135,5,3,0.2873275267402535
2023-06-14,Industrials,0.11963700000000002,0.0765,0.08694760899736378,13,3,0.5489395273044826
2023-06-14,Materials,0.22366000000000003,0.22902,0.07505743814434784,3,3,0.27071301834358413
2023-06-14,RealEstate,0.040834999999999996,0.0,0.0846477359101417,4,1,0.1101342071765557
2023-06-14,Tech,0.25303176470588234,0.13562862184873953,0.12243219933579337,52,5,0.7191270506824323
2023-06-14,Utilities,0.16358333333333333,0.06226133333333335,0.12663933566391877,7,2,0.2953339901348903
2023-06-15,Comm,0.054407000000000004,0.15863,0.09518109453917306,10,3,0.4117451032206606
2023-06-15,Consumer,0.07783428571428572,0.054677777777777783,0.08397688960214725,25,5,0.7908137364656963
2023-06-15,Energy,0.07012933333333334,0.03523666666666667,0.08688641220944733,16,5,0.8185495859384608
2023-06-15,Financials,0.2471566666666667,0.08405666666666668,0.08028838446727038,15,5,0.8726445290499207
2023-06-15,Healthcare,-0.040966666666666665,0.18026,0.12306510254938303,7,3,0.4343146913748387
2023-06-15,Industrials,0.1302583333333333,0.11963700000000002,0.08991937181578526,10,4,0.5764431445089249
2023-06-15,Materials,0.09620999999999999,0.22366000000000003,0.08856676194940713,11,5,0.7420194333666041
2023-06-15,RealEstate,0.11988000000000001,0.040834999999999996,0.08066475991831062,5,4,0.45151468487754115
2023-06-15,Tech,0.14067763301214914,0.25303176470588234,0.13430488709671054,61,5,0.6145303520519712
2023-06-15,Utilities,0.02088,0.16358333333333333,0.1299978809065928,4,3,0.2936912191374818
2023-06-16,Comm,0.20346666666666663,0.054407000000000004,0.0914743586719755,15,5,0.7247386766685783
2023-06-16,Consumer,-0.009490000000000004,0.07783428571428572,0.08341847106688709,14,5,0.6817823249091012
2023-06-16,Energy,0.09272,0.07012933333333334,0.08536304140252787,12,5,0.7702153807430859
2023-06-16,Financials,0.12568380952380953,0.2471566666666667,0.09545822830357914,20,5,0.7699485185186398
2023-06-16,Healthcare,0.032821,-0.040966666666666665,0.10815312352974216,13,3,0.5489395273044826
2023-06-16,Industrials,0.12010000000000001,0.1302583333333333,0.09358655013556234,12,4,0.4515055680218089
2023-06-16,Materials,0.14135999999999999,0.09620999999999999,0.0892616017721883,4,3,0.2936912191374818
2023-06-16,RealEstate,-0.09845333333333332,0.11988000000000001,0.08422978174391874,4,2,0.1762147314824891
2023-06-16,Tech,0.14603808695652173,0.14067763301214914,0.1348842276344777,53,5,0.6420411453551231
2023-06-16,Utilities,0.20982000000000003,0.02088,0.12007807355144799,4,3,0.2936912191374818
2023-06-20,Comm,0.10486199999999998,0.20346666666666663,0.1016554775805838,21,5,0.7300621018859992
2023-06-20,Consumer,0.04138204761904761,-0.009490000000000004,0.0749722464244428,42,5,0.9331234571640998
2023-06-20,Energy,0.085532,0.09272,0.08603185582047987,30,5,0.8015795741437503
2023-06-20,Financials,0.10127937878787878,0.12568380952380953,0.09820600841450917,34,5,0.8814599052893828
2023-06-20,Healthcare,0.09210357142857142,0.032821,0.10130474866340196,21,5,0.8601721794498404
2023-06-20,Industrials,0.09831324675324675,0.12010000000000001,0.09599686375960212,32,4,0.7148941016449439
2023-06-20,Materials,0.042600000000000006,0.14135999999999999,0.09399781979289845,6,3,0.2795223152351191
2023-06-20,RealEstate,0.0,-0.09845333333333332,0.06762222582780492,5,3,0.2873275267402535
2023-06-20,Tech,0.10115383865248226,0.14603808695652173,0.1358982148455726,109,5,0.7129312928864127
2023-06-20,Utilities,-0.052559999999999996,0.20982000000000003,0.12823643050131636,5,2,0.185917811420164
2023-06-21,Comm,0.11794,0.10486199999999998,0.10194697961871253,5,3,0.35117808823808755
2023-06-21,Consumer,0.13411266666666666,0.04138204761904761,0.0719185919875887,26,5,0.9337094478493968
2023-06-21,Energy,0.060434999999999996,0.085532,0.08598641438225443,20,5,0.5860802155888153
2023-06-21,Financials,0.12771700000000002,0.10127937878787878,0.09848540572117913,25,4,0.46501032443863044
2023-06-21,Healthcare,0.16984933333333332,0.09210357142857142,0.10046827800569007,17,5,0.8338958954670619
2023-06-21,Industrials,-0.08289495238095237,0.09831324675324675,0.09620744403175163,17,4,0.642195689612565
2023-06-21,Materials,0.1766,0.042600000000000006,0.08932529072081677,6,4,0.5031401674232144
2023-06-21,RealEstate,0.0,0.0,0.06147475075254992,1,1,0.03625384938440364
2023-06-21,Tech,0.012546900000000005,0.10115383865248226,0.1327396351916553,58,5,0.6754958163214569
2023-06-21,Utilities,0.13095333333333334,-0.052559999999999996,0.11180039136483307,8,3,0.3929124834487851
2023-06-22,Comm,0.32592,0.11794,0.10340089056246593,8,5,0.5107862284834206
2023-06-22,Consumer,0.048337142857142856,0.13411266666666666,0.0775725987765958,33,5,0.7423334875133858
2023-06-22,Energy,0.03054459595959596,0.060434999999999996,0.08366355852932221,29,5,0.7259340488823715
2023-06-22,Financials,0.16204190476190475,0.12771700000000002,0.10114282338289013,15,4,0.5701277589792815
2023-06-22,Healthcare,0.07414000000000001,0.16984933333333332,0.10677564667183945,13,5,0.7276640245664072
2023-06-22,Industrials,0.029850000000000005,-0.08289495238095237,0.07992540799423309,10,4,0.5764431445089249
2023-06-22,Materials,0.045349999999999994,0.1766,0.09725935520074251,4,3,0.2936912191374818
2023-06-22,RealEstate,0.046345000000000004,0.0,0.055886137047772656,11,5,0.7420194333666041
2023-06-22,Tech,0.10631365079365078,0.012546900000000005,0.12181302290150482,44,5,0.7561360081119589
2023-06-22,Utilities,0.2319,0.13095333333333334,0.11354156790742398,8,4,0.5675402538704672
2023-06-23,Comm,0.031689999999999996,0.32592,0.12362990051133264,5,2,0.185917811420164
2023-06-23,Consumer,0.05747342857142858,0.048337142857142856,0.07491483005664552,33,5,0.7474354358811753
2023-06-23,Energy,0.08087,0.03054459595959596,0.07883456193207436,16,5,0.7673902368173071
2023-06-23,Financials,-0.014856666666666666,0.16204190476190475,0.10667910350825509,13,5,0.6135206481638334
2023-06-23,Healthcare,0.17212333333333332,0.07414000000000001,0.10380876970167226,11,5,0.6941472118590813
2023-06-23,Industrials,0.06459999999999999,0.029850000000000005,0.07537309817657553,20,4,0.5690923832529078
2023-06-23,Materials,0.014799999999999999,0.045349999999999994,0.09254032290976591,7,3,0.351588083493917
2023-06-23,RealEstate,0.11247666666666664,0.046345000000000004,0.0550187609525206,9,5,0.7116925268847526
2023-06-23,Tech,0.144575873015873,0.10631365079365078,0.12040398907351808,44,5,0.6495665036129581
2023-06-23,Utilities,0.07865666666666667,0.2319,0.12430142537038544,5,2,0.24312329185713755
2023-06-26,Comm,0.12835722222222223,0.031689999999999996,0.11527172773757514,23,5,0.7324231872602641
2023-06-26,Consumer,0.16378666666666666,0.05747342857142858,0.07332924810344398,35,5,0.8297511488760648
2023-06-26,Energy,0.05300933333333333,0.08087,0.07901960175643123,18,5,0.787867784817693
2023-06-26,Financials,0.12012533333333333,-0.014856666666666666,0.09563039712871675,37,5,0.7034258071825262
2023-06-26,Healthcare,0.11287116666666666,0.17212333333333332,0.1100191845772778,26,5,0.9084740573669807
2023-06-26,Industrials,0.12771714285714286,0.06459999999999999,0.07439372561506866,11,3,0.3775186590812547
2023-06-26,Materials,0.03612,0.014799999999999999,0.08547302082705992,3,2,0.1624278110061505
2023-06-26,RealEstate,0.15677,0.11247666666666664,0.06024220692653387,9,4,0.6439122862290618
2023-06-26,Tech,0.178727898989899,0.144575873015873,0.12260143306827762,49,5,0.7113679587288189
2023-06-26,Utilities,0.188968,0.07865666666666667,0.12015190185186556,9,3,0.38634737173743705
2023-06-27,Comm,0.176568,0.12835722222222223,0.11646131814527032,10,5,0.540415447977117
2023-06-27,Consumer,0.13604177777777776,0.16378666666666666,0.08155264979100967,19,5,0.6032891476238021
2023-06-27,Energy,0.10251777777777779,0.05300933333333333,0.07665503189978598,17,5,0.5643537878413449
2023-06-27,Financials,0.19933399999999998,0.12012533333333333,0.09785720951095461,18,4,0.6431573753613821
2023-06-27,Healthcare,0.13831333333333334,0.11287116666666666,0.11027845567631314,14,4,0.613604092418191
2023-06-27,Industrials,0.023116666666666667,0.12771714285714286,0.07924130900071177,9,3,0.4662813107175965
2023-06-27,Materials,0.12264,0.03612,0.08098638257005447,7,5,0.6712136139429324
2023-06-27,RealEstate,0.26412,0.15677,0.06901746084230351,8,4,0.4643511168031096
2023-06-27,Tech,0.18720566666666666,0.178727898989899,0.1277038390611523,52,5,0.39646887251700086
2023-06-27,Utilities,0.23006500000000002,0.188968,0.1264079107744232,12,5,0.6891400775069717
2023-06-28,Comm,0.02695000000000001,0.176568,0.12192556195024576,11,4,0.6520776838676219
2023-06-28,Consumer,0.10723866666666668,0.13604177777777776,0.08650620688071586,18,5,0.9004203255059348
2023-06-28,Energy,0.11212,0.10251777777777779,0.07900619061596705,14,4,0.6136040924181909
2023-06-28,Financials,-0.10608875757575757,0.19933399999999998,0.10708237228268602,25,5,0.7094728950006531
2023-06-28,Healthcare,0.12248,0.13831333333333334,0.11282708091786042,8,5,0.5107862284834206
2023-06-28,Industrials,0.05663,0.023116666666666667,0.07413906878852586,5,3,0.35117808823808755
2023-06-28,Materials,0.20529000000000003,0.12264,0.0847730750636859,6,4,0.5031401674232144
2023-06-28,RealEstate,0.0868,0.26412,0.086754055311185,10,3,0.4117451032206606
2023-06-28,Tech,0.06356904034272758,0.18720566666666666,0.13311309611619904,86,5,0.6499121045090508
2023-06-28,Utilities,0.018213333333333335,0.23006500000000002,0.13583128252220295,3,1,0.09023767278119472
2023-06-29,Comm,0.04041333333333333,0.02695000000000001,0.11329141995476885,12,4,0.4364553824210819
2023-06-29,Consumer,0.009750000000000005,0.10723866666666668,0.08839097595216594,32,5,0.6511455830269236
2023-06-29,Energy,0.06587136363636363,0.11212,0.0820165369236064,21,4,0.5604992911253799
2023-06-29,Financials,0.05940139083139083,-0.10608875757575757,0.08770317865919112,46,5,0.8531395970264971
2023-06-29,Healthcare,0.182366,0.12248,0.11370461901623674,17,4,0.6139673076515731
2023-06-29,Industrials,0.047670000000000004,0.05663,0.07254733526229622,8,4,0.5675402538704672
2023-06-29,Materials,0.03507333333333334,0.20529000000000003,0.09572915914880535,10,5,0.720553930636156
2023-06-29,RealEstate,0.18552000000000002,0.0868,0.08675823210107728,10,4,0.5086263039784631
2023-06-29,Tech,0.07799489285714287,0.06356904034272758,0.12679090922770161,58,5,0.554195908612991
2023-06-29,Utilities,0.16724,0.018213333333333335,0.12513874168685116,7,4,0.5679499810286353
2023-06-30,Comm,-0.033986666666666665,0.04041333333333333,0.10666613935282017,7,3,0.3885973554406451
2023-06-30,Consumer,0.1104903021978022,0.009750000000000005,0.08124179632015086,49,5,0.5792199905210527
2023-06-30,Energy,0.017703000000000003,0.06587136363636363,0.08054879389749343,16,5,0.8467754337294423
2023-06-30,Financials,-0.005015000000000003,0.05940139083139083,0.08513028885666382,21,5,0.7179949597060651
2023-06-30,Healthcare,-0.0071024999999999925,0.182366,0.11994656274203341,18,5,0.6705257743129304
2023-06-30,Industrials,0.12335,0.047670000000000004,0.0702857593293602,7,4,0.49222331689148385
2023-06-30,Materials,-0.07432,0.03507333333333334,0.09021499316558061,2,2,0.13187198158574429
2023-06-30,RealEstate,0.007430000000000001,0.18552000000000002,0.09573657463734299,4,2,0.2202684143531114
2023-06-30,Tech,0.07264230107526881,0.07799489285714287,0.12235490773946903,52,5,0.5035228511295988
2023-06-30,Utilities,0.21028000000000002,0.16724,0.12896612880622832,9,5,0.7116925268847526
2023-07-03,Comm,0.087752,-0.033986666666666665,0.0938795206237759,14,3,0.525946364929878
2023-07-03,Consumer,0.08957857142857144,0.1104903021978022,0.08390075139993733,30,5,0.9758360033054351
2023-07-03,Energy,0.10649,0.017703000000000003,0.0748355399068122,32,5,0.730213260965907
2023-07-03,Financials,0.06760329581529581,-0.005015000000000003,0.07693526259696712,34,5,0.8247946256636366
2023-07-03,Healthcare,0.16950533333333334,-0.0071024999999999925,0.10839664794730308,25,5,0.7617040283749343
2023-07-03,Industrials,0.09332433333333333,0.12335,0.07510978120850927,15,4,0.7247386766685783
2023-07-03,Materials,0.02266666666666667,-0.07432,0.0752572665141642,7,3,0.3885973554406451
2023-07-03,RealEstate,0.28271499999999994,0.007430000000000001,0.08770870421576635,9,5,0.5879199135134913
2023-07-03,Tech,0.30931090476190476,0.07264230107526881,0.11783557986090536,46,5,0.48638763232774995
2023-07-03,Utilities,0.11047666666666667,0.21028000000000002,0.136358298914753,6,3,0.3593858338737245
2023-07-05,Comm,0.23951333333333333,0.087752,0.09332247329434173,13,4,0.5489395273044826
2023-07-05,Consumer,0.093782,0.08957857142857144,0.08441691685708588,29,5,0.9582329445247301
2023-07-05,Energy,0.05166219780219781,0.10649,0.07771321809710201,29,4,0.45692306619026635
2023-07-05,Financials,0.15098805555555556,0.06760329581529581,0.07608690198045154,36,5,0.9184627126186836
2023-07-05,Healthcare,0.24311333333333335,0.16950533333333334,0.11395198298239675,16,5,0.7673902368173071
2023-07-05,Industrials,0.21636538461538463,0.09332433333333333,0.07676564958349327,24,4,0.533887538037163
2023-07-05,Materials,0.17822,0.02266666666666667,0.07047630289166443,5,3,0.2873275267402535
2023-07-05,RealEstate,0.17011333333333334,0.28271499999999994,0.1054365492870603,6,3,0.3593858338737245
2023-07-05,Tech,0.15283009523809526,0.30931090476190476,0.135242427579178,63,5,0.5331076717893264
2023-07-05,Utilities,0.15733333333333333,0.11047666666666667,0.1340054232558361,4,2,0.1762147314824891
2023-07-06,Comm,0.14314,0.23951333333333333,0.10661255147970461,12,5,0.5455692280263525
2023-07-06,Consumer,0.05473309523809524,0.093782,0.08526828805189626,20,5,0.8354760520095879
2023-07-06,Energy,0.16027809523809525,0.05166219780219781,0.07534494352483798,27,5,0.5782529183209844
2023-07-06,Financials,0.10559095238095237,0.15098805555555556,0.08289609776000645,26,5,0.8730789642228126
2023-07-06,Healthcare,0.20319250000000003,0.24311333333333335,0.125693923923391,13,3,0.40635783190072094
2023-07-06,Industrials,0.050552,0.21636538461538463,0.0894565345863925,10,4,0.5086263039784631
2023-07-06,Materials,0.08213999999999999,0.17822,0.08027118444696765,9,4,0.5408863204324119
2023-07-06,RealEstate,0.09404666666666665,0.17011333333333334,0.11131625692763059,11,5,0.7420194333666041
2023-07-06,Tech,0.03510050283050283,0.15283009523809526,0.1368413064572614,56,5,0.7762270093369154
2023-07-06,Utilities,0.18664533333333339,0.15733333333333333,0.13612614235379036,13,5,0.7276640245664072
2023-07-07,Comm,0.11603266666666667,0.14314,0.10993322861791328,11,4,0.5517580401956801
2023-07-07,Consumer,0.09128266666666666,0.05473309523809524,0.08249236143245979,17,4,0.7449469999505752
2023-07-07,Energy,-0.005559047619047611,0.16027809523809525,0.08306613913513408,22,5,0.8386978376963419
2023-07-07,Financials,0.03448933333333333,0.10559095238095237,0.08495926636191062,29,5,0.8342824143872029
2023-07-07,Healthcare,0.10098,0.20319250000000003,0.13273924902126452,12,5,0.7702153807430859
2023-07-07,Industrials,-0.038615,0.050552,0.08591975871490225,9,4,0.5408863204324119
2023-07-07,Materials,0.07904,0.08213999999999999,0.08044107676997059,7,3,0.2734573982730465
2023-07-07,RealEstate,0.02023,0.09404666666666665,0.10974629417663384,5,4,0.45151468487754115
2023-07-07,Tech,0.010512500000000003,0.03510050283050283,0.12759214249119244,40,5,0.4951898637137326
2023-07-07,Utilities,0.14570666666666668,0.18664533333333339,0.14071879607920337,6,3,0.3593858338737245
2023-07-10,Comm,0.03793,0.11603266666666667,0.11048772298598178,10,4,0.5764431445089249
2023-07-10,Consumer,0.03842547619047619,0.09128266666666666,0.08329148009011497,27,5,0.8691106736441143
2023-07-10,Energy,0.118238,-0.005559047619047611,0.07500930397566302,21,5,0.8434698070333385
2023-07-10,Financials,0.010548666666666668,0.03448933333333333,0.08037109063203995,43,5,0.6543927746504455
2023-07-10,Healthcare,0.09408571428571429,0.10098,0.12985204456478594,20,5,0.8536385748793617
2023-07-10,Industrials,0.05198476190476191,-0.038615,0.0745984170135475,17,4,0.6007637096375608
2023-07-10,Materials,0.19685999999999998,0.07904,0.08031370615451872,3,3,0.27071301834358413
2023-07-10,RealEstate,0.15241000000000002,0.02023,0.10160844925148531,5,3,0.35117808823808755
2023-07-10,Tech,0.13051904837852207,0.010512500000000003,0.11694853862835677,53,5,0.8273726099937155
2023-07-10,Utilities,0.11566800000000002,0.14570666666666668,0.14117223885988187,7,3,0.2734573982730465
2023-07-11,Comm,0.134955,0.03793,0.10389156635089251,12,5,0.8183538420395288
2023-07-11,Consumer,0.1483045,0.03842547619047619,0.07921275246287507,29,5,0.906436569145015
2023-07-11,Energy,-0.04340309523809523,0.118238,0.07893918543242093,20,5,0.8354760520095879
2023-07-11,Financials,0.12201766666666666,0.010548666666666668,0.07402359754427876,31,5,0.900516166346028
2023-07-11,Healthcare,-0.019299999999999998,0.09408571428571429,0.12660055999396125,15,5,0.8384231749695317
2023-07-11,Industrials,0.125346,0.05198476190476191,0.07254263018547608,9,4,0.4361986455100096
2023-07-11,Materials,0.08523,0.19685999999999998,0.0909088237768352,9,5,0.7116925268847526
2023-07-11,RealEstate,0.03818,0.15241000000000002,0.10622677204680482,2,1,0.06593599079287214
2023-07-11,Tech,0.1353016446886447,0.13051904837852207,0.11818222133291725,52,5,0.6022088442240412
2023-07-11,Utilities,0.18926533333333334,0.11566800000000002,0.13885367169080168,11,4,0.55175804019568
2023-07-12,Comm,0.10722533333333333,0.134955,0.10671551486444772,24,5,0.9364912552455156
2023-07-12,Consumer,0.14513145454545456,0.1483045,0.08549382042079552,29,4,0.6576108442816776
2023-07-12,Energy,0.08496833333333334,-0.04340309523809523,0.06781715991691946,27,5,0.9612018708514377
2023-07-12,Financials,0.07027399999999999,0.12201766666666666,0.0783866947372231,29,5,0.8599526425221937
2023-07-12,Healthcare,0.30616333333333334,-0.019299999999999998,0.11333687272178294,14,5,0.8003531640237274
2023-07-12,Industrials,0.013353333333333332,0.125346,0.07734293653225097,4,2,0.1762147314824891
2023-07-12,Materials,0.10863,0.08523,0.09039256706985017,8,5,0.6384827856042757
2023-07-12,RealEstate,0.1404,0.03818,0.10004070186073166,8,4,0.5675402538704672
2023-07-12,Tech,0.13229923809523808,0.1353016446886447,0.11973853254707427,46,5,0.5037586191965981
2023-07-12,Utilities,0.05464,0.18926533333333334,0.14343655002194092,5,3,0.35117808823808755
2023-07-13,Comm,0.065615,0.10722533333333333,0.1067618619979828,14,3,0.438288637441565
2023-07-13,Consumer,0.19623275824175823,0.14513145454545456,0.09091542352303725,31,5,0.7293153742650341
2023-07-13,Energy,0.20011047619047623,0.08496833333333334,0.06937635750022982,25,5,0.5997959257251899
2023-07-13,Financials,0.0219275,0.07027399999999999,0.07764917703383918,33,5,0.9334923254996654
2023-07-13,Healthcare,0.133435,0.30616333333333334,0.1308665509591966,14,5,0.87657727488313
2023-07-13,Industrials,0.08498333333333333,0.013353333333333332,0.07152569987780391,9,4,0.34672200027718714
2023-07-13,Materials,0.0,0.10863,0.0920505155180456,6,4,0.5031401674232144
2023-07-13,RealEstate,0.10626666666666665,0.1404,0.1037097289643015,13,4,0.5689009646610094
2023-07-13,Tech,0.17219555555555557,0.13229923809523808,0.1208804148696346,40,5,0.6984555719630376
2023-07-13,Utilities,0.07175333333333334,0.05464,0.13536413638358263,8,4,0.5107862284834206
2023-07-14,Comm,0.07744901960784314,0.065615,0.10302123817998435,22,4,0.31870517832461
2023-07-14,Consumer,0.16024290909090907,0.19623275824175823,0.1004897266792846,23,5,0.6425553115228084
2023-07-14,Energy,0.10779676923076922,0.20011047619047623,0.0812612773811613,27,5,0.6176233297811365
2023-07-14,Financials,0.03443355555555556,0.0219275,0.07258357003076289,60,5,0.487141797136066
2023-07-14,Healthcare,0.09642,0.133435,0.13110004632654237,14,5,0.8765772748831302
2023-07-14,Industrials,0.054290000000000005,0.08498333333333333,0.07274912110103386,7,3,0.351588083493917
2023-07-14,Materials,0.0,0.0,0.08368228683458691,1,1,0.03625384938440364
2023-07-14,RealEstate,0.033350000000000005,0.10626666666666665,0.10394217784633471,5,4,0.45151468487754115
2023-07-14,Tech,0.13538973076923078,0.17219555555555557,0.1255454276592638,50,5,0.60529939471564
2023-07-14,Utilities,0.11593,0.07175333333333334,0.12958133610628725,8,3,0.3929124834487851
2023-07-17,Comm,-0.0886042735042735,0.07744901960784314,0.10069649103706242,39,5,0.398526027024108
2023-07-17,Consumer,0.04559927272727273,0.16024290909090907,0.10592183417125045,32,5,0.8448748473985701
2023-07-17,Energy,0.17288583333333332,0.10779676923076922,0.08367359482203475,25,5,0.8222367988418166
2023-07-17,Financials,0.060955182121971596,0.03443355555555556,0.06911538689665313,66,5,0.8265639352525963
2023-07-17,Healthcare,0.08543200000000001,0.09642,0.12794731484231123,15,5,0.8384231749695317
2023-07-17,Industrials,0.010730000000000003,0.054290000000000005,0.07107101918275806,16,4,0.7441359872167826
2023-07-17,Materials,0.02976000000000001,0.0,0.07607480621326082,5,4,0.45151468487754115
2023-07-17,RealEstate,0.20958133333333331,0.033350000000000005,0.09752470713303155,18,5,0.8754086497974367
2023-07-17,Tech,0.12724874725274726,0.13538973076923078,0.12644036430562441,56,5,0.6643976944324445
2023-07-17,Utilities,0.037495,0.11593,0.1283403055511702,5,2,0.185917811420164
2023-07-18,Comm,0.1491121212121212,-0.0886042735042735,0.0834873306242137,24,5,0.6209344192388745
2023-07-18,Consumer,0.04977095238095239,0.04559927272727273,0.10043796494907067,30,5,0.7125151770166668
2023-07-18,Energy,-0.024509333333333334,0.17288583333333332,0.0917837983230619,20,5,0.957740840108552
2023-07-18,Financials,0.16348713203463203,0.060955182121971596,0.06837355009895482,72,5,0.6671810953009429
2023-07-18,Healthcare,0.12676,0.08543200000000001,0.12408228622028294,13,5,0.7631598306428174
2023-07-18,Industrials,0.22206333333333333,0.010730000000000003,0.0655854719843255,9,4,0.6439122862290618
2023-07-18,Materials,0.025460000000000003,0.02976000000000001,0.07186436928478256,7,5,0.6712136139429324
2023-07-18,RealEstate,0.08653533333333334,0.20958133333333331,0.10771167315124079,16,4,0.4308155715465583
2023-07-18,Tech,0.2781278115942029,0.12724874725274726,0.12651385366445375,44,5,0.6030243553790079
2023-07-18,Utilities,0.17218,0.037495,0.12008164141015473,7,3,0.2734573982730465
2023-07-19,Comm,0.1691486274509804,0.1491121212121212,0.08945322067765983,25,4,0.3992210823958659
2023-07-19,Consumer,0.168018,0.04977095238095239,0.09583187289742354,20,5,0.8180703009260548
2023-07-19,Energy,0.0264,-0.024509333333333334,0.08121169544520777,13,5,0.7631598306428174
2023-07-19,Financials,0.13714256746031744,0.16348713203463203,0.07702023936583455,71,5,0.7845909055403276
2023-07-19,Healthcare,-0.011843333333333322,0.12676,0.12432571474571177,12,5,0.7702153807430859
2023-07-19,Industrials,0.2167007142857143,0.22206333333333333,0.07981073210696257,19,4,0.6137811327998683
2023-07-19,Materials,0.0,0.025460000000000003,0.06764579025889324,6,4,0.5031401674232144
2023-07-19,RealEstate,0.19363000000000002,0.08653533333333334,0.10578655134961286,11,4,0.5815827991251763
2023-07-19,Tech,0.20007999999999998,0.2781278115942029,0.14029694074897642,29,5,0.5391986022245268
2023-07-19,Utilities,-0.00572,0.17218,0.12481785582741338,5,2,0.185917811420164
2023-07-20,Comm,0.011745,0.1691486274509804,0.09669825765705262,21,5,0.6631861841559838
2023-07-20,Consumer,0.09428657142857141,0.168018,0.10239424808856686,22,5,0.7469652616983045
2023-07-20,Energy,0.10256666666666667,0.0264,0.07622881404109798,20,5,0.7408938574424647
2023-07-20,Financials,0.20595187878787877,0.13714256746031744,0.0824859055562421,37,5,0.8577825673793187
2023-07-20,Healthcare,0.017840555555555547,-0.011843333333333322,0.11194671037488949,29,5,0.4645173553790243
2023-07-20,Industrials,-0.018899999999999993,0.2167007142857143,0.09225527594139454,4,3,0.2936912191374818
2023-07-20,Materials,0.10703499999999999,0.0,0.06149617296263021,11,3,0.40601063335153814
2023-07-20,RealEstate,0.09466057142857143,0.19363000000000002,0.11377231940873896,23,5,0.8515163884407948
2023-07-20,Tech,0.08514733216783217,0.20007999999999998,0.14573176431725127,53,5,0.7324458959396777
2023-07-20,Utilities,0.2292066666666667,-0.00572,0.11295077802492126,5,3,0.2873275267402535
2023-07-21,Comm,0.07885066666666667,0.011745,0.08897523423368418,17,4,0.642195689612565
2023-07-21,Consumer,0.024183333333333334,0.09428657142857141,0.10165718657402181,19,5,0.775657475516317
2023-07-21,Energy,0.04943888405797102,0.10256666666666667,0.07862316427978604,38,5,0.4909106626292897
2023-07-21,Financials,0.12999666666666668,0.20595187878787877,0.09371008494093633,24,5,0.8655449480299461
2023-07-21,Healthcare,-0.04343878787878787,0.017840555555555547,0.10339160539131367,20,5,0.5453802006173698
2023-07-21,Industrials,0.07760500000000001,-0.018899999999999993,0.0821502508558132,10,4,0.5764431445089249
2023-07-21,Materials,-0.04404,0.10703499999999999,0.06563606632966383,7,5,0.6712136139429324
2023-07-21,RealEstate,0.10830999999999999,0.09466057142857143,0.11203488777417828,5,3,0.35117808823808755
2023-07-21,Tech,0.07844533333333334,0.08514733216783217,0.14022408866730407,47,5,0.6785920929459862
2023-07-21,Utilities,0.07752,0.2292066666666667,0.12351949517417085,8,4,0.4643511168031096
2023-07-24,Comm,0.049916666666666665,0.07885066666666667,0.08805481900031895,29,5,0.6734568887222
2023-07-24,Consumer,0.07906990476190476,0.024183333333333334,0.0946141090066865,34,5,0.895125950332629
2023-07-24,Energy,0.188886,0.04943888405797102,0.07597004789598467,50,5,0.7691958462078748
2023-07-24,Financials,0.10761781818181819,0.12999666666666668,0.09700886509782092,30,5,0.8469520028688684
2023-07-24,Healthcare,0.11892233333333335,-0.04343878787878787,0.09004338782130443,28,5,0.7166063071984198
2023-07-24,Industrials,0.19583,0.07760500000000001,0.08173704623255747,19,4,0.7589766695912349
2023-07-24,Materials,0.12693928571428573,-0.04404,0.055665514845148936,15,5,0.6022476327245933
2023-07-24,RealEstate,0.29336666666666666,0.10830999999999999,0.11169626161288933,15,5,0.7247386766685783
2023-07-24,Tech,0.18046018181818183,0.07844533333333334,0.13460783818239763,61,5,0.8408997246722453
2023-07-24,Utilities,0.050826666666666666,0.07752,0.11933772288560984,11,4,0.55175804019568
2023-07-25,Comm,-0.053272666666666676,0.049916666666666665,0.08458771424271419,18,5,0.7686514973831152
2023-07-25,Consumer,0.09955671428571428,0.07906990476190476,0.09320099952988815,26,5,0.9603868606450938
2023-07-25,Energy,0.09371866666666667,0.188886,0.08623513445089515,26,5,0.5092960624633075
2023-07-25,Financials,0.11619088888888889,0.10761781818181819,0.0979733153781843,31,5,0.50609483755067
2023-07-25,Healthcare,0.08378433333333332,0.11892233333333335,0.09266874650421615,21,5,0.7826791903102152
2023-07-25,Industrials,0.03178010889292196,0.19583,0.09210913293868861,56,4,0.5074364268157181
2023-07-25,Materials,0.11213567099567098,0.12693928571428573,0.06214494856052501,23,4,0.5723306873126653
2023-07-25,RealEstate,0.12740999999999997,0.29336666666666666,0.12821175298141455,8,5,0.7296946121191722
2023-07-25,Tech,0.03143980952380952,0.18046018181818183,0.13877623305837802,45,5,0.687521254718752
2023-07-25,Utilities,0.1874613333333333,0.050826666666666666,0.1131094450475241,22,5,0.3983814729057625
2023-07-26,Comm,0.2092376666666667,-0.053272666666666676,0.07205495234186139,31,5,0.6458247253592726
2023-07-26,Consumer,0.18168308771929823,0.09955671428571428,0.0937787917804178,36,5,0.5781394753537248
2023-07-26,Energy,0.119906,0.09371866666666667,0.08691545556141983,13,5,0.6657351714118194
2023-07-26,Financials,0.11847466666666666,0.11619088888888889,0.09962945842461197,40,5,0.7439363999048167
2023-07-26,Healthcare,-0.025520000000000004,0.08378433333333332,0.09186107257959043,24,5,0.7231135008857779
2023-07-26,Industrials,-0.07228616666666665,0.03178010889292196,0.08662467620725527,24,4,0.6277578743953457
2023-07-26,Materials,0.030653999999999997,0.11213567099567098,0.06668955969099281,16,4,0.4385087067527469
2023-07-26,RealEstate,0.04231066666666667,0.12740999999999997,0.1281388663467405,8,2,0.3004624873431886
2023-07-26,Tech,0.10428079720279719,0.03143980952380952,0.12901837637341723,58,5,0.6936018897486299
2023-07-26,Utilities,0.30082,0.1874613333333333,0.11986870761896129,4,3,0.2936912191374818
2023-07-27,Comm,0.09428833333333334,0.2092376666666667,0.08452610818957096,36,5,0.7400185284527679
2023-07-27,Consumer,0.13752777777777778,0.18168308771929823,0.1017700914112251,22,4,0.6733207992773449
2023-07-27,Energy,0.05717955555555556,0.119906,0.08991459596492712,22,4,0.6548736540916641
2023-07-27,Financials,0.1327895238095238,0.11847466666666666,0.10134265917388967,26,5,0.8509756993057793
2023-07-27,Healthcare,0.23409810714285711,-0.025520000000000004,0.08119006598144585,30,4,0.5375863012221559
2023-07-27,Industrials,0.2041933333333333,-0.07228616666666665,0.07217823594598964,15,4,0.6197040858470453
2023-07-27,Materials,0.020095,0.030653999999999997,0.06341359971908438,10,4,0.5764431445089249
2023-07-27,RealEstate,0.15286,0.04231066666666667,0.12033630273946105,13,5,0.6135206481638334
2023-07-27,Tech,0.12410766524419155,0.10428079720279719,0.1267695055397245,76,5,0.6138149365984424
2023-07-27,Utilities,0.03090857142857143,0.30082,0.13631882510814664,20,5,0.6770236973181144
2023-07-28,Comm,0.20306166666666664,0.09428833333333334,0.08541358320264027,14,4,0.613604092418191
2023-07-28,Consumer,0.07555714285714285,0.13752777777777778,0.1050207901718208,17,4,0.6573061764269782
2023-07-28,Energy,0.27532066666666666,0.05717955555555556,0.0869386832004388,63,4,0.43977691041235856
2023-07-28,Financials,0.04724880952380952,0.1327895238095238,0.10420146504985642,18,4,0.7003269198379494
2023-07-28,Healthcare,0.029846333333333343,0.23409810714285711,0.0950907969961196,20,5,0.8726083209877918
2023-07-28,Industrials,0.0017699999999999994,0.2041933333333333,0.08417960843574815,15,4,0.5857476975814537
2023-07-28,Materials,0.05464,0.020095,0.05947554519916761,1,1,0.03625384938440364
2023-07-28,RealEstate,0.33326666666666666,0.15286,0.12329300249041912,9,5,0.7116925268847526
2023-07-28,Tech,0.26516107927786503,0.12410766524419155,0.12652752005831241,98,5,0.5754343900820164
2023-07-28,Utilities,0.026973333333333332,0.03090857142857143,0.1267360747736398,7,4,0.49222331689148385
2023-07-31,Comm,0.12548077272727273,0.20306166666666664,0.09610886351755174,27,4,0.662746495427247
2023-07-31,Consumer,0.1066053611111111,0.07555714285714285,0.10234227677957737,50,5,0.8142952769301609
2023-07-31,Energy,0.29540176190476186,0.27532066666666666,0.10406431806100495,45,5,0.7924657906640801
2023-07-31,Financials,0.04100991341991343,0.04724880952380952,0.09902395091112487,30,5,0.7739388991732761
2023-07-31,Healthcare,0.17011577777777775,0.029846333333333343,0.08915948211768449,26,5,0.6722708024515657
2023-07-31,Industrials,0.07717182608695652,0.0017699999999999994,0.07668782585068014,32,4,0.36251722175612405
2023-07-31,Materials,0.0,0.05464,0.05903595018106146,0,0,0.0
2023-07-31,RealEstate,0.11165499999999999,0.33326666666666666,0.14238151741553257,8,4,0.4643511168031096
2023-07-31,Tech,0.21511327314814815,0.26516107927786503,0.13913057089645356,117,5,0.9239959499870649
2023-07-31,Utilities,0.27928000000000003,0.026973333333333332,0.11766673464270283,7,4,0.49222331689148374
2023-08-01,Comm,0.3182094285714286,0.12548077272727273,0.09877903708207184,21,5,0.8119382254619988
2023-08-01,Consumer,0.12422233333333332,0.1066053611111111,0.10272982990062587,27,5,0.6878743246377587
2023-08-01,Energy,0.186396,0.29540176190476186,0.12145863113771013,20,5,0.7699485185186398
2023-08-01,Financials,0.05199166666666667,0.04100991341991343,0.09374994750283291,22,5,0.9019957877111602
2023-08-01,Healthcare,0.30156222222222223,0.17011577777777775,0.09651914535951114,30,4,0.45114026283467357
2023-08-01,Industrials,0.08197692307692307,0.07717182608695652,0.0767318258721598,35,4,0.3452420153997731
2023-08-01,Materials,0.16848000000000002,0.0,0.05366904561914678,5,4,0.45151468487754115
2023-08-01,RealEstate,0.19352,0.11165499999999999,0.1395881976504841,9,5,0.6439122862290618
2023-08-01,Tech,0.2332989411764706,0.21511327314814815,0.14603808928297127,59,5,0.7866607630811067
2023-08-01,Utilities,0.054580000000000004,0.27928000000000003,0.13235884967518438,6,2,0.1935154490089286
2023-08-02,Comm,0.17538,0.3182094285714286,0.11872725449019517,20,5,0.4847824005487733
2023-08-02,Consumer,0.04463077380952381,0.12422233333333332,0.10468369384905382,31,5,0.5794862339326405
2023-08-02,Energy,0.103235,0.186396,0.1273620283070092,15,5,0.8726445290499207
2023-08-02,Financials,0.021962857142857152,0.05199166666666667,0.08995374015409052,16,5,0.663688853463617
2023-08-02,Healthcare,0.17125071428571428,0.30156222222222223,0.11515942507430306,16,4,0.598938721418386
2023-08-02,Industrials,0.035029000000000005,0.08197692307692307,0.07720865289077464,26,3,0.4074368499706459
2023-08-02,Materials,-0.0018826666666666657,0.16848000000000002,0.06410640510831525,15,4,0.3852214587697849
2023-08-02,RealEstate,0.20159733333333332,0.19352,0.14449108877316738,10,4,0.48036928709077076
2023-08-02,Tech,0.015392701660374292,0.2332989411764706,0.1539708940005621,82,5,0.6840284326325392
2023-08-02,Utilities,0.14789,0.054580000000000004,0.12528804515925854,7,5,0.6712136139429324
2023-08-03,Comm,0.05863476190476191,0.17538,0.1238775040819956,17,5,0.7449469999505755
2023-08-03,Consumer,0.03015233333333333,0.04463077380952381,0.09922433748182383,21,5,0.9546965947739986
2023-08-03,Energy,0.050958,0.103235,0.1251686620972811,33,5,0.7909225885142621
2023-08-03,Financials,0.08894333333333333,0.021962857142857152,0.08377275078943294,13,5,0.6385623072725615
2023-08-03,Healthcare,0.17591016666666665,0.17125071428571428,0.12025863318443135,37,5,0.8471598730464479
2023-08-03,Industrials,0.103782,0.035029000000000005,0.07337413899161331,8,3,0.34052415232228034
2023-08-03,Materials,0.056655,-0.0018826666666666657,0.05810739858331689,7,4,0.3885973554406451
2023-08-03,RealEstate,0.05340666666666666,0.20159733333333332,0.14968256555136428,15,5,0.7247386766685783
2023-08-03,Tech,0.07415170995670996,0.015392701660374292,0.14137287651509048,78,5,0.7058003455453981
2023-08-03,Utilities,0.16364333333333334,0.14789,0.12734276832659866,19,5,0.8714176576788252
2023-08-04,Comm,0.016595,0.05863476190476191,0.11794634570224709,13,5,0.8456635961177164
2023-08-04,Consumer,0.07977000000000001,0.03015233333333333,0.09294506437741559,22,5,0.9373681715429705
2023-08-04,Energy,-0.05031666666666666,0.050958,0.11842223827025553,13,4,0.5689009646610094
2023-08-04,Financials,0.05584666666666667,0.08894333333333333,0.08424280374796934,12,5,0.7274256373684701
2023-08-04,Healthcare,0.01394333333333333,0.17591016666666665,0.12531786350099822,31,5,0.6458247253592726
2023-08-04,Industrials,0.14040999999999998,0.103782,0.07613848999237574,13,4,0.5489395273044826
2023-08-04,Materials,0.0,0.056655,0.05797536234846991,0,0,0.0
2023-08-04,RealEstate,-0.06537000000000001,0.05340666666666666,0.14093021110730086,10,5,0.6651267052026054
2023-08-04,Tech,0.08798766666666666,0.07415170995670996,0.1352618613734195,41,5,0.6353641993757568
2023-08-04,Utilities,0.10723800000000001,0.16364333333333334,0.13064281969084726,22,5,0.673320799277345
2023-08-07,Comm,0.13925,0.016595,0.1087325870020428,14,5,0.8003531640237274
2023-08-07,Consumer,0.05832399999999999,0.07977000000000001,0.09174733125219599,30,5,0.627810575553147
2023-08-07,Energy,0.10547083333333333,-0.05031666666666666,0.10308233782144442,26,5,0.8730789642228126
2023-08-07,Financials,-0.08450933333333333,0.05584666666666667,0.08166133674057818,25,5,0.8562603905180297
2023-08-07,Healthcare,0.1506853333333333,0.01394333333333333,0.11519290621302866,13,5,0.7276640245664072
2023-08-07,Industrials,0.07881666666666667,0.14040999999999998,0.0819813545385234,15,4,0.6022476327245933
2023-08-07,Materials,0.08038,0.0,0.052704874862245364,1,1,0.03625384938440364
2023-08-07,RealEstate,0.011466666666666667,-0.06537000000000001,0.12217564646118259,7,4,0.49222331689148374
2023-08-07,Tech,0.04916166666666667,0.08798766666666666,0.13096420730916924,52,5,0.5740801933261032
2023-08-07,Utilities,0.23735499999999998,0.10723800000000001,0.12851510880986114,8,5,0.5107862284834206
2023-08-08,Comm,0.10921833333333333,0.13925,0.11150689727458438,11,3,0.40601063335153814
2023-08-08,Consumer,0.11554619047619048,0.05832399999999999,0.08870884659290544,29,5,0.8779621219467423
2023-08-08,Energy,0.20803833333333333,0.10547083333333333,0.10329947377707067,9,4,0.5008206670670481
2023-08-08,Financials,-0.150014,-0.08450933333333333,0.06655491218840441,38,5,0.7556425906440377
2023-08-08,Healthcare,0.18724266666666667,0.1506853333333333,0.11841949049669272,13,4,0.6657351714118194
2023-08-08,Industrials,0.024606250000000003,0.07881666666666667,0.08169365564108186,17,2,0.21739698442137415
2023-08-08,Materials,0.01032,0.08038,0.05522079532931397,3,2,0.1624278110061505
2023-08-08,RealEstate,0.0,0.011466666666666667,0.11211119375259022,3,1,0.09023767278119472
2023-08-08,Tech,0.1268157142857143,0.04916166666666667,0.12352761270530536,39,5,0.5599914523377428
2023-08-08,Utilities,-0.02971666666666667,0.23735499999999998,0.13840964437260103,11,2,0.2531595713839002
2023-08-09,Comm,0.027690666666666662,0.10921833333333333,0.1112988460071979,16,4,0.663688853463617
2023-08-09,Consumer,0.07900263157894737,0.11554619047619048,0.09114860512774954,54,5,0.38367638355895434
2023-08-09,Energy,-0.019293333333333336,0.20803833333333333,0.11282118828218546,21,5,0.811938225461999
2023-08-09,Financials,0.08428552380952381,-0.150014,0.04686682926218582,19,5,0.7589766695912349
2023-08-09,Healthcare,0.29397533333333337,0.18724266666666667,0.12467614287578124,18,5,0.9004203255059348
2023-08-09,Industrials,0.09689333333333333,0.024606250000000003,0.0765038914918926,15,3,0.37840337985350553
2023-08-09,Materials,0.12886,0.01032,0.05113890484483088,4,3,0.2936912191374818
2023-08-09,RealEstate,-0.08038,0.0,0.10191926704780929,8,5,0.6384827856042757
2023-08-09,Tech,0.13482033333333332,0.1268157142857143,0.12382653103079708,39,5,0.4773553510508545
2023-08-09,Utilities,0.15806,-0.02971666666666667,0.12312543427812214,3,2,0.1624278110061505
2023-08-10,Comm,-0.018349999999999998,0.027690666666666662,0.10369810243078596,9,4,0.5408863204324119
2023-08-10,Consumer,0.10316,0.07900263157894737,0.09004442571422207,38,5,0.44683509230034424
2023-08-10,Energy,0.20419,-0.019293333333333336,0.10081077722622922,18,4,0.45673494772040174
2023-08-10,Financials,0.130885,0.08428552380952381,0.050268528766489275,14,5,0.87657727488313
2023-08-10,Healthcare,0.18324266666666666,0.29397533333333337,0.14006697837192233,10,4,0.48036928709077076
2023-08-10,Industrials,0.02950666666666666,0.09689333333333333,0.07835747711384175,7,3,0.3885973554406451
2023-08-10,Materials,0.04404,0.12886,0.05820445894984625,6,5,0.6289252092790181
2023-08-10,RealEstate,0.38715,-0.08038,0.08534660640709937,9,5,0.5879199135134913
2023-08-10,Tech,0.054048470588235295,0.13482033333333332,0.12482596760375493,47,5,0.36479228117905615
2023-08-10,Utilities,0.11743,0.15806,0.12630130388920197,10,5,0.6651267052026055
2023-08-11,Comm,0.12078666666666667,-0.018349999999999998,0.09260282039162362,11,4,0.6148161019323292
2023-08-11,Consumer,0.10105336752136754,0.10316,0.09123675064929278,34,5,0.7596792604796653
2023-08-11,Energy,0.14817305494505492,0.20419,0.11020888838748108,36,5,0.7529258283676417
2023-08-11,Financials,0.16886666666666666,0.130885,0.057597298878626614,10,4,0.6651267052026055
2023-08-11,Healthcare,0.068855,0.18324266666666666,0.1439920409441718,13,5,0.6657351714118194
2023-08-11,Industrials,0.07942800000000001,0.02950666666666666,0.07391649434591675,11,4,0.5004317108751516
2023-08-11,Materials,0.05994666666666667,0.04404,0.05691678086349659,3,1,0.09023767278119472
2023-08-11,RealEstate,0.11968000000000001,0.38715,0.1127832785519085,4,2,0.2202684143531114
2023-08-11,Tech,0.1767837037037037,0.054048470588235295,0.11839164969325314,39,5,0.39034064007624436
2023-08-11,Utilities,0.12215000000000001,0.11743,0.12549482171745632,4,3,0.2936912191374818
2023-08-14,Comm,0.07223166666666667,0.12078666666666667,0.09516498823480934,10,4,0.5764431445089249
2023-08-14,Consumer,0.06495619047619047,0.10105336752136754,0.09212917036493593,52,5,0.5333171026757288
2023-08-14,Energy,0.19970611111111108,0.14817305494505492,0.11366017625635143,29,5,0.906436569145015
2023-08-14,Financials,0.0759066923076923,0.16886666666666666,0.0677126959502666,27,5,0.6508586659128569
2023-08-14,Healthcare,0.183652,0.068855,0.137161400858338,20,4,0.7699485185186398
2023-08-14,Industrials,0.04755,0.07942800000000001,0.07441754031446976,5,3,0.35117808823808755
2023-08-14,Materials,0.1570333333333333,0.05994666666666667,0.05719222502742114,6,3,0.3593858338737245
2023-08-14,RealEstate,0.025063333333333333,0.11968000000000001,0.11341025322900773,7,2,0.19954999333438533
2023-08-14,Tech,0.1660073520923521,0.1767837037037037,0.12370001823965773,63,5,0.5253456805389194
2023-08-14,Utilities,0.1668133333333333,0.12215000000000001,0.12519074701586938,4,2,0.1762147314824891
2023-08-15,Comm,0.07391666666666666,0.07223166666666667,0.09308014081952365,12,4,0.6891400775069715
2023-08-15,Consumer,0.06022467171717172,0.06495619047619047,0.08965889946595908,32,5,0.7462033323739196
2023-08-15,Energy,0.06624071428571429,0.19970611111111108,0.1214825339704205,20,5,0.7408938574424647
2023-08-15,Financials,-0.10488089743589743,0.0759066923076923,0.0684576047100326,27,5,0.6283181060544031
2023-08-15,Healthcare,0.033176666666666674,0.183652,0.14138781896212546,15,5,0.909778338796726
2023-08-15,Industrials,0.12577,0.04755,0.07197503664951796,8,4,0.4643511168031096
2023-08-15,Materials,0.034815,0.1570333333333333,0.0662686894188677,10,5,0.6651267052026054
2023-08-15,RealEstate,0.07116,0.025063333333333333,0.10537871505667369,4,4,0.4405368287062228
2023-08-15,Tech,0.14780328571428572,0.1660073520923521,0.12754613949899357,60,5,0.5187288012731307
2023-08-15,Utilities,0.018213333333333335,0.1668133333333333,0.12897461849927522,8,3,0.4643511168031096
2023-08-16,Comm,0.11936,0.07391666666666666,0.09133800680562756,9,5,0.7954210594594292
2023-08-16,Consumer,0.13064127731092437,0.06022467171717172,0.08698306057970567,35,5,0.6424582386310739
2023-08-16,Energy,0.062349999999999996,0.06624071428571429,0.11646055036271993,28,4,0.6733628231433426
2023-08-16,Financials,-0.020946666666666672,-0.10488089743589743,0.05269955906040259,16,5,0.6821246549487173
2023-08-16,Healthcare,-0.024089999999999993,0.033176666666666674,0.1315504414807201,7,4,0.49222331689148385
2023-08-16,Industrials,0.17989499999999997,0.12577,0.07686548786319816,9,4,0.5408863204324119
2023-08-16,Materials,0.0,0.034815,0.06340926310806154,0,0,0.0
2023-08-16,RealEstate,0.15981,0.07116,0.10226792277879426,5,4,0.45151468487754115
2023-08-16,Tech,0.13667838383838385,0.14780328571428572,0.12938769824583832,52,5,0.6049032909543501
2023-08-16,Utilities,0.11655,0.018213333333333335,0.11890541075691682,3,2,0.1624278110061505
2023-08-17,Comm,0.06904,0.11936,0.09388546073238868,11,5,0.7420194333666041
2023-08-17,Consumer,0.03754939393939394,0.13064127731092437,0.09095198937345284,51,5,0.43749425063096764
2023-08-17,Energy,0.05376665934065934,0.062349999999999996,0.11154140942065446,36,5,0.7529258283676417
2023-08-17,Financials,0.0812525,-0.020946666666666672,0.04600444763066902,18,5,0.7003269198379494
2023-08-17,Healthcare,0.08139,-0.024089999999999993,0.11740131043701826,9,5,0.5879199135134913
2023-08-17,Industrials,0.026588571428571427,0.17989499999999997,0.08623180714836196,10,3,0.3202461913938472
2023-08-17,Materials,0.133335,0.0,0.057644784643692305,9,5,0.5879199135134913
2023-08-17,RealEstate,0.2134983333333333,0.15981,0.10749902070799477,14,5,0.8367328532975332
2023-08-17,Tech,0.07705133903133903,0.13667838383838385,0.13005048784516066,54,5,0.5926708363918808
2023-08-17,Utilities,0.2660133333333333,0.11655,0.11869128250628802,7,4,0.49222331689148374
2023-08-18,Comm,0.15364499999999998,0.06904,0.09162678248398971,10,4,0.6176176548309908
2023-08-18,Consumer,0.019671,0.03754939393939394,0.08609720797035657,40,5,0.4982751588147526
2023-08-18,Energy,0.17154114285714286,0.05376665934065934,0.1062891594133822,28,5,0.8052586338621416
2023-08-18,Financials,0.14960966666666667,0.0812525,0.04920881602788092,20,5,0.8726083209877918
2023-08-18,Healthcare,0.072175,0.08139,0.11412755494274389,7,2,0.2953339901348903
2023-08-18,Industrials,-0.09318,0.026588571428571427,0.08080969481019917,8,4,0.5675402538704672
2023-08-18,Materials,0.026140000000000004,0.133335,0.06452571331244755,4,2,0.2202684143531114
2023-08-18,RealEstate,0.09691000000000001,0.2134983333333333,0.11713532185575284,7,3,0.4343146913748387
2023-08-18,Tech,0.17585033333333333,0.07705133903133903,0.12523238340754048,46,4,0.42829680174609563
2023-08-18,Utilities,0.11366000000000001,0.2660133333333333,0.1320841962178376,6,4,0.4192834728526786
2023-08-21,Comm,0.05514190476190476,0.15364499999999998,0.09726480225817245,18,5,0.787867784817693
2023-08-21,Consumer,0.06848333333333333,0.019671,0.08005846179123324,40,5,0.8885906998863089
2023-08-21,Energy,0.1276295,0.17154114285714286,0.11222115790826952,27,4,0.4821976162743092
2023-08-21,Financials,0.04834809523809523,0.14960966666666667,0.058336166085952344,32,5,0.6861064196995099
2023-08-21,Healthcare,0.07423757142857143,0.072175,0.11031368631158536,25,5,0.9196870861119578
2023-08-21,Industrials,0.07920799999999999,-0.09318,0.0649924498274538,9,3,0.38634737173743705
2023-08-21,Materials,0.020211428571428578,0.026140000000000004,0.06103610301131594,13,4,0.49665957232310337
2023-08-21,RealEstate,0.17589,0.09691000000000001,0.11529665623250256,6,4,0.5031401674232144
2023-08-21,Tech,0.04028114058355438,0.17585033333333333,0.1298340152189762,82,4,0.37293397075861684
2023-08-21,Utilities,-0.08815999999999999,0.11366000000000001,0.13040926928894328,10,5,0.720553930636156
2023-08-22,Comm,-0.005667999999999995,0.05514190476190476,0.09343544794032994,9,4,0.4361986455100096
2023-08-22,Consumer,0.05100059523809523,0.06848333333333333,0.07900617738596961,24,5,0.8045910784503725
2023-08-22,Energy,0.007368285714285716,0.1276295,0.11362191628024502,23,4,0.6587202250202374
2023-08-22,Financials,-0.017255000000000003,0.04834809523809523,0.057428159645238064,18,5,0.9269032762561095
2023-08-22,Healthcare,-0.020183333333333338,0.07423757142857143,0.10703403950403863,8,4,0.5675402538704672
2023-08-22,Industrials,0.186975,0.07920799999999999,0.06628477257041253,13,4,0.7276640245664072
2023-08-22,Materials,0.015086666666666668,0.020211428571428578,0.05732476897132619,8,4,0.5675402538704672
2023-08-22,RealEstate,0.19552999999999998,0.17589,0.1208051420295478,4,3,0.2936912191374818
2023-08-22,Tech,0.10141788095238095,0.04028114058355438,0.12169284479757421,84,5,0.41190891087046994
2023-08-22,Utilities,0.0,-0.08815999999999999,0.11053933571722116,4,4,0.4405368287062228
2023-08-23,Comm,0.07746944444444445,-0.005667999999999995,0.08442604358211812,19,3,0.5307130095637959
2023-08-23,Consumer,0.15395059523809523,0.05100059523809523,0.07646021537252648,35,5,0.6458485195737181
2023-08-23,Energy,0.1958479365079365,0.007368285714285716,0.10396249531970328,23,4,0.6271647651390285
2023-08-23,Financials,0.17761083333333333,-0.017255000000000003,0.050638781495670956,31,5,0.7183893012423371
2023-08-23,Healthcare,0.13129238095238097,-0.020183333333333338,0.09546882379155026,24,5,0.6882646574695956
2023-08-23,Industrials,0.136686,0.186975,0.07725661142764775,12,4,0.6235076891729743
2023-08-23,Materials,0.0,0.015086666666666668,0.05348494148908441,2,2,0.13187198158574429
2023-08-23,RealEstate,0.0,0.19552999999999998,0.12759831093595253,2,1,0.06593599079287214
2023-08-23,Tech,0.18210281818181817,0.10141788095238095,0.119849666266193,86,5,0.38824145665685034
2023-08-23,Utilities,0.12000999999999999,0.0,0.10049030519747378,14,5,0.8003531640237274
2023-08-24,Comm,0.08664133333333332,0.07746944444444445,0.08379362547869325,15,3,0.5553192457590406
2023-08-24,Consumer,0.06578942424242423,0.15395059523809523,0.08350479536030546,42,5,0.8602943092878774
2023-08-24,Energy,0.07053066666666666,0.1958479365079365,0.11231571724590628,14,5,0.575253836642054
2023-08-24,Financials,-0.014456666666666663,0.17761083333333333,0.06218169529909481,15,5,0.8384231749695317
2023-08-24,Healthcare,0.16987333333333335,0.13129238095238097,0.09872551080617123,9,5,0.6439122862290618
2023-08-24,Industrials,0.12956,0.136686,0.0826592831160434,9,4,0.5408863204324119
2023-08-24,Materials,0.07636,0.0,0.04862267408098583,5,4,0.45151468487754115
2023-08-24,RealEstate,0.06904,0.0,0.11599846448722957,8,5,0.7296946121191722
2023-08-24,Tech,0.14503705406027145,0.18210281818181817,0.125509043713068,141,5,0.4244902316641132
2023-08-24,Utilities,0.08522833333333334,0.12000999999999999,0.10226482290679433,11,4,0.6148161019323292
2023-08-25,Comm,-0.026886666666666663,0.08664133333333332,0.08405250801093325,12,4,0.5237464589052984
2023-08-25,Consumer,0.11228216666666666,0.06578942424242423,0.08189430707686171,29,5,0.772768503648976
2023-08-25,Energy,0.06441999999999999,0.07053066666666666,0.10851707628415723,12,4,0.37410461350378466
2023-08-25,Financials,0.023236,-0.014456666666666663,0.05521457148402559,18,5,0.8517489565596681
2023-08-25,Healthcare,0.09453700000000001,0.16987333333333335,0.10519349467227687,15,5,0.806784564593323
2023-08-25,Industrials,0.027447,0.12956,0.08692298465094855,11,4,0.5004317108751516
2023-08-25,Materials,0.18505333333333335,0.07636,0.05114424916453257,5,3,0.2873275267402534
2023-08-25,RealEstate,0.041106666666666666,0.06904,0.1117295131702087,9,4,0.5879199135134913
2023-08-25,Tech,0.08968936170212766,0.14503705406027145,0.1272843173809956,65,5,0.3634400387189897
2023-08-25,Utilities,0.10336000000000001,0.08522833333333334,0.1007160511273888,7,3,0.3885973554406451
2023-08-28,Comm,0.072714,-0.026886666666666663,0.0739671284947878,12,3,0.48495042491231327
2023-08-28,Consumer,0.1089272380952381,0.11228216666666666,0.08465683976684397,27,5,0.7761576604201449
2023-08-28,Energy,0.2285686363636364,0.06441999999999999,0.10450825116741566,25,5,0.6239083247493181
2023-08-28,Financials,0.13572724242424244,0.023236,0.05230742862184144,34,5,0.6241689059076169
2023-08-28,Healthcare,0.07118128205128205,0.09453700000000001,0.10422472242934262,23,4,0.5159434274789053
2023-08-28,Industrials,-0.0018515789473684207,0.027447,0.08151607695540777,25,4,0.32759302539608
2023-08-28,Materials,0.16874,0.18505333333333335,0.06331780227078718,4,3,0.2936912191374818
2023-08-28,RealEstate,0.19812000000000002,0.041106666666666666,0.10530925439715944,10,4,0.5086263039784631
2023-08-28,Tech,0.19471075066777194,0.08968936170212766,0.12386659413746215,73,5,0.44169063970963934
2023-08-28,Utilities,0.03467666666666667,0.10336000000000001,0.10095641011580798,11,4,0.45784177803471326
2023-08-29,Comm,0.1181975,0.072714,0.07385320772253437,19,3,0.2704399627279113
2023-08-29,Consumer,0.14495030303030304,0.1089272380952381,0.08686323961487981,26,4,0.6656146558926392
2023-08-29,Energy,-0.030057727272727264,0.2285686363636364,0.11578646800343573,19,5,0.4936002116922016
2023-08-29,Financials,-0.059906666666666664,0.13572724242424244,0.059891048058423345,13,5,0.6135206481638334
2023-08-29,Healthcare,0.11434833333333332,0.07118128205128205,0.10122077330406438,25,5,0.5374794659095857
2023-08-29,Industrials,0.06649619047619046,-0.0018515789473684207,0.07393719914606448,20,4,0.3739749947090537
2023-08-29,Materials,0.0,0.16874,0.07290163842798834,1,1,0.03625384938440364
2023-08-29,RealEstate,0.09852,0.19812000000000002,0.11374659490650856,7,3,0.351588083493917
2023-08-29,Tech,0.19531366666666666,0.19471075066777194,0.13030697200385394,56,5,0.46527553675387806
2023-08-29,Utilities,0.24779999999999996,0.03467666666666667,0.09493097889315878,7,4,0.3885973554406451
2023-08-30,Comm,0.06314733333333333,0.1181975,0.07788450702048579,10,3,0.4550866930333618
2023-08-30,Consumer,0.10278400000000001,0.14495030303030304,0.09214388174355463,25,5,0.9196870861119578
2023-08-30,Energy,0.10436126984126984,-0.030057727272727264,0.10252790479651182,17,3,0.426496374017505
2023-08-30,Financials,0.07611700000000002,-0.059906666666666664,0.0490003467197788,17,5,0.833895895467062
2023-08-30,Healthcare,0.06111500000000001,0.11434833333333332,0.10241418785217973,10,4,0.6176176548309908
2023-08-30,Industrials,0.031990000000000005,0.06649619047619046,0.07326074381243956,11,3,0.4781903015029227
2023-08-30,Materials,0.20428666666666667,0.0,0.06627421675271668,6,3,0.3593858338737245
2023-08-30,RealEstate,0.14272,0.09852,0.11236235900591687,6,4,0.5031401674232144
2023-08-30,Tech,0.14162335200746967,0.19531366666666666,0.1362166715186551,55,5,0.4657351004395858
2023-08-30,Utilities,0.11819500000000001,0.24779999999999996,0.10882816263014435,6,3,0.2795223152351191
2023-08-31,Comm,0.11901666666666669,0.06314733333333333,0.07654476395801738,18,5,0.7329002649466912
2023-08-31,Consumer,0.2287150476190476,0.10278400000000001,0.0931111652214133,24,5,0.8925932276558818
2023-08-31,Energy,0.09339,0.10436126984126984,0.10269457434603527,13,4,0.6135206481638337
2023-08-31,Financials,0.10847238095238096,0.07611700000000002,0.05146549701798072,20,5,0.7012031150794755
2023-08-31,Healthcare,0.12603833333333334,0.06111500000000001,0.0986597162292543,13,4,0.6953234012523447
2023-08-31,Industrials,0.077274,0.031990000000000005,0.0695088580113087,20,4,0.5453802006173699
2023-08-31,Materials,0.17987999999999998,0.20428666666666667,0.07882080310853032,8,4,0.5675402538704672
2023-08-31,RealEstate,0.252834,0.14272,0.11512214455083351,9,4,0.4361986455100096
2023-08-31,Tech,0.1178628253968254,0.14162335200746967,0.13670818792672915,55,5,0.433684512882453
2023-08-31,Utilities,0.23885499999999998,0.11819500000000001,0.1096796933001312,9,5,0.5879199135134913
2023-09-01,Comm,0.01918,0.11901666666666669,0.08040584602244004,9,4,0.5408863204324119
2023-09-01,Consumer,0.19533499999999998,0.2287150476190476,0.10543879089392552,23,5,0.5541614591440094
2023-09-01,Energy,0.16293333333333335,0.09339,0.10184870395094114,8,3,0.26883485709653715
2023-09-01,Financials,0.09780666666666667,0.10847238095238096,0.0566479410120171,13,4,0.5489395273044826
2023-09-01,Healthcare,0.10361400000000001,0.12603833333333334,0.10114868142053421,19,5,0.775657475516317
2023-09-01,Industrials,0.17696666666666666,0.077274,0.07021478001028063,16,4,0.701613930804395
2023-09-01,Materials,0.20751,0.17987999999999998,0.08800800282593665,5,4,0.45151468487754115
2023-09-01,RealEstate,0.29386,0.252834,0.12764140413712138,9,5,0.4662813107175964
2023-09-01,Tech,0.19532071428571432,0.1178628253968254,0.13499497315128334,46,5,0.47545757317431736
2023-09-01,Utilities,0.23818999999999999,0.23885499999999998,0.12142290300011929,5,4,0.45151468487754115
2023-09-05,Comm,0.40598999999999996,0.01918,0.07483986002040004,11,5,0.6148161019323292
2023-09-05,Consumer,0.09994464646464647,0.19533499999999998,0.11361117353993229,38,5,0.7517069521511
2023-09-05,Energy,-0.018475297619047627,0.16293333333333335,0.10740185207661315,36,5,0.6962539918238407
2023-09-05,Financials,0.10005848717948718,0.09780666666666667,0.06038964334425797,37,4,0.5961495402919449
2023-09-05,Healthcare,-0.02816442857142858,0.10361400000000001,0.10137280129139473,26,5,0.8509756993057793
2023-09-05,Industrials,0.12818066666666666,0.17696666666666666,0.07991949697904299,17,4,0.46950441173355584
2023-09-05,Materials,0.06364,0.20751,0.0988718207508515,8,4,0.5675402538704672
2023-09-05,RealEstate,0.09603466666666667,0.29386,0.14275218557920125,13,4,0.6657351714118194
2023-09-05,Tech,0.22444562380952382,0.19532071428571432,0.1404791314362316,103,5,0.6427749159648142
2023-09-05,Utilities,0.09990000000000002,0.23818999999999999,0.13203809363647206,8,3,0.3929124834487851
2023-09-06,Comm,0.19137333333333334,0.40598999999999996,0.10494441820036367,12,5,0.7274256373684701
2023-09-06,Consumer,0.054352500000000005,0.09994464646464647,0.11236876198763357,27,5,0.801886643638492
2023-09-06,Energy,0.2502890476190476,-0.018475297619047627,0.09595847483155308,15,5,0.6382027152753152
2023-09-06,Financials,0.2942828571428572,0.10005848717948718,0.06399590187473335,16,4,0.6462233573198375
2023-09-06,Healthcare,0.19297333333333333,-0.02816442857142858,0.08959668948568351,10,5,0.7205539306361561
2023-09-06,Industrials,0.08367333333333334,0.12818066666666666,0.08430687604155424,14,4,0.6347628542257148
2023-09-06,Materials,0.12696000000000002,0.06364,0.09566892795531953,6,5,0.6289252092790181
2023-09-06,RealEstate,0.19218000000000002,0.09603466666666667,0.13850513840533446,3,3,0.27071301834358413
2023-09-06,Tech,0.12309266666666667,0.22444562380952382,0.1481124489247127,51,5,0.6398286150064213
2023-09-06,Utilities,0.25459818181818183,0.09990000000000002,0.12911644876042916,15,5,0.34207665538756904
2023-09-07,Comm,0.07390133333333333,0.19137333333333334,0.11280159230336091,13,4,0.6135206481638337
2023-09-07,Consumer,0.08245063492063492,0.054352500000000005,0.10709455635239415,26,4,0.7387591235731492
2023-09-07,Energy,0.1781435,0.2502890476190476,0.1099885269031435,16,4,0.5224784591096558
2023-09-07,Financials,0.2701097777777778,0.2942828571428572,0.08493107962638097,25,5,0.8010177846781569
2023-09-07,Healthcare,-0.18949333333333332,0.19297333333333333,0.09899456619910622,7,5,0.5679499810286353
2023-09-07,Industrials,0.18894,0.08367333333333334,0.08424928124989779,11,4,0.6941472118590813
2023-09-07,Materials,0.07458000000000001,0.12696000000000002,0.0985135708684723,8,4,0.5675402538704672
2023-09-07,RealEstate,0.02266666666666667,0.19218000000000002,0.14338467127757676,8,5,0.6384827856042757
2023-09-07,Tech,0.14306831944444445,0.12309266666666667,0.14583792326489037,65,5,0.6475081149591195
2023-09-07,Utilities,0.28632,0.25459818181818183,0.14052387903840666,11,5,0.7420194333666041
2023-09-08,Comm,0.1408346666666667,0.07390133333333333,0.10926520512426748,13,5,0.7276640245664072
2023-09-08,Consumer,0.19154805555555557,0.08245063492063492,0.10485419985859785,26,5,0.7727250602891561
2023-09-08,Energy,0.1417114285714286,0.1781435,0.11618443354831225,27,5,0.5736817490061941
2023-09-08,Financials,0.09885690476190476,0.2701097777777778,0.1017655067310534,22,5,0.7710609153014757
2023-09-08,Healthcare,0.261324,-0.18949333333333332,0.07276839351433899,18,5,0.5433570929777193
2023-09-08,Industrials,0.05507666666666666,0.18894,0.0937666193180889,9,3,0.4662813107175965
2023-09-08,Materials,0.10883333333333334,0.07458000000000001,0.09633779169861119,7,4,0.49222331689148374
2023-09-08,RealEstate,0.20400000000000001,0.02266666666666667,0.13241030722203948,5,4,0.45151468487754115
2023-09-08,Tech,0.09788493395493396,0.14306831944444445,0.14558614109939527,53,5,0.7211630323308508
2023-09-08,Utilities,0.16525166666666666,0.28632,0.15377807185309694,11,5,0.6941472118590813
2023-09-11,Comm,0.006898333333333345,0.1408346666666667,0.1121351561735765,13,4,0.4171940407514068
2023-09-11,Consumer,0.09274361111111111,0.19154805555555557,0.11273545946741219,38,5,0.6972354338792812
2023-09-11,Energy,0.13183055555555556,0.1417114285714286,0.11850506945950465,29,5,0.46972203162976967
2023-09-11,Financials,0.12716908424908424,0.09885690476190476,0.10150108837022169,32,5,0.6725648456264933
2023-09-11,Healthcare,0.162243,0.261324,0.08990981228576271,19,5,0.9166861074283748
2023-09-11,Industrials,0.10584500000000001,0.05507666666666666,0.09024935089523231,16,4,0.701613930804395
2023-09-11,Materials,0.16076,0.10883333333333334,0.09747375002904046,6,5,0.6289252092790181
2023-09-11,RealEstate,0.24696600000000002,0.20400000000000001,0.138918461110945,11,5,0.6148161019323292
2023-09-11,Tech,0.23062797877846788,0.09788493395493396,0.14124966772262607,100,5,0.7293946009765474
2023-09-11,Utilities,-0.11265333333333331,0.16525166666666666,0.15482112592705785,13,5,0.6135206481638334
2023-09-12,Comm,0.037546666666666666,0.006898333333333345,0.10256817227900894,12,4,0.5237464589052984
2023-09-12,Consumer,0.0937170238095238,0.09274361111111111,0.11091801870774845,25,4,0.75247125227342
2023-09-12,Energy,0.04997333333333333,0.13183055555555556,0.11971647728641836,35,5,0.6597751722868981
2023-09-12,Financials,0.20140961904761906,0.12716908424908424,0.10383454254102738,20,5,0.7853474888890126
2023-09-12,Healthcare,-0.027570000000000004,0.162243,0.09648555662342065,13,5,0.8456635961177164
2023-09-12,Industrials,0.10995966666666668,0.10584500000000001,0.09166713717748393,20,4,0.5860802155888153
2023-09-12,Materials,0.04019,0.16076,0.10322704548094588,5,4,0.45151468487754115
2023-09-12,RealEstate,-0.11438,0.24696600000000002,0.14874096464631364,4,3,0.2936912191374818
2023-09-12,Tech,0.058327399999999995,0.23062797877846788,0.14937496872770256,56,5,0.7143410290936534
2023-09-12,Utilities,0.06076,-0.11265333333333331,0.130505265994295,4,3,0.2936912191374818
2023-09-13,Comm,0.041839999999999995,0.037546666666666666,0.09665712631425054,12,4,0.4849504249123133
2023-09-13,Consumer,0.10820777777777776,0.0937170238095238,0.10935429189881893,22,4,0.6733207992773449
2023-09-13,Energy,0.09829861111111111,0.04997333333333333,0.11337619147250155,23,5,0.6587202250202376
2023-09-13,Financials,0.08673433333333333,0.20140961904761906,0.11270500404162662,21,5,0.9144988434150935
2023-09-13,Healthcare,0.08420000000000001,-0.027570000000000004,0.08520777874856422,8,3,0.4256551904028505
2023-09-13,Industrials,0.06337085714285715,0.10995966666666668,0.09333009440377327,15,4,0.5412605306765332
2023-09-13,Materials,0.018690000000000002,0.04019,0.09749640498267806,3,2,0.1624278110061505
2023-09-13,RealEstate,0.05325333333333333,-0.11438,0.12482087695119419,6,4,0.4192834728526786
2023-09-13,Tech,0.35495,0.058327399999999995,0.14109791702518415,40,5,0.579515673838897
2023-09-13,Utilities,0.19996,0.06076,0.1241647872675409,9,5,0.6439122862290618
2023-09-14,Comm,0.10732,0.041839999999999995,0.09167375119477322,11,3,0.43915435852309226
2023-09-14,Consumer,0.031052380952380953,0.10820777777777776,0.10925006334236065,24,5,0.8045910784503723
2023-09-14,Energy,0.12299133333333331,0.09829861111111111,0.11200550234873878,16,5,0.7673902368173071
2023-09-14,Financials,0.16969581818181817,0.08673433333333333,0.11034403397723631,41,4,0.5377722583516406
2023-09-14,Healthcare,0.09908833333333333,0.08420000000000001,0.08511616249869475,12,5,0.7702153807430859
2023-09-14,Industrials,0.09645999999999999,0.06337085714285715,0.09060652738005362,13,4,0.6953234012523447
2023-09-14,Materials,0.054779999999999995,0.018690000000000002,0.09033218634788914,4,4,0.4405368287062228
2023-09-14,RealEstate,0.04019,0.05325333333333333,0.11831473662229777,8,4,0.6384827856042757
2023-09-14,Tech,0.1898117962962963,0.35495,0.16053901547744015,66,5,0.7420769912744775
2023-09-14,Utilities,0.21654,0.19996,0.13105526115230992,7,5,0.6712136139429324
2023-09-15,Comm,-0.01023833333333333,0.10732,0.09309613744979384,7,2,0.2953339901348903
2023-09-15,Consumer,0.2730741666666667,0.031052380952380953,0.10214118312508977,30,5,0.7298935959682928
2023-09-15,Energy,-0.014568000000000003,0.12299133333333331,0.11300421425642919,16,4,0.4308155715465583
2023-09-15,Financials,0.027317619047619045,0.16969581818181817,0.11573965072310739,21,5,0.782679190310215
2023-09-15,Healthcare,-0.00017933333333333413,0.09908833333333333,0.08638635984729826,16,4,0.7441359872167826
2023-09-15,Industrials,0.07818666666666665,0.09645999999999999,0.0911386612545942,13,4,0.5903689255916134
2023-09-15,Materials,-0.043005,0.054779999999999995,0.08710016940717194,10,2,0.25431315198923155
2023-09-15,RealEstate,0.2822766666666666,0.04019,0.1112124878384525,8,5,0.6384827856042757
2023-09-15,Tech,0.004478346774193548,0.1898117962962963,0.16320017737006343,84,5,0.6491260021353402
2023-09-15,Utilities,0.16271,0.21654,0.13882660104755445,5,3,0.35117808823808755
2023-09-18,Comm,0.09223333333333335,-0.01023833333333333,0.08370209465132773,13,4,0.49665957232310337
2023-09-18,Consumer,0.1007003896103896,0.2730741666666667,0.11768054526523311,31,5,0.5830089466009238
2023-09-18,Energy,0.05833422222222222,-0.014568000000000003,0.10140674023311744,38,5,0.6141605736723881
2023-09-18,Financials,0.26542977777777776,0.027317619047619045,0.1077012842071539,21,5,0.6532134595822096
2023-09-18,Healthcare,0.10739466666666667,-0.00017933333333333413,0.07851675137633175,14,5,0.7670051155227386
2023-09-18,Industrials,0.1260561111111111,0.07818666666666665,0.08996120720114624,21,4,0.6734681404994874
2023-09-18,Materials,0.075596,-0.043005,0.07527242673379267,13,4,0.5689009646610094
2023-09-18,RealEstate,0.10935999999999998,0.2822766666666666,0.12676377682283563,6,3,0.2795223152351191
2023-09-18,Tech,0.16021608956560682,0.004478346774193548,0.14877092004316614,64,5,0.7062049468750939
2023-09-18,Utilities,0.06950666666666667,0.16271,0.14099781913414042,5,3,0.2873275267402534
2023-09-19,Comm,0.04388,0.09223333333333335,0.08447766180423734,5,2,0.24312329185713755
2023-09-19,Consumer,0.11061783333333335,0.1007003896103896,0.11613689475115643,36,5,0.7076679916898052
2023-09-19,Energy,0.07297057692307693,0.05833422222222222,0.09749105677758149,29,5,0.637607472592501
2023-09-19,Financials,0.051852857142857145,0.26542977777777776,0.12204023816811971,16,4,0.5456997239589739
2023-09-19,Healthcare,0.04774,0.10739466666666667,0.08114201640272582,8,5,0.7296946121191722
2023-09-19,Industrials,0.12225190476190476,0.1260561111111111,0.09324256210205213,13,4,0.49665957232310337
2023-09-19,Materials,0.0,0.075596,0.07530184248526607,4,3,0.2936912191374818
2023-09-19,RealEstate,0.25427,0.10935999999999998,0.1251816152934869,5,4,0.45151468487754115
2023-09-19,Tech,0.10164854166666668,0.16021608956560682,0.14981138999975166,57,5,0.5428510653082284
2023-09-19,Utilities,0.22810000000000002,0.06950666666666667,0.13449862345527916,4,3,0.2936912191374818
2023-09-20,Comm,0.11850999999999998,0.04388,0.08078696527657939,4,3,0.2936912191374818
2023-09-20,Consumer,-0.08202899999999999,0.11061783333333335,0.11563516189499068,31,5,0.6591406990780205
2023-09-20,Energy,9.350649350649276e-05,0.07297057692307693,0.09526192224535382,21,4,0.4964422292824792
2023-09-20,Financials,0.08754666666666666,0.051852857142857145,0.11565956716582311,18,5,0.787867784817693
2023-09-20,Healthcare,-0.116605,0.04774,0.07810546945702349,14,5,0.8367328532975332
2023-09-20,Industrials,0.06204888888888889,0.12225190476190476,0.09587977507112963,13,4,0.3596500351305232
2023-09-20,Materials,0.02023,0.0,0.06845622044115098,4,3,0.2936912191374818
2023-09-20,RealEstate,0.34655,0.25427,0.13691692299407904,5,4,0.45151468487754115
2023-09-20,Tech,0.05181746031746033,0.10164854166666668,0.14543294924219846,65,5,0.6853188078034478
2023-09-20,Utilities,0.06931666666666667,0.22810000000000002,0.14300783950479926,5,2,0.24312329185713755
2023-09-21,Comm,0.039676666666666666,0.11850999999999998,0.08421633206961762,12,5,0.5692896292448897
2023-09-21,Consumer,0.031862380952380955,-0.08202899999999999,0.09766569263180971,31,5,0.6825976634580214
2023-09-21,Energy,0.14600333333333335,9.350649350649276e-05,0.08661024808609497,25,4,0.5617998037335489
2023-09-21,Financials,0.0878,0.08754666666666666,0.11310384893862706,21,5,0.6250171951398119
2023-09-21,Healthcare,0.13232666666666665,-0.116605,0.060404517688203166,10,5,0.7205539306361561
2023-09-21,Industrials,0.1476597619047619,0.06204888888888889,0.09280423996365321,22,4,0.7588218531538333
2023-09-21,Materials,0.08038,0.02023,0.06407201858286452,8,4,0.5675402538704672
2023-09-21,RealEstate,0.17091666666666666,0.34655,0.15597447544916274,13,4,0.6953234012523447
2023-09-21,Tech,0.19333616666666667,0.05181746031746033,0.13692245024904046,48,5,0.422723661099289
2023-09-21,Utilities,0.018453333333333318,0.06931666666666667,0.13630864197405992,12,5,0.7274256373684701
2023-09-22,Comm,0.017471999999999998,0.039676666666666666,0.08016727157844025,11,4,0.5517580401956801
2023-09-22,Consumer,0.15880433333333335,0.031862380952380955,0.09168357338822528,23,5,0.7758260428016132
2023-09-22,Energy,0.2148235,0.14600333333333335,0.09200961947220754,24,5,0.6277578743953457
2023-09-22,Financials,-0.002622000000000002,0.0878,0.11080349903511552,14,5,0.7363249109018292
2023-09-22,Healthcare,-0.0707025,0.13232666666666665,0.06694289486806348,12,4,0.37410461350378466
2023-09-22,Industrials,0.2089666666666667,0.1476597619047619,0.0977911055946631,7,4,0.49222331689148385
2023-09-22,Materials,0.05106000000000001,0.08038,0.06555456234805865,3,2,0.1624278110061505
2023-09-22,RealEstate,0.036140000000000005,0.17091666666666666,0.15733285646893583,5,2,0.24312329185713755
2023-09-22,Tech,0.072105,0.19333616666666667,0.14205096992337013,48,5,0.5019267871440358
2023-09-22,Utilities,-0.01027,0.018453333333333318,0.12559452300672114,3,2,0.1624278110061505
2023-09-25,Comm,-0.03002800000000001,0.017471999999999998,0.07446770143494569,15,4,0.4698855156422652
2023-09-25,Consumer,0.08154267857142858,0.15880433333333335,0.09778546065596237,60,5,0.8955168857799822
2023-09-25,Energy,0.15620107142857143,0.2148235,0.10317451770200685,32,4,0.45035179090408367
2023-09-25,Financials,0.08938466666666667,-0.002622000000000002,0.10049209003192319,21,5,0.6250171951398119
2023-09-25,Healthcare,0.09380500000000003,-0.0707025,0.054429677152784975,15,4,0.7501681039201075
2023-09-25,Industrials,0.14990333333333333,0.2089666666666667,0.10789797478302705,17,4,0.7255977272245863
2023-09-25,Materials,0.0073474999999999955,0.05106000000000001,0.06423687486187149,10,3,0.2620196111404203
2023-09-25,RealEstate,0.062236666666666676,0.036140000000000005,0.14631532406266892,11,5,0.7969838358382045
2023-09-25,Tech,0.07939240537240537,0.072105,0.13569224538488195,62,5,0.5018256094184084
2023-09-25,Utilities,0.14783333333333334,-0.01027,0.11324320273338284,8,3,0.4643511168031096
2023-09-26,Comm,0.15773333333333334,-0.03002800000000001,0.06496809221358699,13,5,0.7276640245664072
2023-09-26,Consumer,0.147954,0.08154267857142858,0.09630884410282294,34,5,0.8553425747622897
2023-09-26,Energy,0.14146714285714285,0.15620107142857143,0.1079951134953309,19,5,0.8113198881837339
2023-09-26,Financials,0.15842161904761903,0.08938466666666667,0.09948232427144532,27,5,0.7520284067283268
2023-09-26,Healthcare,0.12718000000000002,0.09380500000000003,0.05800925195707725,14,4,0.5414153756631096
2023-09-26,Industrials,0.12809833333333334,0.14990333333333333,0.11171664374214581,11,4,0.6148161019323292
2023-09-26,Materials,0.02732,0.0073474999999999955,0.059065113510792265,2,1,0.06593599079287214
2023-09-26,RealEstate,0.06638000000000001,0.062236666666666676,0.13867180975394144,5,3,0.35117808823808755
2023-09-26,Tech,0.02705904761904763,0.07939240537240537,0.13057407811102043,37,5,0.8071759262359963
2023-09-26,Utilities,0.22532000000000002,0.14783333333333334,0.11638776006065107,8,4,0.5107862284834206
2023-09-27,Comm,0.06364,0.15773333333333334,0.07340129595174574,4,3,0.2936912191374818
2023-09-27,Consumer,-0.03749333333333333,0.147954,0.10100385827529357,22,5,0.63741035664922
2023-09-27,Energy,0.12195466666666668,0.14146714285714285,0.11103802525549562,19,5,0.8504196418311428
2023-09-27,Financials,0.10377142857142856,0.15842161904761903,0.10484044197837021,19,5,0.775657475516317
2023-09-27,Healthcare,0.14411666666666667,0.12718000000000002,0.06429750177916113,7,3,0.4343146913748387
2023-09-27,Industrials,0.18887533333333334,0.12809833333333334,0.11320588825043557,14,4,0.5578219021983555
2023-09-27,Materials,0.11567333333333334,0.02732,0.05617919410072024,7,5,0.5679499810286353
2023-09-27,RealEstate,0.14150000000000001,0.06638000000000001,0.13209982704903767,11,4,0.55175804019568
2023-09-27,Tech,0.1247824,0.02705904761904763,0.12116362079356835,43,5,0.517107577171331
2023-09-27,Utilities,-0.007531333333333334,0.22532000000000002,0.12629069096422824,18,5,0.5252451898784619
2023-09-28,Comm,0.08551914285714286,0.06364,0.07251390541067795,15,4,0.5412605306765332
2023-09-28,Consumer,0.11033748717948719,-0.03749333333333333,0.08841320449269112,31,4,0.6874908366727741
2023-09-28,Energy,0.14534666666666665,0.12195466666666668,0.11203044720196571,21,5,0.6734681404994874
2023-09-28,Financials,0.15560714285714286,0.10377142857142856,0.10474325894137551,21,5,0.797040276370953
2023-09-28,Healthcare,0.19452,0.14411666666666667,0.0715537894962071,11,5,0.6941472118590813
2023-09-28,Industrials,0.05045142857142857,0.18887533333333334,0.12008492871251719,14,4,0.5414153756631096
2023-09-28,Materials,0.12859,0.11567333333333334,0.06158775221277597,6,4,0.5031401674232144
2023-09-28,RealEstate,0.27696,0.14150000000000001,0.13295438822639788,7,3,0.351588083493917
2023-09-28,Tech,0.01110789743589744,0.1247824,0.12149260072142576,40,5,0.4346367553791728
2023-09-28,Utilities,0.042626666666666674,-0.007531333333333334,0.11412505239172263,13,4,0.3596500351305232
2023-09-29,Comm,0.32593,0.08551914285714286,0.07369619972399293,10,4,0.4117451032206606
2023-09-29,Consumer,0.1583359298245614,0.11033748717948719,0.09040632110058168,57,5,0.417873135160096
2023-09-29,Energy,0.21495066666666665,0.14534666666666665,0.11505919442602944,23,5,0.6425553115228084
2023-09-29,Financials,0.20885166666666666,0.15560714285714286,0.10936724838826344,12,5,0.7702153807430859
2023-09-29,Healthcare,0.12640500000000002,0.19452,0.0827325359056428,16,5,0.598938721418386
2023-09-29,Industrials,0.11939166666666667,0.05045142857142857,0.11375461051787276,9,3,0.4662813107175965
2023-09-29,Materials,0.0,0.12859,0.06767886564797816,1,1,0.03625384938440364
2023-09-29,RealEstate,0.12738,0.27696,0.1460458074785435,4,3,0.2936912191374818
2023-09-29,Tech,0.08306324675324675,0.01110789743589744,0.11145762769546863,54,5,0.5914686643099499
2023-09-29,Utilities,0.490372,0.042626666666666674,0.10762519914399027,10,5,0.540415447977117
2023-10-02,Comm,0.264206,0.32593,0.09662654520362994,12,5,0.6891400775069715
2023-10-02,Consumer,0.14163088311688313,0.1583359298245614,0.09658174007548893,47,5,0.8997218992012976
2023-10-02,Energy,0.23516011904761905,0.21495066666666665,0.12414023735699646,27,5,0.8588253402282076
2023-10-02,Financials,0.24345266666666668,0.20885166666666666,0.11841128641357282,31,5,0.5658110425713981
2023-10-02,Healthcare,0.08555666666666667,0.12640500000000002,0.08670275991422073,28,5,0.7036944818434931
2023-10-02,Industrials,0.15464795238095239,0.11939166666666667,0.11426707016776312,22,4,0.7588218531538333
2023-10-02,Materials,0.18959,0.0,0.06152624149816196,9,5,0.7116925268847526
2023-10-02,RealEstate,0.30891,0.12738,0.14434891588958504,7,4,0.3885973554406451
2023-10-02,Tech,0.20163094705294707,0.08306324675324675,0.10887632033708483,74,5,0.5888169843013399
2023-10-02,Utilities,0.22475047619047622,0.490372,0.14242036285817297,25,5,0.5469504697141598
2023-10-03,Comm,0.022510000000000006,0.264206,0.11186104109420905,4,3,0.2936912191374818
2023-10-03,Consumer,0.441196,0.14163088311688313,0.10067711671561567,16,5,0.6821246549487173
2023-10-03,Energy,0.235757,0.23516011904761905,0.1342329538743258,13,5,0.6657351714118194
2023-10-03,Financials,0.1817667222222222,0.24345266666666668,0.12977868461839953,25,4,0.6936187520956106
2023-10-03,Healthcare,0.19297,0.08555666666666667,0.08659856961898854,7,4,0.3885973554406451
2023-10-03,Industrials,0.11486533333333333,0.15464795238095239,0.11793805945987121,26,5,0.7727250602891559
2023-10-03,Materials,0.15769142857142857,0.18959,0.07316840136196542,11,4,0.3912466103205731
2023-10-03,RealEstate,0.18620333333333333,0.30891,0.15930901444507728,9,5,0.7116925268847526
2023-10-03,Tech,0.23842918803418806,0.20163094705294707,0.11730855912943594,45,5,0.5106557617015699
2023-10-03,Utilities,0.18224500000000002,0.22475047619047622,0.14990491861565508,10,5,0.6651267052026055
2023-10-04,Comm,0.13214285714285715,0.022510000000000006,0.10373821917655365,11,3,0.3775186590812547
2023-10-04,Consumer,0.145454,0.441196,0.13163337883237788,23,5,0.8246969746316362
2023-10-04,Energy,0.19692545454545457,0.235757,0.14346241261302345,33,5,0.7909225885142621
2023-10-04,Financials,0.08303666666666668,0.1817667222222222,0.13450486985511068,10,3,0.39302941671063063
2023-10-04,Healthcare,0.12248,0.19297,0.09626869965362594,9,4,0.5879199135134913
2023-10-04,Industrials,0.05236833333333333,0.11486533333333333,0.11765872072109504,12,4,0.6891400775069715
2023-10-04,Materials,-0.0065400000000000015,0.15769142857142857,0.08085231292646207,6,3,0.3593858338737245
2023-10-04,RealEstate,0.06791,0.18620333333333333,0.1617539525258278,6,2,0.2515700837116072
2023-10-04,Tech,0.09456384615384615,0.23842918803418806,0.1283195253935043,43,5,0.46043825364570573
2023-10-04,Utilities,0.10316666666666667,0.18224500000000002,0.15284492601423189,8,5,0.6384827856042757
2023-10-05,Comm,0.03820833333333333,0.13214285714285715,0.10632045899167217,7,2,0.2953339901348903
2023-10-05,Consumer,0.20026333333333332,0.145454,0.13288979893852534,22,5,0.8102674025201947
2023-10-05,Energy,0.23718866666666666,0.19692545454545457,0.14832268915233535,39,5,0.6802580729740365
2023-10-05,Financials,0.08971971428571428,0.08303666666666668,0.12982594229252487,20,5,0.8013749886622578
2023-10-05,Healthcare,-0.02732,0.12248,0.09865154513965994,8,5,0.7296946121191722
2023-10-05,Industrials,0.099449,0.05236833333333333,0.11172323095857124,16,5,0.7921447605856073
2023-10-05,Materials,0.12903666666666663,-0.0065400000000000015,0.0729075572058746,8,4,0.5675402538704672
2023-10-05,RealEstate,0.16680999999999999,0.06791,0.15322268411438894,5,4,0.45151468487754115
2023-10-05,Tech,0.19960179487179486,0.09456384615384615,0.1252508272808081,52,5,0.6332359977906195
2023-10-05,Utilities,0.17467166666666667,0.10316666666666667,0.14832872061899866,15,5,0.700976752843379
2023-10-06,Comm,0.078045,0.03820833333333333,0.10012844756818681,14,3,0.438288637441565
2023-10-06,Consumer,0.18042113636363638,0.20026333333333332,0.1390146657016897,34,5,0.8074912419084554
2023-10-06,Energy,0.07264876923076924,0.23718866666666666,0.15640141438091093,42,4,0.4442325778438661
2023-10-06,Financials,0.18771833333333332,0.08971971428571428,0.12617992156463298,20,5,0.8180703009260548
2023-10-06,Healthcare,0.11433466666666665,-0.02732,0.08719958649059995,12,4,0.5951664305742027
2023-10-06,Industrials,0.005796666666666672,0.099449,0.1106073917805193,7,4,0.49222331689148385
2023-10-06,Materials,0.09156,0.12903666666666663,0.07801020352049207,3,2,0.1624278110061505
2023-10-06,RealEstate,0.14984000000000003,0.16680999999999999,0.15445789464944445,5,4,0.45151468487754115
2023-10-06,Tech,0.10602076923076922,0.19960179487179486,0.132010006152716,39,5,0.4125852898499245
2023-10-06,Utilities,0.13656800000000002,0.17467166666666667,0.1507235338960594,13,4,0.6657351714118194
2023-10-09,Comm,0.16567333333333334,0.078045,0.09812086142562437,18,5,0.5946171960888249
2023-10-09,Consumer,0.06334396428571429,0.18042113636363638,0.14277889030732122,49,5,0.809735872077492
2023-10-09,Energy,-0.1429298831168831,0.07264876923076924,0.14878753754907986,62,5,0.7596806656413059
2023-10-09,Financials,0.16280582417582418,0.18771833333333332,0.13177432263451483,28,5,0.6402466187264568
2023-10-09,Healthcare,0.37617,0.11433466666666665,0.08966641196115147,13,5,0.6135206481638334
2023-10-09,Industrials,-0.03181133333333334,0.005796666666666672,0.10107914404289634,14,5,0.8003531640237274
2023-10-09,Materials,0.010519999999999996,0.09156,0.07924200320044732,3,2,0.1624278110061505
2023-10-09,RealEstate,0.13065,0.14984000000000003,0.15403808604494953,8,3,0.3929124834487851
2023-10-09,Tech,0.1286392312599681,0.10602076923076922,0.12964734825072083,65,5,0.5044764716547171
2023-10-09,Utilities,0.004685000000000002,0.13656800000000002,0.14943666717823584,8,3,0.3929124834487851
2023-10-10,Comm,0.14340199999999997,0.16567333333333334,0.1042619952354161,9,4,0.4361986455100096
2023-10-10,Consumer,0.1836093650793651,0.06334396428571429,0.13555753339626603,31,5,0.7893413309946665
2023-10-10,Energy,0.10431422222222222,-0.1429298831168831,0.1222677720339923,32,5,0.623352783751384
2023-10-10,Financials,-0.02118619047619047,0.16280582417582418,0.1345953682291793,21,4,0.7063202449140965
2023-10-10,Healthcare,0.016804000000000006,0.37617,0.11571219269195587,15,5,0.8067845645933229
2023-10-10,Industrials,0.11699650793650793,-0.03181133333333334,0.08899819155414819,23,5,0.7124933046137262
2023-10-10,Materials,0.04019,0.010519999999999996,0.07299454836404302,3,2,0.1624278110061505
2023-10-10,RealEstate,0.14929,0.13065,0.15191189640449956,6,4,0.5031401674232144
2023-10-10,Tech,0.1347623076923077,0.1286392312599681,0.1295557012515615,53,5,0.6420411453551234
2023-10-10,Utilities,0.181804,0.004685000000000002,0.1362774247074871,7,3,0.2734573982730465
2023-10-11,Comm,0.138255,0.14340199999999997,0.10782017748674191,5,2,0.185917811420164
2023-10-11,Consumer,0.058203500000000005,0.1836093650793651,0.13992588173109322,29,5,0.7872805882245436
2023-10-11,Energy,0.09017753623188406,0.10431422222222222,0.12063563114201321,31,3,0.33710007632988387
2023-10-11,Financials,0.020823714285714293,-0.02118619047619047,0.12043340834687297,21,5,0.8119382254619988
2023-10-11,Healthcare,0.05228642857142858,0.016804000000000006,0.10672053881086899,19,5,0.7930879805840994
2023-10-11,Industrials,0.1873086666666667,0.11699650793650793,0.09154349304345362,20,5,0.6232916578484227
2023-10-11,Materials,0.12166666666666666,0.04019,0.07001231669458456,7,3,0.4343146913748387
2023-10-11,RealEstate,0.0,0.14929,0.1516735421859087,4,2,0.1762147314824891
2023-10-11,Tech,0.18940401250601252,0.1347623076923077,0.13002902910981112,58,5,0.6674541994604872
2023-10-11,Utilities,0.043239999999999994,0.181804,0.14041620427953372,5,3,0.2873275267402535
2023-10-12,Comm,0.08808333333333333,0.138255,0.11058697953340173,13,5,0.6135206481638334
2023-10-12,Consumer,0.10946457142857142,0.058203500000000005,0.13249657430099382,26,5,0.707653476264806
2023-10-12,Energy,0.27251,0.09017753623188406,0.11786671342291055,21,5,0.6341415337549917
2023-10-12,Financials,0.09646421212121212,0.020823714285714293,0.11137798161404036,38,5,0.8909119432901925
2023-10-12,Healthcare,0.08005714285714287,0.05228642857142858,0.10177198333455621,13,4,0.49665957232310337
2023-10-12,Industrials,0.14789583333333334,0.1873086666666667,0.10024941791829116,19,4,0.6246445156812819
2023-10-12,Materials,0.12335,0.12166666666666666,0.07470816669204658,9,4,0.5408863204324119
2023-10-12,RealEstate,0.33874666666666664,0.0,0.13788503835082608,9,5,0.7116925268847526
2023-10-12,Tech,0.09079593333333333,0.18940401250601252,0.13542675487310216,42,4,0.4805458675858716
2023-10-12,Utilities,0.07370499999999999,0.043239999999999994,0.1315820038904852,7,4,0.3885973554406451
2023-10-13,Comm,0.0125,0.08808333333333333,0.1085411935152137,11,4,0.6148161019323292
2023-10-13,Consumer,0.05699309523809524,0.10946457142857142,0.13040275585804634,17,5,0.70722816451004
2023-10-13,Energy,-0.011062666666666676,0.27251,0.13192519402082778,26,4,0.7553604521927705
2023-10-13,Financials,-0.011441431372549021,0.09646421212121212,0.11002218438741959,51,5,0.42051791754261975
2023-10-13,Healthcare,0.06572333333333333,0.08005714285714287,0.09979790692751864,14,4,0.7363249109018293
2023-10-13,Industrials,0.031509999999999996,0.14789583333333334,0.10458091022874956,18,4,0.3540978808169407
2023-10-13,Materials,0.17001666666666665,0.12335,0.07913015153822416,6,3,0.3593858338737245
2023-10-13,RealEstate,0.10533999999999999,0.33874666666666664,0.15614518637953884,2,2,0.13187198158574429
2023-10-13,Tech,0.16645828571428573,0.09079593333333333,0.1313694074603959,45,5,0.5826618978839495
2023-10-13,Utilities,0.46146666666666664,0.07370499999999999,0.12632045808225928,8,5,0.6384827856042757
2023-10-16,Comm,0.016153333333333332,0.0125,0.09981017592292155,11,4,0.4781903015029228
2023-10-16,Consumer,0.1550521111111111,0.05699309523809524,0.12372915034714169,36,5,0.7662913756167715
2023-10-16,Energy,0.16057222222222223,-0.011062666666666676,0.11892629759469191,12,3,0.30450375517749906
2023-10-16,Financials,0.1223116,-0.011441431372549021,0.09898003750014972,54,5,0.61130828407716
2023-10-16,Healthcare,0.1324786666666667,0.06572333333333333,0.09670021841895633,16,5,0.8770174135054938
2023-10-16,Industrials,0.10496400000000002,0.031509999999999996,0.09793810020795413,18,5,0.8293345103344136
2023-10-16,Materials,0.12770499999999999,0.17001666666666665,0.0873925620044462,6,3,0.2795223152351191
2023-10-16,RealEstate,0.109209,0.10533999999999999,0.15152653307230804,17,4,0.7449469999505752
2023-10-16,Tech,0.14096538095238093,0.16645828571428573,0.13455930548347678,60,5,0.5013896769965915
2023-10-16,Utilities,0.08049999999999999,0.46146666666666664,0.1567882952262963,12,4,0.4849504249123133
2023-10-17,Comm,-0.0256,0.016153333333333332,0.09220500841477715,4,3,0.2936912191374818
2023-10-17,Consumer,0.0683311111111111,0.1550521111111111,0.12657669223477525,24,5,0.7231135008857779
2023-10-17,Energy,0.1110702857142857,0.16057222222222223,0.12271229074264922,22,3,0.5494916867665689
2023-10-17,Financials,0.1766898148148148,0.1223116,0.10110108863649976,45,5,0.48265794878348617
2023-10-17,Healthcare,0.138425,0.1324786666666667,0.09995280462329363,19,5,0.8714176576788252
2023-10-17,Industrials,0.04298666666666666,0.10496400000000002,0.09857681837086739,9,3,0.32980873197098287
2023-10-17,Materials,0.21847666666666665,0.12770499999999999,0.0910573290949511,8,4,0.5675402538704672
2023-10-17,RealEstate,-0.003952500000000003,0.109209,0.14767948461118913,15,4,0.5030539049817191
2023-10-17,Tech,0.0903433056571911,0.14096538095238093,0.1351416759806499,89,5,0.6030452876021347
2023-10-17,Utilities,0.16008666666666665,0.08049999999999999,0.14985299566026938,9,4,0.5879199135134913
2023-10-18,Comm,0.04229666666666666,-0.0256,0.08149546219525196,13,3,0.5129434927271395
2023-10-18,Consumer,0.1112580303030303,0.0683311111111111,0.12128163940535126,26,5,0.7228718305930814
2023-10-18,Energy,-0.04752713675213676,0.1110702857142857,0.12165392664916161,39,5,0.8108676229850517
2023-10-18,Financials,0.07676827188940091,0.1766898148148148,0.10797279101634656,64,5,0.6585190822951037
2023-10-18,Healthcare,0.10411590909090909,0.138425,0.10345027693026694,33,5,0.42070350452886274
2023-10-18,Industrials,0.04653035714285715,0.04298666666666666,0.09352316821594005,22,5,0.7243299507377499
2023-10-18,Materials,-0.04832666666666667,0.21847666666666665,0.10264090523783431,11,5,0.6941472118590813
2023-10-18,RealEstate,0.11303,-0.003952500000000003,0.13389475873744466,12,4,0.45150556802180897
2023-10-18,Tech,0.04115320810971974,0.0903433056571911,0.13106909686033547,75,5,0.5144031348239092
2023-10-18,Utilities,0.051954999999999994,0.16008666666666665,0.15078332938812367,6,2,0.2515700837116072
2023-10-19,Comm,0.22793333333333332,0.04229666666666666,0.07793193532901692,32,4,0.27704568166728183
2023-10-19,Consumer,0.05920249206349206,0.1112580303030303,0.12037040221423116,27,5,0.829379899991812
2023-10-19,Energy,0.20507272727272724,-0.04752713675213676,0.10627382997631629,27,5,0.6944568540601297
2023-10-19,Financials,0.21783733333333336,0.07676827188940091,0.10513601655026059,33,5,0.8397826712024017
2023-10-19,Healthcare,0.23064,0.10411590909090909,0.10351078894487076,25,5,0.8332735343967402
2023-10-19,Industrials,0.11032714285714285,0.04653035714285715,0.08925109448202342,26,5,0.8730789642228126
2023-10-19,Materials,0.06849,-0.04832666666666667,0.08891658051924331,9,5,0.5879199135134913
2023-10-19,RealEstate,0.0033491428571428505,0.11303,0.13199796248858603,22,4,0.5759732138396565
2023-10-19,Tech,0.11994525641025641,0.04115320810971974,0.12289492515573404,30,5,0.685319941252672
2023-10-19,Utilities,0.08502,0.051954999999999994,0.14179893580738515,3,3,0.27071301834358413
2023-10-20,Comm,0.08412121212121211,0.22793333333333332,0.09156842605668206,20,5,0.5453802006173698
2023-10-20,Consumer,0.09656666666666666,0.05920249206349206,0.1148096831096185,11,4,0.6941472118590813
2023-10-20,Energy,0.08698738512949038,0.20507272727272724,0.11525554791235366,36,4,0.526435945037538
2023-10-20,Financials,0.13475066666666669,0.21783733333333336,0.1153815908032672,20,5,0.8924403282829689
2023-10-20,Healthcare,0.12704714285714286,0.23064,0.11506798994988252,18,5,0.7329002649466911
2023-10-20,Industrials,-0.0023103333333333365,0.11032714285714285,0.09116709887976154,21,5,0.8434698070333385
2023-10-20,Materials,-0.08038,0.06849,0.08705961865385756,6,4,0.4192834728526786
2023-10-20,RealEstate,0.258285,0.0033491428571428505,0.12030261524936392,10,5,0.6651267052026054
2023-10-20,Tech,0.1316664009661836,0.11994525641025641,0.1226267734515997,49,5,0.6678350099331748
2023-10-20,Utilities,0.07499,0.08502,0.13663721437035012,3,2,0.1624278110061505
2023-10-23,Comm,0.01683,0.08412121212121211,0.09089140660800296,17,4,0.46174400823382766
2023-10-23,Consumer,0.15775355769230767,0.09656666666666666,0.11315122706935017,43,5,0.746933167025256
2023-10-23,Energy,0.01950060606060606,0.08698738512949038,0.11268571493209337,67,5,0.5511348310028338
2023-10-23,Financials,0.030587857142857146,0.13475066666666669,0.11714241588175807,21,4,0.7425417959353323
2023-10-23,Healthcare,0.113572,0.12704714285714286,0.11615700385054255,24,5,0.7516574548681111
2023-10-23,Industrials,0.1875271794871795,-0.0023103333333333365,0.08266915049675291,27,5,0.662746495427247
2023-10-23,Materials,0.11834,-0.08038,0.0718378351398705,20,5,0.6135527256945411
2023-10-23,RealEstate,0.19363333333333332,0.258285,0.13284646840851266,9,3,0.4662813107175965
2023-10-23,Tech,0.14164069444444444,0.1316664009661836,0.12344855777110733,80,5,0.6687564555668631
2023-10-23,Utilities,-0.06622,0.07499,0.13103292215486376,8,4,0.4643511168031096
2023-10-24,Comm,0.06614809523809524,0.01683,0.08415855146182087,15,3,0.4804447407128777
2023-10-24,Consumer,0.102077,0.15775355769230767,0.11720598439870993,50,5,0.4911368369696647
2023-10-24,Energy,0.20295300000000002,0.01950060606060606,0.10421434139832178,37,5,0.7496784629972676
2023-10-24,Financials,0.128156,0.030587857142857146,0.10927381963276708,16,3,0.3897855171135528
2023-10-24,Healthcare,0.121811,0.113572,0.11592200350049323,17,5,0.8595542307122024
2023-10-24,Industrials,0.2764368260869565,0.1875271794871795,0.0922016985867917,51,5,0.5424198790408974
2023-10-24,Materials,0.11382642857142855,0.11834,0.07606530467260955,17,3,0.47753012817344576
2023-10-24,RealEstate,0.21791999999999997,0.19363333333333332,0.1383725470380418,7,5,0.6712136139429324
2023-10-24,Tech,0.17259825174825175,0.14164069444444444,0.12510238837777432,61,5,0.7218198412560013
2023-10-24,Utilities,0.0596925,-0.06622,0.1131008383226034,13,3,0.40635783190072094
2023-10-25,Comm,0.2110212380952381,0.06614809523809524,0.082521237259664,27,5,0.6508586659128569
2023-10-25,Consumer,-0.02365166666666665,0.102077,0.1158306221806454,35,5,0.8241635990519837
2023-10-25,Energy,0.13061651515151518,0.20295300000000002,0.11319058308938343,25,3,0.4615529986063729
2023-10-25,Financials,0.13881454545454547,0.128156,0.11099038148433368,20,4,0.5306401951952787
2023-10-25,Healthcare,0.09132333333333334,0.121811,0.1164573668186302,22,5,0.7588218531538333
2023-10-25,Industrials,0.12278533333333333,0.2764368260869565,0.10895034654135212,41,5,0.6189828019701203
2023-10-25,Materials,0.12247999999999999,0.11382642857142855,0.07949813411795673,8,4,0.5675402538704672
2023-10-25,RealEstate,0.14021166666666668,0.21791999999999997,0.1456041336709471,14,3,0.5414153756631097
2023-10-25,Tech,0.1944706432748538,0.17259825174825175,0.1294201941387268,45,5,0.7403108208945977
2023-10-25,Utilities,0.09088666666666667,0.0596925,0.10824553483873037,11,3,0.43915435852309226
2023-10-26,Comm,0.17626350427350426,0.2110212380952381,0.09420305551744346,26,4,0.5211401569391981
2023-10-26,Consumer,0.06632966666666666,-0.02365166666666665,0.10315041410361703,28,5,0.736887617779507
2023-10-26,Energy,0.0876912673992674,0.13061651515151518,0.1147747587313954,41,5,0.7259344740167935
2023-10-26,Financials,0.196279,0.13881454545454547,0.11351985093617115,16,5,0.7222496346515831
2023-10-26,Healthcare,0.21711866666666668,0.09132333333333334,0.1141724546836032,25,5,0.73466128180541
2023-10-26,Industrials,0.13705853968253967,0.12278533333333333,0.11020807261335042,42,5,0.7227882516557986
2023-10-26,Materials,0.12891333333333332,0.12247999999999999,0.08340557647086974,17,5,0.5424371358863411
2023-10-26,RealEstate,0.10566749999999998,0.14021166666666668,0.1451139093978307,13,4,0.4286240144706235
2023-10-26,Tech,0.1627655294117647,0.1944706432748538,0.13533387133292019,46,5,0.7556379287948974
2023-10-26,Utilities,0.2992187142857143,0.09088666666666667,0.10666745591399729,18,5,0.6851024215806026
2023-10-27,Comm,-0.08009466666666668,0.17626350427350426,0.10166309631344898,12,3,0.5237464589052984
2023-10-27,Consumer,0.19897,0.06632966666666666,0.09980307342753061,27,5,0.7149826724067344
2023-10-27,Energy,0.10620689655172413,0.0876912673992674,0.11231262315574739,62,4,0.4543716510809703
2023-10-27,Financials,0.06367500000000001,0.196279,0.12104340994197375,13,4,0.7276640245664072
2023-10-27,Healthcare,0.2090309090909091,0.21711866666666668,0.12353120122751807,23,5,0.6271647651390285
2023-10-27,Industrials,-0.057608000000000006,0.13705853968253967,0.1126490241650949,14,5,0.7670051155227386
2023-10-27,Materials,0.00772,0.12891333333333332,0.08754264527654824,5,2,0.24312329185713755
2023-10-27,RealEstate,0.074895,0.10566749999999998,0.14152787217984605,8,3,0.4256551904028505
2023-10-27,Tech,0.197017671294223,0.1627655294117647,0.13782765843099692,67,5,0.630919634366561
2023-10-27,Utilities,0.1863895238095238,0.2992187142857143,0.12417211576597158,11,3,0.3647214164005343
2023-10-30,Comm,0.1999433333333333,-0.08009466666666668,0.08513966331525664,13,5,0.6135206481638334
2023-10-30,Consumer,0.1358480341880342,0.19897,0.10881824857048236,47,5,0.8997218992012976
2023-10-30,Energy,0.06137305916305917,0.10620689655172413,0.1117575571008362,33,4,0.7578526544997285
2023-10-30,Financials,0.08224333333333333,0.06367500000000001,0.11582809994724888,15,4,0.5553192457590406
2023-10-30,Healthcare,0.050797999999999996,0.2090309090909091,0.1313039019423718,21,5,0.8274037154707988
2023-10-30,Industrials,0.14195538461538462,-0.057608000000000006,0.09717111287735898,21,4,0.4455250775611993
2023-10-30,Materials,0.16892000000000001,0.00772,0.08028604116049841,5,5,0.6321205588285576
2023-10-30,RealEstate,0.23247672727272728,0.074895,0.13547033834531458,20,5,0.5166759795322451
2023-10-30,Tech,0.0565026327006327,0.197017671294223,0.14320856869129023,76,5,0.690908917869778
2023-10-30,Utilities,0.033755,0.1863895238095238,0.12982824376993088,4,1,0.1101342071765557
2023-10-31,Comm,0.16375,0.1999433333333333,0.09557636058962725,11,5,0.6148161019323292
2023-10-31,Consumer,0.15156566666666665,0.1358480341880342,0.11127550180844162,19,5,0.9411310702931314
2023-10-31,Energy,0.2233777857142857,0.06137305916305917,0.1071771481974019,22,5,0.6829396678384498
2023-10-31,Financials,0.10606833333333335,0.08224333333333333,0.11277493934598382,15,4,0.7501681039201075
2023-10-31,Healthcare,0.12926949999999998,0.050797999999999996,0.12398518358397434,38,5,0.6167851915085947
2023-10-31,Industrials,0.12627238095238097,0.14195538461538462,0.10124241030808859,28,5,0.3425881030027532
2023-10-31,Materials,0.0,0.16892000000000001,0.08834367378227129,3,3,0.27071301834358413
2023-10-31,RealEstate,0.08741,0.23247672727272728,0.14428910097507938,10,3,0.3759411812014728
2023-10-31,Tech,0.1250316736242884,0.0565026327006327,0.13532621087395771,61,5,0.5492223293984777
2023-10-31,Utilities,0.0688,0.033755,0.12109431251811897,9,4,0.4361986455100096
2023-11-01,Comm,0.11634,0.16375,0.1017739641723884,14,5,0.6817823249091012
2023-11-01,Consumer,0.1747731746031746,0.15156566666666665,0.11493824406828027,33,5,0.8529557327114591
2023-11-01,Energy,0.18084055555555553,0.2233777857142857,0.11774084251711861,27,5,0.7443152948644465
2023-11-01,Financials,0.06181500000000001,0.10606833333333335,0.11216524789028832,11,3,0.4781903015029227
2023-11-01,Healthcare,0.04090866666666667,0.12926949999999998,0.12446557598543122,10,3,0.4550866930333618
2023-11-01,Industrials,0.12493000000000001,0.12627238095238097,0.10351786218484242,14,5,0.8367328532975332
2023-11-01,Materials,0.233736,0.0,0.08031243071115571,14,5,0.35400236101049476
2023-11-01,RealEstate,0.04082666666666667,0.08741,0.13911827361370854,5,3,0.2873275267402535
2023-11-01,Tech,0.11203706004140787,0.1250316736242884,0.1343903438512605,67,5,0.748789524356644
2023-11-01,Utilities,0.12428666666666666,0.0688,0.11634028410738088,12,5,0.8183538420395288
2023-11-02,Comm,0.05282833333333333,0.11634,0.10309814924762581,18,5,0.8517489565596683
2023-11-02,Consumer,0.12906333333333334,0.1747731746031746,0.12037778320781611,41,5,0.6282386195696736
2023-11-02,Energy,0.08416623529411764,0.18084055555555553,0.12347718006606742,40,5,0.6475559756256503
2023-11-02,Financials,0.182036,0.06181500000000001,0.10758795262753482,17,5,0.8097249999462776
2023-11-02,Healthcare,0.20432807692307692,0.04090866666666667,0.11686949332008897,25,4,0.5518122516671747
2023-11-02,Industrials,0.19924499999999998,0.12493000000000001,0.10546442016803856,19,5,0.8113198881837339
2023-11-02,Materials,0.07837,0.233736,0.09426002791923246,6,4,0.5031401674232144
2023-11-02,RealEstate,0.17627466666666666,0.04082666666666667,0.13018267298215927,14,4,0.6136040924181909
2023-11-02,Tech,0.2109300888888889,0.11203706004140787,0.1323582271412739,64,5,0.731426552120633
2023-11-02,Utilities,0.26598057142857146,0.12428666666666666,0.11706268252186139,29,5,0.8872527264117871
2023-11-03,Comm,0.10550000000000001,0.05282833333333333,0.09852816598269014,9,3,0.4097623639639484
2023-11-03,Consumer,0.09020619047619047,0.12906333333333334,0.12116737867377221,24,5,0.8788610241534837
2023-11-03,Energy,0.137735,0.08416623529411764,0.119903457814072,10,4,0.5764431445089249
2023-11-03,Financials,0.20951,0.182036,0.11435595693412257,9,5,0.5879199135134913
2023-11-03,Healthcare,0.08380857142857143,0.20432807692307692,0.12482027364763335,10,3,0.3202461913938472
2023-11-03,Industrials,-0.032993333333333326,0.19924499999999998,0.11398992742548959,6,3,0.3593858338737245
2023-11-03,Materials,0.10913999999999999,0.07837,0.09281547992657496,4,3,0.2936912191374818
2023-11-03,RealEstate,0.25397,0.17627466666666666,0.1343728542262054,7,5,0.6712136139429324
2023-11-03,Tech,0.20781733333333335,0.2109300888888889,0.13950112366378437,45,5,0.42138399482762223
2023-11-03,Utilities,0.04409999999999999,0.26598057142857146,0.1306006724224714,16,4,0.49112975156307653
2023-11-06,Comm,0.053104,0.10550000000000001,0.09916196907517286,17,5,0.8338958954670619
2023-11-06,Consumer,0.045364412698412716,0.09020619047619047,0.11835272520126476,47,5,0.742459584046785
2023-11-06,Energy,0.15356076190476192,0.137735,0.1215245071037018,27,5,0.7931228551834267
2023-11-06,Financials,0.033971111111111105,0.20951,0.12300632448556596,23,5,0.732423187260264
2023-11-06,Healthcare,0.1324773333333333,0.08380857142857143,0.12109193708226407,21,5,0.9144988434150935
2023-11-06,Industrials,0.13376266666666667,-0.032993333333333326,0.10062781281105115,28,5,0.7166063071984198
2023-11-06,Materials,0.17799,0.10913999999999999,0.09429952720597723,4,3,0.2936912191374818
2023-11-06,RealEstate,0.163555,0.25397,0.14524532202382306,16,4,0.5581019904125869
2023-11-06,Tech,0.1906042727272727,0.20781733333333335,0.14571168817919788,43,5,0.6172486104799695
2023-11-06,Utilities,0.1742775,0.04409999999999999,0.12273697492951945,14,4,0.4489786042084325
2023-11-07,Comm,0.14964,0.053104,0.09497488097742987,10,4,0.5764431445089249
2023-11-07,Consumer,0.2077574444444444,0.045364412698412716,0.11171742406464184,36,5,0.8809744386342474
2023-11-07,Energy,0.21730361111111113,0.15356076190476192,0.12443689390379817,29,5,0.7259340488823715
2023-11-07,Financials,0.09520333333333333,0.033971111111111105,0.11491221417879734,8,3,0.3929124834487851
2023-11-07,Healthcare,0.09566277777777779,0.1324773333333333,0.12212697310508855,20,5,0.6655487193974682
2023-11-07,Industrials,0.06663733333333334,0.13376266666666667,0.10364007225247074,11,4,0.55175804019568
2023-11-07,Materials,0.0171,0.17799,0.10190775200543385,10,4,0.4117451032206606
2023-11-07,RealEstate,0.19791333333333333,0.163555,0.14690983820347553,5,3,0.2873275267402534
2023-11-07,Tech,0.3831969696969697,0.1906042727272727,0.14979283222902287,47,5,0.6467986127493954
2023-11-07,Utilities,0.19397999999999999,0.1742775,0.12742247720865404,5,4,0.45151468487754115
2023-11-08,Comm,0.142748,0.14964,0.09994443725220896,21,5,0.3665712663478222
2023-11-08,Consumer,0.04517243589743589,0.2077574444444444,0.12044833500826027,34,5,0.66746385891855
2023-11-08,Energy,0.09340649999999999,0.21730361111111113,0.13287932274082662,22,4,0.7135190559506194
2023-11-08,Financials,0.01612642857142857,0.09520333333333333,0.1131204977383006,11,2,0.331054824117408
2023-11-08,Healthcare,0.06323350000000001,0.09566277777777779,0.11972113716624211,17,5,0.5881160525925594
2023-11-08,Industrials,0.11818666666666666,0.06663733333333334,0.10027618689618552,13,5,0.8456635961177164
2023-11-08,Materials,0.00516,0.0171,0.09419795636857622,2,2,0.13187198158574429
2023-11-08,RealEstate,-0.04704,0.19791333333333333,0.15154651957891713,7,3,0.2734573982730465
2023-11-08,Tech,0.06810083333333333,0.3831969696969697,0.1710113901806544,38,5,0.7759555635108129
2023-11-08,Utilities,0.088444,0.19397999999999999,0.1334731610987764,7,3,0.2734573982730465
2023-11-09,Comm,0.2809704761904762,0.142748,0.10383567022928086,17,5,0.7072281645100398
2023-11-09,Consumer,0.1374823245614035,0.04517243589743589,0.11360507145273077,38,5,0.6167851915085947
2023-11-09,Energy,0.08336612121212121,0.09340649999999999,0.12929088430984237,25,5,0.6639452225941941
2023-11-09,Financials,0.014508888888888894,0.01612642857142857,0.10430285508676677,24,5,0.7323841867945696
2023-11-09,Healthcare,0.16604157575757578,0.06323350000000001,0.11458589742385647,23,5,0.634766762292229
2023-11-09,Industrials,0.20808333333333334,0.11818666666666666,0.10190441232986562,8,4,0.5675402538704672
2023-11-09,Materials,0.00129,0.00516,0.08610359669870565,10,4,0.5764431445089249
2023-11-09,RealEstate,0.149005,-0.04704,0.13349319961719738,8,4,0.4643511168031096
2023-11-09,Tech,0.28711238095238095,0.06810083333333333,0.1616558850127161,39,5,0.5704978585729725
2023-11-09,Utilities,0.19117499999999998,0.088444,0.12937960099888762,6,3,0.2795223152351191
2023-11-10,Comm,0.071004,0.2809704761904762,0.11993883440757136,8,3,0.34052415232228034
2023-11-10,Consumer,0.10707437878787877,0.1374823245614035,0.11577573082624648,29,5,0.7519765259723219
2023-11-10,Energy,0.09194380952380951,0.08336612121212121,0.12511590584641316,19,5,0.7129780835554025
2023-11-10,Financials,0.12510833333333332,0.014508888888888894,0.09613976725059606,11,5,0.6941472118590813
2023-11-10,Healthcare,0.06710666666666668,0.16604157575757578,0.1192636863632855,13,4,0.6135206481638334
2023-11-10,Industrials,0.05353,0.20808333333333334,0.11155704151199905,14,4,0.48442428348804556
2023-11-10,Materials,-0.010600000000000009,0.00129,0.07839326972609605,4,3,0.2936912191374818
2023-11-10,RealEstate,-0.0712,0.149005,0.13490336328836125,5,3,0.35117808823808755
2023-11-10,Tech,0.28208940579710146,0.28711238095238095,0.1730610210072311,43,5,0.5750107584409049
2023-11-10,Utilities,0.156945,0.19117499999999998,0.13499736454444328,5,2,0.185917811420164
2023-11-13,Comm,0.19922,0.071004,0.11549021309779214,10,4,0.5764431445089249
2023-11-13,Consumer,0.16675184782608699,0.10707437878787877,0.1149846988227585,54,5,0.7457648376081978
2023-11-13,Energy,0.18756133333333333,0.09194380952380951,0.12210026072617648,30,5,0.7481409358675004
2023-11-13,Financials,-0.13721968831168832,0.12510833333333332,0.09877327325811762,27,5,0.7080072317003273
2023-11-13,Healthcare,0.12200555555555556,0.06710666666666668,0.11452213911813833,19,5,0.6358993718196834
2023-11-13,Industrials,0.0125175,0.05353,0.10628185591999913,37,5,0.4406322689114374
2023-11-13,Materials,0.11260666666666666,-0.010600000000000009,0.07030297247826914,6,4,0.4192834728526786
2023-11-13,RealEstate,0.127965,-0.0712,0.11616669389851024,11,5,0.7420194333666041
2023-11-13,Tech,0.180088,0.28208940579710146,0.18297269235176475,50,5,0.5786774305962021
2023-11-13,Utilities,0.09694666666666667,0.156945,0.1369926041313121,8,4,0.5107862284834206
2023-11-14,Comm,0.04588,0.19922,0.12310201190708377,5,3,0.35117808823808755
2023-11-14,Consumer,0.09661377777777777,0.16675184782608699,0.11969080327760653,33,5,0.5506423084592965
2023-11-14,Energy,0.237804,0.18756133333333333,0.1280512673268271,27,4,0.44385774464393596
2023-11-14,Financials,0.09372428571428572,-0.13721968831168832,0.07731936766086253,24,5,0.9364912552455154
2023-11-14,Healthcare,0.080059,0.12200555555555556,0.11520244970335806,15,4,0.7009767528433791
2023-11-14,Industrials,0.057953,0.0125175,0.09775782356363558,19,4,0.41277678521628564
2023-11-14,Materials,0.12562666666666666,0.11260666666666666,0.07414876285903253,7,3,0.3885973554406451
2023-11-14,RealEstate,0.09632,0.127965,0.11723926718046385,4,2,0.1762147314824891
2023-11-14,Tech,0.26679338244514106,0.180088,0.1827104475925134,61,5,0.6556795209999446
2023-11-14,Utilities,0.15672000000000003,0.09694666666666667,0.13335206436179886,5,2,0.185917811420164
2023-11-15,Comm,0.166,0.04588,0.11608182900643978,6,4,0.5031401674232144
2023-11-15,Consumer,0.163185641025641,0.09661377777777777,0.1175928918685312,44,5,0.6988116176052761
2023-11-15,Energy,0.08161,0.237804,0.1380287884789337,13,4,0.6953234012523447
2023-11-15,Financials,0.09911666666666667,0.09372428571428572,0.07881072384753737,9,3,0.4662813107175965
2023-11-15,Healthcare,0.13843333333333332,0.080059,0.11200759063941643,10,5,0.7205539306361561
2023-11-15,Industrials,0.10552095238095238,0.057953,0.09413920323966869,12,4,0.4364553824210819
2023-11-15,Materials,0.2202,0.12562666666666666,0.0788285722960902,6,3,0.2795223152351191
2023-11-15,RealEstate,0.1358,0.09632,0.1153375156186035,2,2,0.13187198158574429
2023-11-15,Tech,0.08248027417027418,0.26679338244514106,0.19035435076093407,45,5,0.6220430399836328
2023-11-15,Utilities,0.0,0.15672000000000003,0.13547642214708985,2,2,0.13187198158574429
2023-11-16,Comm,0.004453333333333335,0.166,0.12061984455130889,6,3,0.3593858338737245
2023-11-16,Consumer,0.026123999999999998,0.163185641025641,0.12173768724645026,50,5,0.38638122104723244
2023-11-16,Energy,-0.0866275,0.08161,0.13289980770812154,15,4,0.5030539049817191
2023-11-16,Financials,0.04119166666666666,0.09911666666666667,0.0806567186492764,14,5,0.8003531640237274
2023-11-16,Healthcare,0.02616,0.13843333333333332,0.11440993088431797,9,5,0.7116925268847526
2023-11-16,Industrials,0.13330599999999998,0.10552095238095238,0.09517390770705811,14,5,0.7363249109018292
2023-11-16,Materials,0.04019,0.2202,0.0916805202691729,6,4,0.5031401674232144
2023-11-16,RealEstate,0.062484000000000005,0.1358,0.11719774147145771,6,2,0.1935154490089286
2023-11-16,Tech,0.11617035714285713,0.08248027417027418,0.18054761652541956,46,5,0.7005914571608319
2023-11-16,Utilities,0.27993999999999997,0.0,0.12316038377008169,11,5,0.6941472118590813
2023-11-17,Comm,0.0,0.004453333333333335,0.11005925262240202,3,2,0.1624278110061505
2023-11-17,Consumer,0.09383444444444444,0.026123999999999998,0.11304553386040932,21,5,0.730062101885999
2023-11-17,Energy,0.14760190476190477,-0.0866275,0.11294277973465597,14,4,0.5578219021983555
2023-11-17,Financials,0.117218,0.04119166666666666,0.07706898665085733,13,5,0.7276640245664072
2023-11-17,Healthcare,0.06626333333333334,0.02616,0.1063872098948345,13,4,0.5689009646610094
2023-11-17,Industrials,0.21380249999999998,0.13330599999999998,0.09864046155187102,23,5,0.8378921262257423
2023-11-17,Materials,0.19308,0.04019,0.08699956388106626,4,4,0.4405368287062228
2023-11-17,RealEstate,-0.0035449999999999995,0.062484000000000005,0.11222376497405247,5,2,0.185917811420164
2023-11-17,Tech,0.1739296,0.11617035714285713,0.17469513839973205,41,5,0.4808407174102652
2023-11-17,Utilities,0.11305999999999998,0.27993999999999997,0.13741307615461973,7,4,0.49222331689148385
2023-11-20,Comm,0.167255,0.0,0.10005386602036545,12,5,0.6891400775069715
2023-11-20,Consumer,0.07351300432900434,0.09383444444444444,0.11129907118623068,31,5,0.8375980062519824
2023-11-20,Energy,0.037435,0.14760190476190477,0.11609360928258768,11,4,0.5815827991251763
2023-11-20,Financials,0.02975,0.117218,0.08071889695532483,21,5,0.7554555662994249
2023-11-20,Healthcare,0.171025,0.06626333333333334,0.10273958475287985,13,5,0.7631598306428172
2023-11-20,Industrials,0.005849999999999999,0.21380249999999998,0.10910973777442819,19,4,0.4384150948570487
2023-11-20,Materials,0.23261000000000004,0.19308,0.09664323989187842,5,3,0.35117808823808755
2023-11-20,RealEstate,0.10398,-0.0035449999999999995,0.10169933179459316,10,4,0.6176176548309908
2023-11-20,Tech,0.23168815602836879,0.1739296,0.1746255439997564,66,5,0.3745478881153209
2023-11-20,Utilities,0.02732,0.11305999999999998,0.13519916014056338,2,1,0.06593599079287214
2023-11-21,Comm,0.04220999999999999,0.167255,0.10616306001851405,8,3,0.3929124834487851
2023-11-21,Consumer,0.03275341666666666,0.07351300432900434,0.1078639741992101,25,4,0.4266589574746196
2023-11-21,Energy,0.14326642857142857,0.037435,0.10894282662053423,20,5,0.6770236973181144
2023-11-21,Financials,0.075168,0.02975,0.07608536086847713,12,4,0.6235076891729743
2023-11-21,Healthcare,0.09474600000000001,0.171025,0.10894734977534533,12,4,0.6235076891729743
2023-11-21,Industrials,0.09462933333333334,0.005849999999999999,0.09972248888584381,17,5,0.7072281645100398
2023-11-21,Materials,0.04215,0.23261000000000004,0.10900385444716221,6,4,0.5031401674232144
2023-11-21,RealEstate,0.10972,0.10398,0.10190666526781196,5,3,0.35117808823808755
2023-11-21,Tech,0.1613529239766082,0.23168815602836879,0.1798130541841757,84,5,0.40951826135874336
2023-11-21,Utilities,0.026019999999999998,0.02732,0.12539196376414852,10,5,0.6651267052026054
2023-11-22,Comm,-0.024485333333333324,0.04220999999999999,0.10034914547137641,11,4,0.5517580401956801
2023-11-22,Consumer,0.014070909090909092,0.03275341666666666,0.1010357416962516,23,5,0.6505373650820979
2023-11-22,Energy,0.09723428571428572,0.14326642857142857,0.11206315407061554,12,4,0.4515055680218089
2023-11-22,Financials,-0.09297822222222223,0.075168,0.0760019644258883,19,5,0.6032891476238021
2023-11-22,Healthcare,0.16833,0.09474600000000001,0.10765631797758665,8,5,0.7296946121191722
2023-11-22,Industrials,0.15327833333333332,0.09462933333333334,0.09925947474470649,24,5,0.9067613741266103
2023-11-22,Materials,0.11096666666666666,0.04215,0.102926231315602,5,2,0.24312329185713755
2023-11-22,RealEstate,-0.01461333333333333,0.10972,0.1026169684252836,5,3,0.2873275267402534
2023-11-22,Tech,0.11554506535947713,0.1613529239766082,0.17813486052894228,78,5,0.43395142500722755
2023-11-22,Utilities,0.127844,0.026019999999999998,0.11635814887649865,7,3,0.2734573982730465
2023-11-24,Comm,0.07722666666666667,-0.024485333333333324,0.08900055648913008,17,5,0.8868416666078278
2023-11-24,Consumer,-0.06559355555555554,0.014070909090909092,0.09312984782303865,34,5,0.8018836638396467
2023-11-24,Energy,0.12079999999999999,0.09723428571428572,0.11071507512913101,18,4,0.5946171960888249
2023-11-24,Financials,0.05493677777777779,-0.09297822222222223,0.060640129276060065,25,4,0.6936187520956105
2023-11-24,Healthcare,0.038858,0.16833,0.1131721072523515,13,5,0.6657351714118194
2023-11-24,Industrials,0.15086772727272726,0.15327833333333332,0.10417028007094528,19,4,0.48679193291024025
2023-11-24,Materials,0.026334999999999997,0.11096666666666666,0.1036571799838806,8,4,0.4643511168031096
2023-11-24,RealEstate,0.02023,-0.01461333333333333,0.09195966826540933,7,3,0.351588083493917
2023-11-24,Tech,0.10989540404040403,0.11554506535947713,0.17244487914989998,86,5,0.46080995322822427
2023-11-24,Utilities,0.14172,0.127844,0.11740231716045331,10,4,0.5764431445089249
2023-11-27,Comm,0.00028333333333333823,0.07722666666666667,0.08793020286890613,13,4,0.5689009646610094
2023-11-27,Consumer,0.1463975,-0.06559355555555554,0.07870044751589371,54,5,0.7653387178603814
2023-11-27,Energy,0.12140533333333334,0.12079999999999999,0.11163188648102818,15,4,0.6787235225943828
2023-11-27,Financials,0.0899925,0.05493677777777779,0.06012164277621622,24,5,0.8279125589851658
2023-11-27,Healthcare,0.21259333333333333,0.038858,0.10641627932031954,11,5,0.7969838358382045
2023-11-27,Industrials,0.03903,0.15086772727272726,0.10841550254383456,19,5,0.9411310702931314
2023-11-27,Materials,0.019906666666666673,0.026334999999999997,0.09662789089443691,7,4,0.49222331689148374
2023-11-27,RealEstate,0.058150256410256417,0.02023,0.08543878933219029,23,4,0.4917207313531351
2023-11-27,Tech,0.1734551633986928,0.10989540404040403,0.1667585632308549,65,5,0.6031392505507859
2023-11-27,Utilities,0.094855,0.14172,0.11961301560041208,6,2,0.2515700837116072
2023-11-28,Comm,0.07564599999999999,0.00028333333333333823,0.0799623056383995,8,3,0.34052415232228034
2023-11-28,Consumer,0.11953949999999999,0.1463975,0.08485472501444884,19,5,0.685289614291115
2023-11-28,Energy,-0.025393,0.12140533333333334,0.11252038164941955,18,5,0.8517489565596681
2023-11-28,Financials,0.08604266666666667,0.0899925,0.06283717525110566,11,3,0.5004317108751517
2023-11-28,Healthcare,0.08916666666666666,0.21259333333333333,0.11606873877604806,9,4,0.5879199135134913
2023-11-28,Industrials,0.027308749999999993,0.03903,0.10210772958530415,20,4,0.29975094995763835
2023-11-28,Materials,0.11948666666666666,0.019906666666666673,0.08965323414645779,6,3,0.3593858338737245
2023-11-28,RealEstate,0.11063333333333332,0.058150256410256417,0.08295801361201448,5,2,0.24312329185713755
2023-11-28,Tech,0.1651159523809524,0.1734551633986928,0.1673673450642947,45,5,0.5776747775026319
2023-11-28,Utilities,0.05464,0.094855,0.11736228690946555,5,4,0.45151468487754115
2023-11-29,Comm,0.05577333333333334,0.07564599999999999,0.07956991421672682,13,5,0.6953234012523447
2023-11-29,Consumer,0.0798332142857143,0.11953949999999999,0.08800788637677168,28,5,0.8583526097211839
2023-11-29,Energy,0.055535833333333326,-0.025393,0.09998280149947233,24,5,0.705258846542919
2023-11-29,Financials,0.07807800000000001,0.08604266666666667,0.06494676537979302,18,4,0.6179355175040729
2023-11-29,Healthcare,0.09941833333333334,0.08916666666666666,0.1136230958570134,15,5,0.909778338796726
2023-11-29,Industrials,0.11957333333333335,0.027308749999999993,0.09530782235027649,21,5,0.730062101885999
2023-11-29,Materials,0.07973,0.11948666666666666,0.09236536437556768,7,3,0.4343146913748387
2023-11-29,RealEstate,0.09998266666666666,0.11063333333333332,0.08547395176849801,12,4,0.6235076891729743
2023-11-29,Tech,0.22543690476190476,0.1651159523809524,0.1671626730021727,50,5,0.6561381890224655
2023-11-29,Utilities,0.106975,0.05464,0.11166026082678686,7,3,0.351588083493917
2023-11-30,Comm,0.19064,0.05577333333333334,0.07740658868187286,13,4,0.6657351714118194
2023-11-30,Consumer,0.03231166666666667,0.0798332142857143,0.08726473436849372,27,5,0.7599030497307179
2023-11-30,Energy,0.12454133333333332,0.055535833333333326,0.09594216802982333,18,4,0.7003269198379494
2023-11-30,Financials,0.13476333333333335,0.07807800000000001,0.06614051398163001,16,5,0.6821246549487173
2023-11-30,Healthcare,0.08356166666666667,0.09941833333333334,0.11233175380940612,22,5,0.5494916867665689
2023-11-30,Industrials,0.0917375,0.11957333333333335,0.09751377789419075,14,5,0.48442428348804556
2023-11-30,Materials,0.08038,0.07973,0.09121669488687971,4,4,0.4405368287062228
2023-11-30,RealEstate,0.08189,0.09998266666666666,0.08679292585014971,6,4,0.5031401674232144
2023-11-30,Tech,0.07955538095238095,0.22543690476190476,0.1724603304348756,49,5,0.5124582413468012
2023-11-30,Utilities,0.22575333333333333,0.106975,0.1112343280243517,7,3,0.3885973554406451
2023-12-01,Comm,0.064815,0.19064,0.08770053516533896,8,3,0.4256551904028505
2023-12-01,Consumer,0.14960428571428572,0.03231166666666667,0.0822690009410549,18,4,0.5341476507238597
2023-12-01,Energy,0.0,0.12454133333333332,0.09854209214832424,9,3,0.40976236396394844
2023-12-01,Financials,-0.010938500000000007,0.13476333333333335,0.07237895210451213,18,4,0.6179355175040729
2023-12-01,Healthcare,0.0,0.08356166666666667,0.10971629134188435,8,5,0.6384827856042757
2023-12-01,Industrials,0.04646000000000001,0.0917375,0.09698866172199158,16,5,0.5710811064686936
2023-12-01,Materials,0.12362999999999999,0.08038,0.09023154080625428,6,4,0.5031401674232144
2023-12-01,RealEstate,0.077232,0.08189,0.08634720531831791,9,4,0.4361986455100096
2023-12-01,Tech,0.07966360784313725,0.07955538095238095,0.16401442593646698,32,5,0.5808514575865169
2023-12-01,Utilities,0.16358,0.22575333333333333,0.12164514668880455,5,3,0.35117808823808755
2023-12-04,Comm,0.08354933333333334,0.064815,0.08562003196848997,23,4,0.650537365082098
2023-12-04,Consumer,0.08154409090909091,0.14960428571428572,0.08839039046589406,34,5,0.8814599052893826
2023-12-04,Energy,0.022403333333333334,0.0,0.0895837201348402,17,5,0.7072281645100398
2023-12-04,Financials,0.07669261111111111,-0.010938500000000007,0.06480463827682921,28,4,0.7583503639284247
2023-12-04,Healthcare,0.063808,0.0,0.09974208303807666,15,5,0.7774469440626567
2023-12-04,Industrials,0.15822523809523809,0.04646000000000001,0.09239514701999235,18,5,0.787867784817693
2023-12-04,Materials,0.0,0.12362999999999999,0.09326776436932208,1,1,0.03625384938440364
2023-12-04,RealEstate,0.20803,0.077232,0.08551855028937991,10,4,0.5086263039784631
2023-12-04,Tech,0.18694745098039217,0.07966360784313725,0.15634616974616428,68,5,0.5772776858864858
2023-12-04,Utilities,0.22261999999999998,0.16358,0.12545740608073142,6,3,0.2795223152351191
2023-12-05,Comm,0.0872971794871795,0.08354933333333334,0.08543178663802117,33,4,0.5344071544015285
2023-12-05,Consumer,0.13501333333333335,0.08154409090909091,0.08776799959709376,16,5,0.7921447605856073
2023-12-05,Energy,-0.0012753333333333338,0.022403333333333334,0.08347641224379412,17,3,0.4078177007028697
2023-12-05,Financials,0.11518333333333333,0.07669261111111111,0.06588536307994575,20,4,0.6544562407408439
2023-12-05,Healthcare,0.1391,0.063808,0.09647534821643333,7,3,0.3885973554406451
2023-12-05,Industrials,-0.06629,0.15822523809523809,0.0983797007541056,11,5,0.7420194333666041
2023-12-05,Materials,0.0,0.0,0.0847888766993837,1,1,0.03625384938440364
2023-12-05,RealEstate,0.15593,0.20803,0.0966559548085272,6,4,0.5031401674232144
2023-12-05,Tech,0.15453813725490198,0.18694745098039217,0.15912810440382136,52,5,0.4271591959819818
2023-12-05,Utilities,0.12248,0.22261999999999998,0.1342903691643013,5,4,0.45151468487754115
2023-12-06,Comm,0.04159500000000001,0.0872971794871795,0.08560136780612647,16,5,0.5846782756703292
2023-12-06,Consumer,0.06846177777777776,0.13501333333333335,0.0920630299367519,26,5,0.8403385030644572
2023-12-06,Energy,0.23260824175824174,-0.0012753333333333338,0.0757717081004189,30,5,0.48791800165271754
2023-12-06,Financials,-0.015111666666666666,0.11518333333333333,0.0703669967393446,16,4,0.701613930804395
2023-12-06,Healthcare,0.17862583333333334,0.1391,0.10035031656039392,15,4,0.5278960731289645
2023-12-06,Industrials,0.06616533333333334,-0.06629,0.08340972795827781,24,4,0.6720701949408994
2023-12-06,Materials,0.08038,0.0,0.07708079699943973,4,4,0.4405368287062228
2023-12-06,RealEstate,0.14081666666666667,0.15593,0.10204450437138837,12,4,0.6235076891729743
2023-12-06,Tech,0.188606,0.15453813725490198,0.1587108346630105,50,5,0.6393571611702284
2023-12-06,Utilities,0.14138666666666666,0.12248,0.13321669924027388,5,3,0.2873275267402534
2023-12-07,Comm,0.05658166666666666,0.04159500000000001,0.08160078891466042,12,5,0.7702153807430859
2023-12-07,Consumer,0.27937333333333336,0.06846177777777776,0.08991746155866334,19,5,0.8934788642023398
2023-12-07,Energy,-0.049162000000000004,0.23260824175824174,0.0900295747965846,21,5,0.5910026539077133
2023-12-07,Financials,0.07356666666666667,-0.015111666666666666,0.06259620915697993,10,3,0.5086263039784631
2023-12-07,Healthcare,0.15163563636363636,0.17862583333333334,0.10746627263066115,27,4,0.6022468153467514
2023-12-07,Industrials,-0.054916666666666655,0.06616533333333334,0.0818420557196465,18,5,0.5946171960888249
2023-12-07,Materials,0.01587499999999999,0.08038,0.0773807245449452,14,5,0.8367328532975332
2023-12-07,RealEstate,0.066,0.14081666666666667,0.10556924639823184,14,3,0.3408911624545505
2023-12-07,Tech,0.13998781904761906,0.188606,0.1614285769663732,61,5,0.6650547420330092
2023-12-07,Utilities,0.16547499999999998,0.14138666666666666,0.13395942355176413,14,5,0.8367328532975332
2023-12-08,Comm,0.06278999999999998,0.05658166666666666,0.07932632325575191,14,5,0.8003531640237274
2023-12-08,Consumer,-0.015177000000000001,0.27937333333333336,0.10714072262908789,23,5,0.9788459418525026
2023-12-08,Energy,0.11883714285714286,-0.049162000000000004,0.07737579526962238,32,5,0.5775698109334858
2023-12-08,Financials,0.08444,0.07356666666666667,0.06359352347604237,12,5,0.6891400775069715
2023-12-08,Healthcare,0.04376733333333333,0.15163563636363636,0.11148166933365888,16,5,0.701613930804395
2023-12-08,Industrials,0.022073333333333334,-0.054916666666666655,0.06940944459361802,12,4,0.6235076891729743
2023-12-08,Materials,0.17374,0.01587499999999999,0.07178929504085926,4,3,0.2936912191374818
2023-12-08,RealEstate,0.059199999999999996,0.066,0.10197204218021076,8,4,0.5675402538704672
2023-12-08,Tech,0.1897911181399246,0.13998781904761906,0.15947941715557734,67,5,0.6932808028599351
2023-12-08,Utilities,0.02732,0.16547499999999998,0.13682447595614922,5,4,0.45151468487754115
2023-12-11,Comm,0.0893257142857143,0.06278999999999998,0.07782302114159263,19,5,0.775657475516317
2023-12-11,Consumer,0.1575404256854257,-0.015177000000000001,0.09602092966280716,41,5,0.7945807599758281
2023-12-11,Energy,0.12795539215686275,0.11883714285714286,0.08114500868666968,65,5,0.7444917092701772
2023-12-11,Financials,0.09806392857142857,0.08444,0.06548865770549306,42,5,0.6862269782257387
2023-12-11,Healthcare,0.183059797979798,0.04376733333333333,0.10532582060635656,35,5,0.7395063109318404
2023-12-11,Industrials,0.09179114285714286,0.022073333333333334,0.06510616175177396,33,5,0.6651489658759085
2023-12-11,Materials,0.14307333333333333,0.17374,0.0810575409462357,9,5,0.7116925268847526
2023-12-11,RealEstate,0.06682333333333333,0.059199999999999996,0.0980836747092825,11,5,0.7969838358382045
2023-12-11,Tech,0.13448029251700683,0.1897911181399246,0.16223502633597256,125,5,0.7499400047892009
2023-12-11,Utilities,0.10922799999999999,0.02732,0.1268695235964993,14,5,0.7670051155227386
2023-12-12,Comm,0.13960793650793651,0.0893257142857143,0.07886872051833096,20,3,0.5379092389650771
2023-12-12,Consumer,-0.05502904761904762,0.1575404256854257,0.10161361111940885,20,5,0.8180703009260548
2023-12-12,Energy,0.029118461538461544,0.12795539215686275,0.08540049809305088,40,4,0.6297099448013213
2023-12-12,Financials,0.19304836363636363,0.09806392857142857,0.06845004596603266,28,5,0.7811008748462774
2023-12-12,Healthcare,0.09487833333333333,0.183059797979798,0.11239254582212396,22,5,0.9373681715429705
2023-12-12,Industrials,0.2564283333333333,0.09179114285714286,0.06753206912498931,27,5,0.645073255549187
2023-12-12,Materials,0.040940000000000004,0.14307333333333333,0.08669534025415367,3,3,0.27071301834358413
2023-12-12,RealEstate,0.17178333333333334,0.06682333333333333,0.09524182549328712,15,5,0.8384231749695317
2023-12-12,Tech,0.1099885,0.13448029251700683,0.15971186871606657,81,5,0.8331427803804
2023-12-12,Utilities,0.06729,0.10922799999999999,0.12526574872409027,8,5,0.6384827856042757
2023-12-13,Comm,0.160283,0.13960793650793651,0.08439046742647693,13,4,0.6385623072725615
2023-12-13,Consumer,0.070926,-0.05502904761904762,0.08737336941591281,24,5,0.8526263667160664
2023-12-13,Energy,0.13694,0.029118461538461544,0.08028394931536094,26,5,0.8099648222308021
2023-12-13,Financials,0.14062944444444442,0.19304836363636363,0.07977716575424457,22,5,0.7588218531538331
2023-12-13,Healthcare,0.023511666666666674,0.09487833333333333,0.11080034468677935,17,5,0.6139673076515729
2023-12-13,Industrials,0.20340152380952378,0.2564283333333333,0.08470445678029331,24,5,0.8788610241534837
2023-12-13,Materials,0.35363833333333333,0.040940000000000004,0.08253576386741242,10,4,0.5764431445089249
2023-12-13,RealEstate,0.257262,0.17178333333333334,0.10220014438783678,15,5,0.8384231749695317
2023-12-13,Tech,0.18216333333333332,0.1099885,0.15519156246915142,45,5,0.7626177382850187
2023-12-13,Utilities,0.133215,0.06729,0.11999522611280933,8,3,0.4256551904028505
2023-12-14,Comm,0.19019333333333335,0.160283,0.09128978856952448,9,3,0.32980873197098287
2023-12-14,Consumer,0.07650533333333334,0.070926,0.08587815401446618,22,5,0.9373681715429705
2023-12-14,Energy,0.09545666666666666,0.13694,0.08543449937760085,12,4,0.5237464589052984
2023-12-14,Financials,0.007178666666666668,0.14062944444444442,0.08530919108971728,9,3,0.38634737173743705
2023-12-14,Healthcare,0.09551000000000001,0.023511666666666674,0.10286501032131457,4,3,0.2936912191374818
2023-12-14,Industrials,0.067825,0.20340152380952378,0.09549509923749608,7,3,0.351588083493917
2023-12-14,Materials,0.0,0.35363833333333333,0.10718145200067797,5,4,0.45151468487754115
2023-12-14,RealEstate,0.051171999999999995,0.257262,0.11629667671621524,8,4,0.3648473060595861
2023-12-14,Tech,0.144896,0.18216333333333332,0.1576435416386225,35,5,0.6706207915573676
2023-12-14,Utilities,0.14246799999999998,0.133215,0.12119702373891757,9,3,0.38634737173743705
2023-12-15,Comm,-0.010206666666666668,0.19019333333333335,0.10028101991168892,7,4,0.49222331689148374
2023-12-15,Consumer,0.08664666666666666,0.07650533333333334,0.08502607940709046,18,4,0.5836057665316244
2023-12-15,Energy,0.003450769230769235,0.09545666666666666,0.08634560549478865,18,5,0.3581217203716786
2023-12-15,Financials,0.1274222857142857,0.007178666666666668,0.07820641614216722,17,3,0.5643537878413449
2023-12-15,Healthcare,0.0,0.09551000000000001,0.10219637301937687,1,1,0.03625384938440364
2023-12-15,Industrials,0.029599999999999998,0.067825,0.09297963567045098,3,2,0.1624278110061505
2023-12-15,Materials,-0.05464,0.0,0.09743768363697995,1,1,0.03625384938440364
2023-12-15,RealEstate,0.05497,0.051171999999999995,0.11037625156019568,8,2,0.2553931142417103
2023-12-15,Tech,0.10970402020202019,0.144896,0.15648467421692952,30,5,0.7481409358675002
2023-12-15,Utilities,0.050506666666666665,0.14246799999999998,0.12313074885356141,5,3,0.2873275267402535
2023-12-18,Comm,0.23851742857142857,-0.010206666666666668,0.09023668476820204,22,5,0.6051364145403986
2023-12-18,Consumer,0.06994533333333333,0.08664666666666666,0.08517340552159738,22,5,0.6928373441839346
2023-12-18,Energy,0.13226857142857143,0.003450769230769235,0.0788097112889687,34,4,0.5605400368587822
2023-12-18,Financials,0.08634,0.1274222857142857,0.0826805861032689,25,4,0.5829002658456072
2023-12-18,Healthcare,0.18146541025641025,0.0,0.09290579365397897,34,5,0.8189450183894266
2023-12-18,Industrials,0.23579380952380954,0.029599999999999998,0.0872178506095009,29,5,0.6424933536085355
2023-12-18,Materials,-0.10235000000000001,-0.05464,0.08361243966998178,5,4,0.45151468487754115
2023-12-18,RealEstate,0.16247,0.05497,0.10533931960017788,10,3,0.5086263039784631
2023-12-18,Tech,0.11359971088435372,0.10970402020202019,0.1522318874883014,102,5,0.6386740322667583
2023-12-18,Utilities,0.16233999999999998,0.050506666666666665,0.11652855956384371,5,4,0.45151468487754115
2023-12-19,Comm,0.0,0.23851742857142857,0.10371675238667719,0,0,0.0
2023-12-19,Consumer,0.0,0.06994533333333333,0.08378903532266428,0,0,0.0
2023-12-19,Energy,0.0,0.13226857142857143,0.08366960766529621,0,0,0.0
2023-12-19,Financials,0.0,0.08634,0.08301326009388081,0,0,0.0
2023-12-19,Healthcare,0.0,0.18146541025641025,0.10095666789056364,0,0,0.0
2023-12-19,Industrials,0.0,0.23579380952380954,0.10072475596534711,0,0,0.0
2023-12-19,Materials,0.0,-0.10235000000000001,0.06670676333634706,0,0,0.0
2023-12-19,RealEstate,0.0,0.16247,0.11053301781834353,0,0,0.0
2023-12-19,Tech,0.040293333333333334,0.11359971088435372,0.14871987143339707,6,1,0.13976115761755956
2023-12-19,Utilities,0.0,0.16233999999999998,0.12069323596713064,0,0,0.0
2023-12-20,Comm,0.0,0.0,0.09428795671516108,0,0,0.0
2023-12-20,Consumer,0.0,0.0,0.07617185029333118,0,0,0.0
2023-12-20,Energy,0.0,0.0,0.07606327969572384,0,0,0.0
2023-12-20,Financials,0.0,0.0,0.0754666000853462,0,0,0.0
2023-12-20,Healthcare,0.0,0.0,0.09177878899142147,0,0,0.0
2023-12-20,Industrials,0.0,0.0,0.09156795996849738,0,0,0.0
2023-12-20,Materials,0.0,0.0,0.06064251212395187,0,0,0.0
2023-12-20,RealEstate,0.0,0.0,0.10048456165303957,0,0,0.0
2023-12-20,Tech,-0.002587999999999999,0.040293333333333334,0.13886291342430038,5,1,0.12642411176571153
2023-12-20,Utilities,0.0,0.0,0.10972112360648241,0,0,0.0
2023-12-21,Comm,0.0,0.0,0.08571632428651008,0,0,0.0
2023-12-21,Consumer,0.0,0.0,0.06924713663030106,0,0,0.0
2023-12-21,Energy,0.0,0.0,0.06914843608702166,0,0,0.0
2023-12-21,Financials,0.0,0.0,0.06860600007758744,0,0,0.0
2023-12-21,Healthcare,0.0,0.0,0.08343526271947406,0,0,0.0
2023-12-21,Industrials,0.0,0.0,0.08324359997136126,0,0,0.0
2023-12-21,Materials,0.0,0.0,0.05512955647631988,0,0,0.0
2023-12-21,RealEstate,0.0,0.0,0.09134960150276324,0,0,0.0
2023-12-21,Tech,0.0214675,-0.002587999999999999,0.1260037394766367,8,1,0.15962069640106893
2023-12-21,Utilities,0.0,0.0,0.09974647600589308,0,0,0.0
2023-12-22,Comm,0.0,0.0,0.07792393116955461,0,0,0.0
2023-12-22,Consumer,0.0,0.0,0.06295194239118278,0,0,0.0
2023-12-22,Energy,0.0,0.0,0.06286221462456514,0,0,0.0
2023-12-22,Financials,0.0,0.0,0.06236909097962494,0,0,0.0
2023-12-22,Healthcare,0.0,0.0,0.07585023883588551,0,0,0.0
2023-12-22,Industrials,0.0,0.0,0.07567599997396478,0,0,0.0
2023-12-22,Materials,0.0,0.0,0.05011777861483626,0,0,0.0
2023-12-22,RealEstate,0.0,0.0,0.0830450922752393,0,0,0.0
2023-12-22,Tech,0.035144,0.0214675,0.11650044497876062,5,1,0.12642411176571153
2023-12-22,Utilities,0.0,0.0,0.0906786145508119,0,0,0.0
2023-12-26,Comm,0.0,0.0,0.07083993742686782,0,0,0.0
2023-12-26,Consumer,0.0,0.0,0.057229038537438895,0,0,0.0
2023-12-26,Energy,0.0,0.0,0.05714746784051376,0,0,0.0
2023-12-26,Financials,0.0,0.0,0.056699173617840846,0,0,0.0
2023-12-26,Healthcare,0.0,0.0,0.06895476257807773,0,0,0.0
2023-12-26,Industrials,0.0,0.0,0.06879636361269525,0,0,0.0
2023-12-26,Materials,0.0,0.0,0.045561616922578416,0,0,0.0
2023-12-26,RealEstate,0.0,0.0,0.07549553843203574,0,0,0.0
2023-12-26,Tech,0.042546,0.035144,0.109104404526146,10,1,0.17293294335267748
2023-12-26,Utilities,0.0,0.0,0.08243510413710171,0,0,0.0
2023-12-27,Comm,0.0,0.0,0.06439994311533438,0,0,0.0
2023-12-27,Consumer,0.0,0.0,0.052026398670399,0,0,0.0
2023-12-27,Energy,0.0,0.0,0.05195224349137615,0,0,0.0
2023-12-27,Financials,0.0,0.0,0.051544703288946225,0,0,0.0
2023-12-27,Healthcare,0.0,0.0,0.06268614779825248,0,0,0.0
2023-12-27,Industrials,0.0,0.0,0.06254214873881386,0,0,0.0
2023-12-27,Materials,0.0,0.0,0.04141965174779856,0,0,0.0
2023-12-27,RealEstate,0.0,0.0,0.06863230766548703,0,0,0.0
2023-12-27,Tech,0.036335,0.042546,0.10305364047831456,4,1,0.1101342071765557
2023-12-27,Utilities,0.0,0.0,0.07494100376100156,0,0,0.0
2023-12-28,Comm,0.0,0.0,0.05854540283212216,0,0,0.0
2023-12-28,Consumer,0.0,0.0,0.04729672606399908,0,0,0.0
2023-12-28,Energy,0.0,0.0,0.047229312264887406,0,0,0.0
2023-12-28,Financials,0.0,0.0,0.0468588211717693,0,0,0.0
2023-12-28,Healthcare,0.0,0.0,0.056987407089320444,0,0,0.0
2023-12-28,Industrials,0.0,0.0,0.05685649885346715,0,0,0.0
2023-12-28,Materials,0.0,0.0,0.03765422886163505,0,0,0.0
2023-12-28,RealEstate,0.0,0.0,0.06239300696862456,0,0,0.0
2023-12-28,Tech,0.017029999999999997,0.036335,0.0969883095257405,10,1,0.17293294335267748
2023-12-28,Utilities,0.0,0.0,0.06812818523727414,0,0,0.0
2023-12-29,Comm,0.0,0.0,0.053223093483747416,0,0,0.0
2023-12-29,Consumer,0.0,0.0,0.042997023694544625,0,0,0.0
2023-12-29,Energy,0.0,0.0,0.042935738422624915,0,0,0.0
2023-12-29,Financials,0.0,0.0,0.04259892833797209,0,0,0.0
2023-12-29,Healthcare,0.0,0.0,0.05180673371756402,0,0,0.0
2023-12-29,Industrials,0.0,0.0,0.05168772623042468,0,0,0.0
2023-12-29,Materials,0.0,0.0,0.03423111714694095,0,0,0.0
2023-12-29,RealEstate,0.0,0.0,0.05672091542602233,0,0,0.0
2023-12-29,Tech,0.0279675,0.017029999999999997,0.08971937229612773,8,1,0.15962069640106893
2023-12-29,Utilities,0.0,0.0,0.061934713852067405,0,0,0.0
